219a6cd4-edfe-4982-8470-39b60421ed74|The Aggregated River and Lake Ice Extent (ARLIE) product is a spatially aggregated information on surface water conditions of rivers and lakes. ARLIE information is stored in a geodatabase, enriched every day from the different River and Lake Ice Extent products (RLIE S1, RLIE S2, RLIE S1+S2) for the entire EEA38 and the United Kingdom. It provides percent coverage of snow-covered or snow-free ice on lakes and on 10 km river sections described by the EU-HYDRO river and lake network database.##The ARLIE data is stored in a PostGIS persistent geodatabase. They can be retrieved by using a specific REST API. Users can query ice sheet summary information of river segments and lakes (ARLIE statistics) together with the geometry and caracteristics of the features on which these statistics were estimated. All geometry features are delivered in the ETRS89 LAEA (EPSG:3035) coordinate reference system.##ARLIE is one of the products of the pan-European High-Resolution Snow and Ice service (HR-S&I), which are provided at high spatial resolution from the Sentinel-2 and Sentinel-1 constellations data from September 1, 2016 onwards.|Input data for the ARLIE are the WIC S1, the WIC S2 and the WIC S1+S2.
3bf542bd-eebd-4d73-b53c-a0243f2ed862|The High Resolution Layer on Imperviousness Density 2018 is a thematic product showing the sealing density in the range from 0-100% for the period 2018 (including data from 2017-2019) for the EEA-38 area and the United Kingdom. The production of the high resolution imperviousness layers is coordinated by EEA in the frame of the EU Copernicus programme.##The high resolution imperviousness products capture the percentage and change of soil sealing. Built-up areas are characterized by the substitution of the original (semi-) natural land cover or water surface with an artificial, often impervious cover. These artificial surfaces are usually maintained over long periods of time. A series of high resolution imperviousness datasets (for the 2006, 2009, 2012, 2015 and 2018 reference years) with all artificially sealed areas was produced using automatic derivation based on calibrated Normalized Difference Vegetation Index (NDVI). This series of imperviousness layers constitutes the main status layers. They are per-pixel estimates of impermeable cover of soil (soil sealing) and are mapped as the degree of imperviousness (0-100%). Imperviousness change layers were produced as a difference between the reference years (2006-2009, 2009-2012, 2012-2015, 2015-2018 and additionally 2006-2012, to fully match the CORINE Land Cover production cycle) and are presented 1) as degree of imperviousness change (-100% -- +100%), in 20m and 100m pixel size, and 2) a classified (categorical) 20m change product.##Data is provided as 10 meter rasters (fully conformant with the EEA reference grid) in 100 x 100 km tiles grouped according to the EEA38 countries and the United Kingdom.|Quality assurance follows the ISO9000 standards for Quality Management and comprises of dedicated procedures of on-going quality checks (QA breakpoints) during implementation of the production chain, in order to keep persistent control over the various stages of production, assure fitness-for-purpose of the end-products and that all quality requirements are fulfilled. Priority will be given to the target thematic accuracies to be achieved by each product, as well as to the issues of product consistency (spatial, thematic, temporal) and homogeneity.#Quality Assessment: The quality assessment has been performed according to INSPIRE Data Specifications. The data quality elements considered are:#Completeness,#Logical Consistency,#Thematic Accuracy,#Temporal quality and#Usability.#Each of them (excl. the Thematic Accuracy hereafter) forms a section in the QA/QC Procedures.
524fa72f-61d7-4364-801e-3e271d7b10bc|The High Resolution Layer on Imperviousness Density 2018 with 100 m resolution is a thematic product showing the sealing density in the range from 0-100% in an aggregated version (100m) for the period 2018 (including data from 2017-2019) for the EEA-38 area and the United Kingdom. The production of the high resolution imperviousness layers is coordinated by EEA in the frame of the EU Copernicus programme.##The high resolution imperviousness products capture the percentage and change of soil sealing. Built-up areas are characterized by the substitution of the original (semi-) natural land cover or water surface with an artificial, often impervious cover. These artificial surfaces are usually maintained over long periods of time. A series of high resolution imperviousness datasets (for the 2006, 2009, 2012, 2015 and 2018 reference years) with all artificially sealed areas was produced using automatic derivation based on calibrated Normalized Difference Vegetation Index (NDVI). This series of imperviousness layers constitutes the main status layers. They are per-pixel estimates of impermeable cover of soil (soil sealing) and are mapped as the degree of imperviousness (0-100%). Imperviousness change layers were produced as a difference between the reference years (2006-2009, 2009-2012, 2012-2015, 2015-2018 and additionally 2006-2012, to fully match the CORINE Land Cover production cycle) and are presented 1) as degree of imperviousness change (-100% -- +100%), in 20m and 100m pixel size, and 2) a classified (categorical) 20m change product.##The dataset in 100 meter aggregate raster (fully conformant with the EEA reference grid) is provided as a full EEA38 and United Kingdom mosaic.|Quality assurance follows the ISO9000 standards for Quality Management and comprises of dedicated procedures of on-going quality checks (QA breakpoints) during implementation of the production chain, in order to keep persistent control over the various stages of production, assure fitness-for-purpose of the end-products and that all quality requirements are fulfilled. Priority will be given to the target thematic accuracies to be achieved by each product, as well as to the issues of product consistency (spatial, thematic, temporal) and homogeneity.#Quality Assessment: The quality assessment has been performed according to INSPIRE Data Specifications. The data quality elements considered are:#Completeness,#Logical Consistency,#Thematic Accuracy,#Temporal quality and#Usability.#Each of them (excl. the Thematic Accuracy hereafter) forms a section in the QA/QC Procedures.
a807e528-431a-4dca-a6cd-0e8947563fce|The Share of Built-up (SBU) layer for the reference year 2018 represents share (percentage) of built-up (IBU) for the reference year 2018 in an aggregated version of 100m spatial resolution for the EEA38 countries and the United Kingdom. The production of the high resolution imperviousness layers is coordinated by the EEA in the frame of the EU Copernicus programme. ##The high resolution imperviousness products capture the percentage and change of soil sealing. Built-up areas are characterized by the substitution of the original (semi-) natural land cover or water surface with an artificial, often impervious cover. These artificial surfaces are usually maintained over long periods of time. A series of high resolution imperviousness datasets (for the 2006, 2009, 2012, 2015 and 2018 reference years) with all artificially sealed areas was produced using automatic derivation based on calibrated Normalized Difference Vegetation Index (NDVI). This series of imperviousness layers constitutes the main status layers. They are per-pixel estimates of impermeable cover of soil (soil sealing) and are mapped as the degree of imperviousness (0-100%). Imperviousness change layers were produced as a difference between the reference years (2006-2009, 2009-2012, 2012-2015, 2015-2018 and additionally 2006-2012, to fully match the CORINE Land Cover production cycle) and are presented 1) as degree of imperviousness change (-100% -- +100%), in 20m and 100m pixel size, and 2) a classified (categorical) 20m change product.##The 100 meter aggregate raster (fully conformant with the EEA reference grid) is provided as a full EEA38 and United Kingdom mosaic.|Quality assurance follows the ISO9000 standards for Quality Management and comprises of dedicated procedures of on-going quality checks (QA breakpoints) during implementation of the production chain, in order to keep persistent control over the various stages of production, assure fitness-for-purpose of the end-products and that all quality requirements are fulfilled. Priority will be given to the target thematic accuracies to be achieved by each product, as well as to the issues of product consistency (spatial, thematic, temporal) and homogeneity.#Quality Assessment: The quality assessment has been performed according to INSPIRE Data Specifications. The data quality elements considered are:#Completeness,#Logical Consistency,#Thematic Accuracy,#Temporal quality and#Usability.#Each of them (excl. the Thematic Accuracy hereafter) forms a section in the QA/QC Procedures.
3e412def-a4e6-4413-98bb-42b571afd15e|The Impervious Built-up (IBU) layer for the reference year 2018 is a thematic product showing the binary information of building (class 1) and no building (class 0) within the sealing outline derived from the Imperviousness Density layer for the period 2018 for the EEA38 countries and the United Kingdom. The production of the high resolution imperviousness layers is coordinated by the EEA in the frame of the EU Copernicus programme.##The high resolution imperviousness products capture the percentage and change of soil sealing. Built-up areas are characterized by the substitution of the original (semi-) natural land cover or water surface with an artificial, often impervious cover. These artificial surfaces are usually maintained over long periods of time. A series of high resolution imperviousness datasets (for the 2006, 2009, 2012, 2015 and 2018 reference years) with all artificially sealed areas was produced using automatic derivation based on calibrated Normalized Difference Vegetation Index (NDVI). This series of imperviousness layers constitutes the main status layers. They are per-pixel estimates of impermeable cover of soil (soil sealing) and are mapped as the degree of imperviousness (0-100%). Imperviousness change layers were produced as a difference between the reference years (2006-2009, 2009-2012, 2012-2015, 2015-2018 and additionally 2006-2012, to fully match the CORINE Land Cover production cycle) and are presented 1) as degree of imperviousness change (-100% -- +100%), in 20m and 100m pixel size, and 2) a classified (categorical) 20m change product.##The dataset is provided as 10 meter rasters (fully conformant with the EEA reference grid) in 100 x 100 km tiles grouped according to the EEA38 and the United Kingdom.|Quality assurance follows the ISO9000 standards for Quality Management and comprises of dedicated procedures of on-going quality checks (QA breakpoints) during implementation of the production chain, in order to keep persistent control over the various stages of production, assure fitness-for-purpose of the end-products and that all quality requirements are fulfilled. Priority will be given to the target thematic accuracies to be achieved by each product, as well as to the issues of product consistency (spatial, thematic, temporal) and homogeneity.#Quality Assessment: The quality assessment has been performed according to INSPIRE Data Specifications. The data quality elements considered are:#Completeness,#Logical Consistency,#Thematic Accuracy,#Temporal quality and#Usability.#Each of them (excl. the Thematic Accuracy hereafter) forms a section in the QA/QC Procedures.
e3284161-abef-4a2e-a291-cd8ce1cab54e|The High Resolution Layer Imperviousness Change (IMC) 2015-2018 is a 20m raster dataset showing change in imperviousness between 2015 and 2018 reference years, produced in the frame of the EU Copernicus programme.##The high resolution imperviousness products capture the percentage and change of soil sealing. Built-up areas are characterized by the substitution of the original (semi-) natural land cover or water surface with an artificial, often impervious cover. These artificial surfaces are usually maintained over long periods of time. A series of high resolution imperviousness datasets (for the 2006, 2009, 2012, 2015 and 2018 reference years) with all artificially sealed areas was produced using automatic derivation based on calibrated Normalized Difference Vegetation Index (NDVI). This series of imperviousness layers constitutes the main status layers. They are per-pixel estimates of impermeable cover of soil (soil sealing) and are mapped as the degree of imperviousness (0-100%). Imperviousness change layers were produced as a difference between the reference years (2006-2009, 2009-2012, 2012-2015, 2015-2018 and additionally 2006-2012, to fully match the CORINE Land Cover production cycle) and are presented 1) as degree of imperviousness change (-100% -- +100%), in 20m and 100m pixel size, and 2) a classified (categorical) 20m change product. ##This dataset is provided as 20 meter rasters (fully conformant with EEA reference grid) in 100 x 100 km tiles grouped according to the EEA38 countries and the United Kingdom.|Quality assurance follows the ISO9000 standards for Quality Management and comprises of dedicated procedures of ongoing quality checks (QA breakpoints) during implementation of the production chain, in order to keep persistent control over the various stages of production, assure fitness-for-purpose of the end-products and that all quality requirements are fulfilled. Priority has been given to the target thematic accuracies to be achieved by each product, as well as to the issues of product consistency (spatial, thematic, temporal) and homogeneity. Quality Assessment: The quality assessment has been performed according to INSPIRE Data Specifications. The data quality elements considered are:#(i) Completeness,#(ii) Logical Consistency,#(iii) Thematic Accuracy,#(iv) Temporal quality and#(v) Usability.#Each of them (excl. the Thematic Accuracy hereafter) forms a section in the QA/QC Procedures.##IMPORTANT: Please be aware that we are currently investigating the reliability of the magnitude of imperviousness increase that was mapped for the 2015-2018 period. The change products (as mapped) show a significant increase of the speed to soil sealing/imperviousness as compared to the previous periods for which we have change data (2006-2009, 2009-2012 and 2012-2015). We are confident that the trend and the spatial pattern of the trend reflects reality, but the magnitude of the increase needs to be further investigated.
64b34cd9-05b4-4e18-8e7b-15394d3fdb5c|The Copernicus High Resolution Forest Layer Tree Cover Change Mask (TCCM) 2012-2015 raster product provides information on the change between the reference years 2012 and 2015 and consists of 4 thematic classes (unchanged areas with no tree cover / new tree cover / loss of tree cover / unchanged areas with tree cover) at 20m spatial resolution and covers EEA38 area and the United Kingdom. The production of the High Resolution Forest layers was coordinated by the European Environment Agency (EEA) in the frame of the EU Copernicus programme.##The High Resolution Forest product consists of three types of (status) products and additional change products. The status products are available for the 2012, 2015 and 2018 reference years: 1. Tree cover density providing level of tree cover density in a range from 0-100%; 2. Dominant leaf type providing information on the dominant leaf type: broadleaved or coniferous; 3. A Forest type product. The forest type product allows to get as close as possible to the FAO forest definition. In its original (20m) resolution it consists of two products: 1) a dominant leaf type product that has a MMU of 0.5 ha, as well as a 10% tree cover density threshold applied, and 2) a support layer that maps, based on the dominant leaf type product, trees under agricultural use and in urban context (derived from CLC and high resolution imperviousness 2009 data). For the final 100m product trees under agricultural use and urban context from the support layer are removed.|The Tree Cover Change Mask (TCCM) 2012-2015 is a change product based on the experimental and unpublished Dominant Leaf Type Change (DLTC) product 2012-2015 from the HRL 2015 production. First, the experimental DLTC product has been recoded to the new TCCM specifications of the HRL 2018 production. Subsequently, the resulting change classes are filtered according to the specified Minimum Mapping Unit (MMU) of 1 ha. The product covers the whole EEA39 area and is provided in European projection. National products might show a broken MMU due to reprojection.#Quality assurance follows the ISO 9001:2015 standards for Quality Management and comprises of dedicated procedures of quality checks (QA breakpoints) during implementation of the production chain, in order to keep persistent control over the various stages of production, assure fitness-for-purpose of the end-products and that all quality requirements are fulfilled. Priority has been given to the target thematic accuracy to be achieved by each product, as well as to the issues of product consistency (spatial, thematic, temporal) and homogeneity. Quality Assessment: The quality assessment has been performed according to INSPIRE Data Specifications. The data quality elements considered are: (i) Completeness, (ii) Logical Consistency, (iii) positional accuracy, (iv) Thematic Accuracy, (v) Temporal quality and (vi) Usability.#Geometric accuracy (positioning scale): Less than one pixel (20m) according to ortho-rectified satellite image base delivered by ESA. #Thematic target accuracy: not assessed.
205e2db2-4e35-4b1b-bf84-271c4a82248c|The Coastal Zones (CZ) LC/LU product for 2018 is providing a detailed Land Cover / Land Use (LC/ LU) dataset for areas along the coastline of the EEA38 countries and the United Kingdom, with reference year 2018 for the classification. This product monitors landscape dynamics in European coastal territory to an inland depth of 10 km with a total area of approximately 730,000 km², with all the relevant areas (estuaries, coastal lowlands, nature reserves). The production of the coastal zone layers was coordinated by the European Environment Agency (EEA) in the frame of the EU Copernicus programme, as part of the Copernicus Land Monitoring Service (CLMS) Local Component.##The Coastal Zones product covers a buffer zone of coastline derived from EU-Hydro v1.1. Land Cover/Land Use (LC/LU) layer is extracted from Very High Resolution (VHR) satellite data and other available data. The class definitions follow the pre-defined nomenclature on the basis of Mapping and Assessment of Ecosystems and their Services (MAES) typology of ecosystems (Level 1 to Level 4) and CORINE Land Cover adapted to the specific characteristics of coastal zones. The classification provides 71 distinct thematic classes with a Minimum Mapping Unit (MMU) of 0.5 ha and a Minimum Mapping Width (MMW) of 10 m. The product is available for the 2012 and 2018 reference year including change mapping.##This CZ dataset is distributed in vector format, in a single OGC GeoPackage SQLite file covering the area of interest.|Computer assisted visual mapping of LC/LU for reference year 2018. The main dataset for visual image interpretation of reference year 2018 was the VHR_IMAGE_2018 dataset (Optical VHR coverage of EEA-39 2017-2019), consisting of 2m Pléiades, Kompsat 3/3A, SuperView-1 and 4m SPOT-6/7, TripleSat, PlanetScope and Deimos satellite data. The nomenclature is the basis of the MAES typology of ecosystems adapted to the specific needs of coastal zones monitoring and it is composed by 71 classes.#Positional Accuracy: less than 5 m (according to geo-location accuracy of satellite imagery delivered by ESA: less than 5m RMSE). Thematic accuracy (area-corrected Overall Accuracy): 97.7%. Accuracy Assessment approach: Stratified Random Point Sampling with 60001 sampling points. Interpretation of sampling points has been performed on the best available reference data.#The Minimum Mapping Unit is 0.5 ha.#The Minimum Mapping Width is 10 m.
fe8d5d51-36ab-46d4-be61-dcfad7c308f1|The Coastal Zones (CZ) LC/LU product for 2012 is providing a detailed Land Cover / Land Use (LC/ LU) dataset for areas along the coastline of the EEA38 countries and the United Kingdom, with reference year 2012 for the classification. This product monitors landscape dynamics in European coastal territory to an inland depth of 10 km with a total area of approximately 730,000 km², with all the relevant areas (estuaries, coastal lowlands, nature reserves). The production of the coastal zone layers was coordinated by the European Environment Agency (EEA) in the frame of the EU Copernicus programme, as part of the Copernicus Land Monitoring Service (CLMS) Local Component.##The Coastal Zones product covers a buffer zone of coastline derived from EU-Hydro v1.1. Land Cover/Land Use (LC/LU) layer is extracted from Very High Resolution (VHR) satellite data and other available data. The class definitions follow the pre-defined nomenclature on the basis of Mapping and Assessment of Ecosystems and their Services (MAES) typology of ecosystems (Level 1 to Level 4) and CORINE Land Cover adapted to the specific characteristics of coastal zones. The classification provides 71 distinct thematic classes with a Minimum Mapping Unit (MMU) of 0.5 ha and a Minimum Mapping Width (MMW) of 10 m. The product is available for the 2012 and 2018 reference year including change mapping. ##This CZ dataset is distributed in vector format, in a single OGC GeoPackage SQLite file covering the area of interest.|Computer assisted visual mapping of LC/LU for reference year 2012. The main dataset for visual image interpretation of reference year 2012 was the DWH_MG2b_CORE_03 dataset (Optical VHR2 coverage over EU 2011-2013), mainly consisting of 1.5m VHR2 SPOT-6 and 2.5m VHR2 SPOT-5 HRG and 2m Pléiades satellite data. The nomenclature is the basis of the MAES typology of ecosystems adapted to the specific needs of coastal zones monitoring and it is composed by 71 classes.#Positional Accuracy: less than 5 m (according to geo-location accuracy of satellite imagery delivered by ESA: less than 5m RMSE). Thematic accuracy (area-corrected Overall Accuracy): 97.9%. Accuracy Assessment approach: Stratified Random Point Sampling with 60001 sampling points. Interpretation of sampling points has been performed on the best available reference data.#The Minimum Mapping Unit is 0.5 ha.#The Minimum Mapping Width is 10 m.
c88e743d-e838-49e1-8c80-54f26bcf4ab8|The Coastal Zones LC/LU Change (CZC) 2012-2018 is providing the Land Cover / Land Use (LC/ LU) change for areas along the coastline of the EEA38 countries and the United Kingdom, between the reference years 2012 and 2018. The Coastal Zones product monitors landscape dynamics in European coastal territory to an inland depth of 10 km with a total area of approximately 730,000 km², with all the relevant areas (estuaries, coastal lowlands, nature reserves). The production of the coastal zone layers was coordinated by the European Environment Agency (EEA) in the frame of the EU Copernicus programme, as part of the Copernicus Land Monitoring Service (CLMS) Local Component.##The Coastal Zones Change product covers a buffer zone of coastline derived from EU-Hydro v1.1. The Land Cover/Land Use (LC/LU) Change layer is extracted from Very High Resolution (VHR) satellite data and other available data. The reference years for the change are 2012 and 2018. The class definitions follow the pre-defined nomenclature on the basis of Mapping and Assessment of Ecosystems and their Services (MAES) typology of ecosystems (Level 1 to Level 4) and CORINE Land Cover adapted to the specific characteristics of coastal zones. The classification provides 71 distinct thematic classes with a Minimum Mapping Unit (MMU) of 0.5 ha and a Minimum Mapping Width (MMW) of 10 m. The status product is available for the 2012 and 2018 reference years. ##This CZC dataset is distributed in vector format, in a single OGC GeoPackage file covering the area of interest.|Computer assisted visual mapping of LC/LU change between the reference years 2012 and 2018. The main dataset for visual image interpretation of reference year 2012 was the DWH_MG2b_CORE_03 dataset (Optical VHR2 coverage over EU 2011-2013) while for reference year 2018 was the VHR_IMAGE_2018 dataset (Optical VHR coverage of EEA-39 2017-2019), consisting of 2m Pléiades, Kompsat 3/3A, SuperView-1 and 4m SPOT-6/7, TripleSat, PlanetScope and Deimos satellite data. The nomenclature is the basis of the MAES typology of ecosystems adapted to the specific needs of coastal zones monitoring and it is composed by 71 classes.#Positional Accuracy: less than 5 m (according to geo-location accuracy of satellite imagery delivered by ESA: less than 5m RMSE). Thematic accuracy (area-corrected Overall Accuracy): 99.6%. Accuracy Assessment approach: Stratified Random Point Sampling with 11619 sampling points. Interpretation of sampling points has been performed on the best available reference data.#The Minimum Mapping Unit is 0.5 ha.#The Minimum Mapping Width is 10 m.
5c1f2e03-fcba-47b1-afeb-bc05a47bada0|Corine Land Cover 1990 (CLC1990) is one of the Corine Land Cover (CLC) datasets produced within the frame the Copernicus Land Monitoring Service referring to land cover / land use status of year 1990.##CLC service has a long-time heritage (formerly known as "CORINE Land Cover Programme"), coordinated by the European Environment Agency (EEA). It provides consistent and thematically detailed information on land cover and land cover changes across Europe.##CLC datasets are based on the classification of satellite images produced by the national teams of the participating countries - the EEA members and cooperating countries (EEA39). National CLC inventories are then further integrated into a seamless land cover map of Europe. The resulting European database relies on standard methodology and nomenclature with following base parameters: 44 classes in the hierarchical 3-level CLC nomenclature; minimum mapping unit (MMU) for status layers is 25 hectares; minimum width of linear elements is 100 metres. Change layers have higher resolution, i.e. minimum mapping unit (MMU) is 5 hectares for Land Cover Changes (LCC), and the minimum width of linear elements is 100 metres. ##The CLC service delivers important data sets supporting the implementation of key priority areas of the Environment Action Programmes of the European Union as e.g. protecting ecosystems, halting the loss of biological diversity, tracking the impacts of climate change, monitoring urban land take, assessing developments in agriculture or dealing with water resources directives. part of the European Copernicus Programme coordinated by the European Environment Agency, providing environmental information from a combination of air- and space-based observation systems and in-situ monitoring.|Release date: 24-02-2020#File naming conventions simplified and better described. New file naming convention has been introduced based on user feedback on version 20. Filename is composed of combination of information about update campaign, data theme and reference year and version specification (including release year and release number).##The French DOMs are provided in separate databases (files both for vector and raster version of data).##All raster layers are back in 8 bit GeoTIFF. Modification is introduced based on the user feedback on version 20. In order to keep 8 bit resolution for raster change layers, they are divided into two files - representing consumption (from) and formation (to) part of change.##European Corine Land Cover seamless DBs represent the final product of European data integration. The process of data integration started when national deliveries have been accepted and the Database Acceptance Report (DBTA) delivered . Delivered national data were produced in local national systems of all participating countries. Each national Coordinate Reference System (CRS) definition had to be known precisely together with its geometric relationship to a standard system in order to accurately transfer all national data into a standard European coordinate reference - ETRS89/LAEA1052.#Mostly, the process itself was carried out by global equation-based transformation to ETRS89 (e.g. seven-parameters Bursa-Wolf methods). The accuracy of a particular transformation ranges from centimetres to meters depending on the method and the quality and number of control points available to define the transformation parameters, but, in any case, the accuracy is far above the actual CLC data resolution (for more details see the DBTA reports for particular country). National data, when transformed into the common European reference, are introduced into tiled pan-European structure and as final step seamless dataset is produced.##In order to achieve production of the real seamless European database, the integration step includes also harmonization of database along country borders. It consists from edge-matching of land cover polygons from the national databases across national borders done by a verification / re-interpretation of the satellite images in the border regions (2 km wide strip along borders). The satellite images from IMAGE2000. CLC1990, CHA9000 and CLC2000 database were harmonized this way, but the order to priority was as following: CLC2000, both geometric and thematic adaptations of all polygons in a 2 km strip along national boundary lines; CHA9000 database to ensure that#changes in CLC2000 are consistent with the change database; corrected CLC90 (if provided by the MS); corrections were focused to geometric adaptations in semi-automatical way based on CLC00 and CHA00 databases. Border harmonization step has been skipped for CHA0006, CHA0612, CLC2012 and CLC2018 datasets. Simplified border harmonization step for CLC2006 dataset has been created for these countries: CH, NO, KO, TR, IE.#A simplified border matching has been applied:#- <25 ha polygons are NOT systematically removed (see next bullet).#- Sliver-like polygons (area < cca. 5 ha - soft limit) are generalised to largest or thematically most similar neighbour.#- CLC-code differences in polygons along two sides of the border are NOT changed#Only polygons with area <= 0,1ha were eliminated in CHA0006, CHA0612, CLC2012 and for CLC2018 datasets and CLC2006 dataset (besides the above-mentioned cases) and in parts newly added in campaigns 2006 and 2012 too##Note: Some artificial lines (dividing polygons with the same code) can be still present in database due to technical constraints of current ArcGIS technology, but has no impact for dataset contents and can be dissolved for data extracts.##Version 20#Release date: 14-06-2019#Vector CLC database was provided by National Teams within original CLC1990 & CLC2000 update, FTSP/CLC2006 update, CLC2012 update and CLC2018 update projects. All features in original vector database were classified and digitised based on satellite images with 100 m positional accuracy (according to CLC specifications) and 25 ha minimum mapping unit into the standardized CLC nomenclature (44 CLC classes).##Version 18 (V18)#Release date: 19-09-2016 (see V18_5_1)#Main purpose of the release: Publication of the final, corrected CLC 2012 data.#The 4th CLC inventory for the reference year of 2012 was produced under the Copernicus Initial Operations (GIO). It has the shortest production time in history of CLC. Two high-resolution satellite image coverages (IRS Resourcesat-1/2, SPOT-4/5, RapidEye constellation) taken in 2011-2012 provided multi-temporal information to support the update. Computer Assisted Photointerpretation (CAPI) was the prevailing methodology applied in interpreting of satellite images. FI, DE, IC, IE, NO, ES and SE applied a semi-automatic methodology. UK has turned from semiautomatic processing to CAPI because no national hi-res dataset was available for 2012. Most of the QC was conducted in remote verifications. IT and ES were verified by regions. In producing the European products, a simplified border matching was applied (see Version 15).# Changes from previous main release (Version 17): #* Inclusion of CLC 2012 layers for all the EEA39 countries.#* Production of CLC 2006 for Greece (in V18_3) and all CLCs for Channel Islands (V18_1).#* Revised CLC 2000 and CLC 2006 layers were made available (V18_5).#* Change in rasterization algorithm (V18_2).#Known problems: #* Some redundant lines between neighbouring polygons with the same code are still present, but only as result of persisting ‘adaptive tilling’ procedure (limitation of ESRI ArcGIS technology for large datasets).#* Polygons <25 ha can be present along national borders and along 'adaptive tilling' tiles boundaries.## for full information about the coverage of this version.## for full information about all sub-versions of this version.##Version 17 (V17)#Release date: 02-12-2013#Main purpose of the release: Maintenance / Increased European coverage of CLC time series data.#Changes from previous release (V16): #* Full CLC and CLCC data time series (from CLC 1990 to CLC 2006 including all CLCC datasets) has been included for the Autonomous Region of the Azores (PT). ##Version 16 (V16)#Release date: 15-04-2012 #Main purpose: Maintenance / Increased and improved European coverage of CLC time series data.#Changes from previous release (V15): #* CLC 1990 coverage: TR has been delivered CLC 1990 and CLCC (1990, 2000) data. Still missing CLC 1990 data: AL, BA, CH, CY, FI, IS, MK, NO, SE, UK and the XK.#* CLC 2000_revised layer covering 27 countries was included (CLC 2000 data revised during production of CLC 2006).#* Shift in MT geographic position has been corrected. All CLC layers for MT have been re-projected.#* A few coding inconsistences were corrected.##Version 15 (V5) #Release date: 20-07-2011 #Main purpose: Publication of final CLC2 006 data.#The 3rd CLC inventory for the reference year of 2006 was produced under GMES Fast Track Service on Land Monitoring. The CLCC database was considered as the primary product, and a uniform change mapping methodology was agreed. Dual date satellite imagery (SPOT-4/5 and IRS P6) taken in 2005-2007 provided enhanced change mapping capabilities. Some of the countries newly entering CLC have produced CLC 2000 datasets also during the project time frame. Scanned topographic maps and digital aerial ortho-imagery have become commonly available. CAPI was the prevailing method applied in interpreting of satellite images. Nevertheless, FI, IS, NO, SE and the UK applied a semiautomatic methodology. Most of the European QC was conducted by visiting national teams (see Version 2). In some cases, remote verification was applied (without mission to countries). ES and IT were verified by regions. #Changes from previous release (V14 (V4)): #* CLC 2006 data covering Great Britain (part of UK) and TR were delivered. Thus, CLC 2006 European coverage includes 38 countries of the EEA39. Still missing CLC 2006 data for Greece.#* A simplified border matching was applied for countries new in CLC: XK, NO, CH and Türkiye: 1) <25 ha polygons along the borders are not removed systematically; 2) sliver-like polygons (area < cca. 5 ha) are generalised to largest or thematically most similar neighbour. #* For the rest of CLC 2006 countries a simple border-matching was applied. Code differences along two sides of borders are not changed. Only polygons with area ≤ 0,1 ha (sliver polygons) are eliminated. #* Data dissemination: CLC data become freely accessible from the EEA to any person or legal entity.##Version 14 (V4)#Release date: 25-10-2010#Main purpose: Maintenance / Increased European coverage of CLC 2006 and CLC 2000 data.#Changes from previous release (V13 (V3)): #* CLC 2006 European coverage includes 37 full countries of EEA39. New data for Northern Ireland (part of the UK), Madeira Islands (part of PT), CH, IS and TR were added to CLC 2006 data. Still missing CLC 2006: GR and the UK (except Northern Ireland).#* New data for Madeira Islands (PT), CH and IS were added into the European CLC 2000 coverage, which includes already the EE39. However, CLCC (1990, 2000) is available for 28 countries only.#* New data for Madeira Islands (PT) were added into CLC 1990 and CLCC (1990, 2000). Still missing CLC 1990 data: AL, BA, CH, CY, FI, IS, MK, NO, SE, TR, UK and XK.##The seamless European database has been further improved addressing feedback from the EEA on V13 (V3):#* No-data buffer (code 999) outside of valid data area was deleted.#* Small gaps identified in V13 were corrected by tolerance adaptation in ArcGIS v10 geodatabase.#* Remaining neighbour polygons with the same code were resolved by additional dissolve operation.##Version 13 (V3)#Release date: 02/2010 #Main purpose: Publication of initial European coverage of CLC 2006 data. #Changes from previous release (V2): #* Version numbering was changed to harmonise vector data (V3) and derived raster data (V13) releases. #* First seamless release in ESRI Geodatabase format.#* Initial coverage of CLC 2006 including 35 countries and Northern Ireland (part of the UK). Missing countries in CLC 2006: GR, CH, TR and the UK (except Northern Ireland).#* Two updates added to CLC 2000: a new version for NO and the first CLC dataset for TR.#* Sea buffer around land has been introduced (15 km as proxy to 12 nautical miles’ sea zone).##Version 2 (V2)#Release date: 09/2009#Main purpose: Publication of final CLC 2000 coverages.#The 2nd CLC inventory for the reference year of 2000 (CLC 2000) was carried out in the frames of I&CLC 2000 project. A single date Landsat-7 ETM satellite imagery taken in 1999-2001 was provided by JRC. The technology of drawing the interpretation on transparencies was discarded and replaced by CAPI (computer-assisted photo-interpretation). Prior to mapping changes CLC 1990 data had to be corrected: 1) bulk geometric mistakes removed and residual geometric errors >100 m and coding mistakes were corrected; 2) polygons smaller than the 25 ha MMU were generalised. European QC was conducted by visiting national teams (usually at the start and towards the end of the project). Computer-assisted verification has provided written, geo-located explanations regarding the mistakes and supported harmonized production of the database all over Europe. #Changes from previous release (V1): #* It was to deliver a single seamless layer, but was not feasible in ESRI environment. Therefore, seamless ESRI ArcInfo Librarian map tiles were produced again (but free of tiling artefacts reported in V1). #* New country deliveries integrated into European CLC 2000 ME, RS (incl. XK), IS and NO. Simple harmonization along national borders of these countries was done (small artefacts cleaned only). #* CLC 2000 data for MT have been updated to reflect changed geometry in CLC 2006 delivery.#* The dissemination and use of products was defined in an agreement between the EEA, the EC and the participating countries.##Version 1 (V1)#Release date: 08/2005 #Main purpose: Publication of initial European coverage of CLC 2000 and CLCC (1990, 2000) data.#Changes from previous release (V0): #* The first consolidated version of European CLC data have been produced as integrated and harmonised seamless layer in ESRI ArcInfo Workstation Librarian map tiles.#* The production of the first CLCC database has started, but no consolidated methodology was available.#* Initial CLC 2000 coverage included 32 countries: AL, AT, BE, BA, BG, CY, CZ, DE, DK, EE, ES, FI, FR, GR, HR, HU, IE, IT, LV, LI, LT, LU, MK, MT, NL, PL, PT, RO, SI, SK, SE and the UK. Missing countries in CLC 2000: CH, IS, ME, NO, RS (including XK) and TR.#* CLC 1990 for most of the countries has been replaced by revised CLC 1990. Some additional countries have produced CLC 1990. Still missing in CLC 1990 European coverage: CY, LI, MT, SE and UK. #* Full harmonization (visual re-interpretation by keeping the 25 ha MMU) inside a 5-km wide strip along national borders was done including 32 countries for CLC 2000 and 24 countries for CLCC (1990, 2000). #* Semi-automatic harmonisation of 2-km wide strip along national borders was done for CLC 1990. #* Vector to raster conversion: “cell centre” method was applied.#* The 25 ha MMU is considered as hard limit. Polygons <25 ha were generalised.#* Dual ownership of CLC and CLCC data (EEA and the country) was introduced. ##Version 0 (V0)#Release dates: up to 12/2000#Main purpose: Distribution of country-level CLC 1990 data and creation of European raster products.#The period of the first CLC inventory was rather long (1985-1996) and 1990 is considered as reference year. CLC 1990 data delivered by countries became part of GISCO database. Releases were provided bi-annually. Following political changes in Central and Eastern Europe 10 additional countries joined. The methodology was visual photointerpretation by drawing the CLC map on transparency, placed on top of satellite image hardcopy at scale 1:100.000.#* CLC 1990 vector and raster data were initially available for 12 countries: AT, BE, DE, DK, ES, FR, GR, IE, IT, LU, NL and PT. Raster only data were available for FI and UK.#* The EC Phare programme supported the implementation of CLC 1990 in 11 countries of Central and Eastern Europe between 1992 and 1998: BG, CZ and SK, EE, LV, LT, HU, PL, RO and SI.#* Integrated European vector dataset was available as ESRI ArcInfo Librarian and derived raster products as ESRI grids in 100m and 250m resolution.#* Data dissemination policy was unclear.
8aef5abd-3146-4b38-a869-afb9a97c037e|The Copernicus River and Lake Ice Extent (RLIE) products provide pixel-based information about ice presence on rivers and lakes. There are several RLIE products available for the entire EEA38 and the United Kingdom, depending on their data source. RLIE S1 and RLIE S2 are generated in near real-time based on observations from the Sentinel-1 and the Sentinel-2 constellations respectively while RLIE S1+S2 is a delayed-time product derived from the previous products - an RLIE S2 for a given day is enriched with RLIE S1 of the same day.##All RLIE products are distributed in raster files covering an area of 110 km by 110 km with a pixel size of 60 m by 60 m in UTM/WGS84 projection, which corresponds to the Sentinel-2 L1C product tile. They inform of the presence of snow-covered or snow-free ice on the various water bodies described by the EU-HYDRO river and lake network database. Each product is composed of three separate files corresponding to the different layers of the product, and another metadata file.##The RLIE products are part of the products of the pan-European High-Resolution Snow & Ice service (HR-S&I), which are provided at high spatial resolution (20 m x 20 m and 60 m x 60 m), from the Sentinel-2 and Sentinel-1 constellations data from September 1, 2016 onwards.|The Sentinel-2 L1C product is converted into L2A using the MAJA processor, which performs atmospheric correction and provides an accurate cloud mask. A supervised classification method using multi-spectral indices is performed on L2A images. Pixels are assigned to one of the following classes: (1) open water, (2) snow-covered or snow-free ice and (3) other features (mainly vegetation and bare soil).
add40e90-0175-49af-a641-361dda3c7e1d|The Copernicus Wet/Dry Snow (WDS) product is generated in near real-time for the entire EEA38 and the United Kingdom, based on radar satellite data from the Sentinel-1 constellation. The product differentiates the snow state conditions within the snow mask defined by the FSCTOC information (snow fraction at the top of canopy - see the Copernicus Fractional Snow Cover product) with a spatial resolution of 60 m x 60 m. In other words, it provides a binary discrimination of wet and dry snow, identifying patchy snow or snow free areas.##The WDS product is distributed in raster files covering an area of 110 km by 110 km with a pixel size of 60 m by 60 m in UTM/WGS84 projection, which corresponds to the Sentinel-2 input L1C product tile. Each product is composed of two separate GeoTIFF files corresponding to the different layers of the product (the snow state classification -SSC- and the associated quality layer -QCSSC-) and a metadata file.##The WDS is one of the products of the pan-European High-Resolution Snow & Ice service (HR-S&I), which are provided at high spatial resolution (20 m x 20 m and 60 m x 60 m), from the Sentinel-2 and Sentinel-1 constellations data from September 1, 2016 onwards.|Comprehensive information about the product and its documentation can be accessed by following the links provided in the Links section.
47ac5988-e647-4481-9479-ccee7c2cd9b9|The Copernicus SAR Wet Snow (SWS) product is generated in near real-time for the entire EEA38 and the United Kingdom, based on radar satellite data from the Sentinel-1 constellation. The product provides binary information on the wet snow extent and the snow free or patchy snow or dry snow extent in high mountain areas with a spatial resolution of 60 m x 60 m. ##The SWS product is distributed in raster files covering an area of 110 km by 110 km with a pixel size of 60 m by 60 m in UTM/WGS84 projection, which corresponds to the Sentinel-2 input L1C product tile. It is available in several mountainous regions in Iceland, the Pyrenees, the Alps, Eastern Türkiye and Scandinavia. Each product is composed of two separate GeoTIFF files corresponding to the different layers of the product, and a metadata file.The WSM (Wet Snow classification in high Mountainous areas) layer provides the wet snow extent derived from S1 Level 1 GRD data over high montainous areas, and the QCWSM (Quality) layer provides the per-pixel accuracy information associated with the WSM layer for all pixels with detected snow areas. ##The SWS is one of the products of the pan-European High-Resolution Snow & Ice service (HR-S&I), which are provided at high spatial resolution (20 m x 20 m and 60 m x 60 m), from the Sentinel-2 and Sentinel-1 constellations data from September 1, 2016 onwards.|Comprehensive information about the product and its documentation can be accessed by following the links provided in the Links section.
54a3d887-5cac-4e70-b441-454459e7c954|The Copernicus Persistent Snow Area (PSA) product is generated annually for the entire EEA38 and the United Kingdom, based on the Fractional Snow Cover (FSC) information. It provides the extent of the persistent snow cover, i.e. the area where snow is present throughout the hydrological year with a spatial resolution of 20 m x 20 m.##This metadata refers to the PSA product distributed in raster files as tiles aligned with Sentinel-2 (UTM/WGS84) at 20 m x 20 m GSD. It is also available in another projection as tiles aligned with the Pan-European High-Resolution Layers in the European 20 m x 20 m grid (ETRS89 LAEA - EPSG: 3035). It is typically released on an annual basis with a release date in October, after the end of the hydrological year. Each product is composed of two separate files corresponding to the different layers of the product, and another metadata file.##PSA is one of the products of the pan-European High-Resolution Snow & Ice service (HR-S&I), which are provided at high spatial resolution (20 m x 20 m and 60 m x 60 m), from the Sentinel-2 and Sentinel-1 constellations data from September 1, 2016 onwards.|Pixels are classified as persistent snow area when snow was observed in at least 95% of the observations (under clear sky conditions).
4e92b07d-48b0-4a53-9db2-fd8d07070cc1|The HRL Small Woody Features (SWF) is a new Copernicus Land Monitoring Service (CMLS) product, which provides harmonized information on linear structures such as hedgerows, as well as patches (200 m² ≤ area ≤ 5000 m²) of woody features across the EEA39 countries. #Small woody landscape features are important vectors of biodiversity and provide information on fragmentation of habitats with a direct potential for restoration while also providing a link to hazard protection and green infrastructure, amongst others. The SWF layer contains woody linear, and small patchy elements, but is not differentiated into trees, hedges, bushes and scrub. The spatial pattern are limited to linear structures and isolated patches (patchy structures) on the basis of geometric characteristics. Additional Woody Features (AWF) are also included in this product. They consist of woody structures that do not fulfil the SWF geometric specifications but which are connected to valid SWFs structures. VHR imagery (DEIMOS-2, Pleiades 1A, Pleiades 1B, GeoEye-1, SPOT 6, SPOT 7, WorldView-2, WorldView-3 images from 2015) made available in the ESA Copernicus DWH are the main data source for the detection of small woody features identifiable within the given image resolution.#The dataset is available for the 2015 reference year and is produced in three different formats. This metadata corresponds to the SWF 5m spatial resolution raster layer, which distinguishes between SWF (code =1) and AWF (code =3) ). This layer is derived from the SWF vector product in order to be more in line with other HR layers, and for allowing raster processing of the results. It describes the SWF landscape according to the high resolution of the input data, but without taking into account the possible small geometric inaccuracy of the vector product (due to VHR geometric imprecision, automatic processing such as smoothing, etc.). The geometric resolution is consistent with the EEA reference grid.|Supervised classification and visual interpretation of linear and patchy features on pan-sharpened VHR_IMAGE_2015. Small woody landscape features are important vectors of biodiversity and provide information on fragmentation of habitats with a direct potential for restoration while also providing a link to hazard protection and green infrastructure, amongst others (code = 1). Besides, the Minimum Mapping Unit (MMU) for small patches of trees is 200 m² while the Maximum Mapping Unit (MaxMU) is defined by 5000 m². The Minimum Mapping Length (MML) of linear elements is 50 m. There is also an other distinction between this two structures: width (30 m maximum for linear instead of 30 m minimum for patchy). Additional Woody Features (code = 3) consist of woody structures that do not fulfil the SWF geometric specifications but which are connected to valid SWFs structures, as well as patchy structures too large to be considered as valid SWF. No data (code = 254). Out of Large Region limits (code = 255). Tiles NO116 (Southeast Norway) and NO119 (Northeast Norway) have been discontinued and will not be published due to lack of availability of suitable satellite data.#Some tiles in the dataset are marked as v. 020. These tiles did first show unsatisfactory results and had to be reprocessed.
a0aa1a1e-abe7-4628-ba00-a3ac5fcad575|The Copernicus High Resolution Water and Wetness (WAW) 2015 layer is a thematic product showing the occurrence of water and wet surfaces over the period from 2009 to 2015 for the EEA38 area and the United Kingdom . This metadata corresponds to the aggregation of the 20m classified product into a 100m raster. The production of the High Resolution Water and Wetness layers was coordinated by the European Environment Agency (EEA) in the frame of the EU Copernicus programme.##Two WAW products are available:#- The main Water and Wetness (WAW) product, with defined classes of (1) permanent water, (2) temporary water, (3) permanent wetness and (4) temporary wetness.#- The additional expert product: Water and Wetness Probability Index (WWPI).#The products show the occurrence of water and indicate the degree of wetness in a physical sense, assessed independently of the actual vegetation cover and are thus not limited to a specific land cover class and their relative frequencies.##Data is provided as a mosaic of the full area, and as tiles with a side length of 1000 km x 1000 km. In 2020, due to methodological improvements, the temporary wet class has been reprocessed during the update for the 2018 reference year.|The 20m classified Water and Wetness layer is aggregated to 100m for the complete European LAEA layer according to the following procedure: for the aggregation of the 20m classified product to a 100m raster in a concise way, all underlying 20m cells are considered. A majority rule is applied to ensure that the most appropriate class value is given to the 100m cell, considering all underlying 25 pixels that are covered by the 100m raster cell. The 100m cell receives the code of the majority of 20m pixels, under consideration of the fraction of valid and un-valid pixels and equality. In 2020, due to methodological improvements, the temporary wet class has been reprocessed during the update for the 2018 reference year.##Quality assurance follows the ISO9000 standards for Quality Management and comprises of dedicated procedures of on-going quality checks (QA breakpoints) during implementation of the production chain, in order to keep persistent control over the various stages of production, assure fitness-for-purpose of the end-products and that all quality requirements are fulfilled. Priority will be given to the target thematic accuracies to be achieved by each product, as well as to the issues of product consistency (spatial, thematic, temporal) and homogeneity.#Quality Assessment: The quality assessment has been performed according to INSPIRE Data Specifications. The data quality elements considered are:#(i) Completeness,#(ii) Logical Consistency,#(iii) Thematic Accuracy,#(iv) Temporal quality and (v) Usability.#Each of them (excl. the Thematic Accuracy hereafter) forms a section in the QA/QC Procedures.
3e2b4b7b-a460-41dd-a373-962d032795f3|The Copernicus Fractional Snow Cover (FSC) product is generated in near real-time for the entire EEA38 and the United Kingdom, based on optical satellite data from the Sentinel-2 constellation. The product provides the fraction of the surface covered by snow at the top of canopy (FSC-TOC) and on ground (FSC-OG) per pixel as a percentage (0% – 100%) with a spatial resolution of 20 m x 20 m.#FSC is one of the products of the pan-European High-Resolution Snow & Ice service (HR-S&I), which are provided at high spatial resolution (20 m x 20 m and 60 m x 60 m), from the Sentinel-2 and Sentinel-1 constellations data from September 1, 2016 onwards.#The FSC product is distributed in raster files covering an area of 110 km by 110 km with a pixel size of 20 m by 20 m in UTM/WGS84 projection, which corresponds to the Sentinel-2 input L1C product tile. Each product is composed of seven separate files corresponding to the different layers of the product, and another metadata file.|Comprehensive information about the product and its documentation can be accessed by following the links provided in the Links section.
a0925bc0-d3d8-49af-ba9d-c4f1cf2b654d|The High Resolution Layer (HRL) Grassland Change 2015-2018 raster product at 20m resolution provides information on changes in grassland vegetation cover between the reference years 2015 and 2018. The thematic classes indicate all non-grassland areas, grassland gain and grassland loss, unchanged grassland in both years and unverified grassland gain and loss areas for the pan-European area of EEA38 and the United Kingdom. The production of the High Resolution grassland layers was coordinated by the European Environment Agency (EEA) in the frame of the EU Copernicus programme.#This dataset is provided as 20 meter rasters in 100 x 100 km tiles grouped according to the EEA38 countries and the United Kingdom (fully conformant with the EEA reference grid).#The HRL Grassland layer is the main High Resolution grassland product. This grassy and non-woody vegetation baseline product includes all kinds of grasslands: managed grassland, semi-natural grassland and natural grassy vegetation. It is a binary status layer for the 2015 reference year mapping grassland and all non-grassland areas in 20m and (aggregated) 100m pixel size and, for the 2018 reference year, in 10m and (aggregated) 100m pixel size.|The Grassland Change Layer 2015-2018 at 20m spatial resolution is derived from the primary Pan-European Grassland Status Layers of the reference years 2015 (HRL GRA at 20m resolution) and 2018 (HRL GRA at 10m spatial resolution) and covers the area of EEA38 and the United Kingdom. The GRA Change Layer is the first of its kind indicating changes in grassland vegetation cover in five thematic classes. The production workflow consists of a map-to-map comparison of both years and takes adequate time features of both years as well as ploughing information from PLOUGH 2015 and 2018 back to the year 2010 into account.##Due to substantial transformations concerning resolution (20m to 10m), significantly enhanced data availability and therefore a refined technical approach, differences between the reference years of 2015 and 2018 are not always illustrating real changes in grassland vegetation cover but are sometimes technically induced. Areas differing in the years 2015 and 2018 that could not be verified as real change by the workflow are therefore labelled as unverified gain or loss areas.##Geometric accuracy (positioning scale): Less than one pixel (10m) according to ortho-rectified satellite image base (Sentinel-2 Level-2A) delivered by ESA.##Thematic target accuracy: The thematic accuracy has been assessed on the primary pan-European Change product and refers to classes 1-gain, 2-loss, 10-unchanged grassland in both years an 0-all non-grassland areas. Unverified areas are not part of the validation process. The unweighted overall accuracy is 88,97%. The weighted overall accuracy is 99,30% and considers the relative importance of all classes.
f6bbd22c-52e5-4e47-9b09-943415fcb52e|The Copernicus High Resolution Layer Water and Wetness (WAW) 2018 is a thematic product showing the occurrence of water and wet surfaces over the period from 2012 to 2018 for the EEA38 area and the United Kingdom. This metadata refers to the 100 meter aggregate raster, provided as a full EEA38 and United Kingdom mosaic (fully conformant to with the EEA reference grid). The production of the High Resolution Water and Wetness layers was coordinated by the European Environment Agency (EEA) in the frame of the EU Copernicus programme##Two Water and Wetness products are available:#- The main Water and Wetness (WAW) product, with defined classes of (1) permanent water, (2) temporary water, (3) permanent wetness and (4) temporary wetness.#- The additional expert product: Water and Wetness Probability Index (WWPI).#The products show the occurrence of water and indicate the degree of wetness in a physical sense, assessed independently of the actual vegetation cover and are thus not limited to a specific land cover class and their relative frequencies.|The 10m classified Water and Wetness layer is aggregated to 100m for the complete European LAEA layer according to the procedure described as follows: for the aggregation of the 10m classified product to a 100m raster in a concise way, all underlying 10m cells are considered. A majority rule is applied to ensure that the most appropriate class value is given to the 100m cell, #considering all underlying 100 pixels that are covered by the 100m raster cell. The 100m cell receives the code of the majority of 10m pixels, under consideration of the fraction of valid and un-valid pixels and equality.##Quality assurance follows the ISO9000 standards for Quality Management and comprises of dedicated procedures of on-going quality checks (QA breakpoints) during implementation of the production chain, in order to keep persistent control over the various stages of production, assure fitness-for-purpose of the end-products and that all quality requirements are fulfilled. Priority will be given to the target thematic accuracies to be achieved by each product, as well as to the issues of product consistency (spatial, thematic, temporal) and homogeneity.#Quality Assessment: The quality assessment has been performed according to INSPIRE Data Specifications. The data quality elements considered are:#(i) Completeness,#(ii) Logical Consistency,#(iii) Thematic Accuracy,#(iv) Temporal quality and (v) Usability.#Each of them (excl. the Thematic Accuracy hereafter) forms a section in the QA/QC Procedures.
3f4f9d35-38e2-4728-ad6e-0f19fa75025f|The Copernicus Persistent Snow Area (PSA) product is generated annually for the entire EEA38 and the United Kingdom, based on the Fractional Snow Cover (FSC) information. It provides the extent of the persistent snow cover, i.e. the area where snow is present throughout the hydrological year with a spatial resolution of 20 m x 20 m. ##This metadata refers to the PSA product distributed in raster files as tiles aligned with the Pan-European High-Resolution Layers in the European 20 m x 20 m grid (ETRS89 LAEA - EPSG: 3035). It is also available in another projection as tiles aligned with Sentinel-2 (UTM/WGS84) at 20 m x 20 m GSD. It is typically released on an annual basis with a release date in October, after the end of the hydrological year. Each product is composed of two separate GeoTIFF files corresponding to the different layers of the product, and another metadata file of the product. The first layer provides the PSA (with "no data" pixels in case of cloud conditions for all observations over the period of computation) whereas the second layer provides the QC (Quality Control, with the confidence level on the PSA layer). ##PSA is one of the products of the pan-European High-Resolution Snow & Ice service (HR-S&I), which are provided at high spatial resolution (20 m x 20 m and 60 m x 60 m), from the Sentinel-2 and Sentinel-1 constellations data from September 1, 2016 onwards.|Comprehensive information about the product and its documentation can be accessed by following the links provided in the Links section.
25ed7a97-e3a6-42ed-a403-d636d6880e6d|The Copernicus High Resolution Water and Wetness (WAW) 2015 layer is a thematic product showing the occurrence of water and wet surfaces over the period from 2009 to 2015 for the EEA38 area and the United Kingdom. This metadata corresponds to the 20m classified Water and Wetness product. The production of the High Resolution Water and Wetness layers was coordinated by the European Environment Agency (EEA) in the frame of the EU Copernicus programme.##Two WAW products are available:#- The main Water and Wetness (WAW) product, with defined classes of (1) permanent water, (2) temporary water, (3) permanent wetness and (4) temporary wetness.#- The additional expert product: Water and Wetness Probability Index (WWPI).#The products show the occurrence of water and indicate the degree of wetness in a physical sense, assessed independently of the actual vegetation cover and are thus not limited to a specific land cover class and their relative frequencies.##Data is provided as a mosaic of the full area, and as tiles with a side length of 1000 km x 1000 km. In 2020, and due to methodological improvements, the temporary wet class has been reprocessed during the update for the 2018 reference year.|Quality assurance follows the ISO9000 standards for Quality Management and comprises of dedicated procedures of on-going quality checks (QA breakpoints) during implementation of the production chain, in order to keep persistent control over the various stages of production, assure fitness-for-purpose of the end-products and that all quality requirements are fulfilled. Priority will be given to the target thematic accuracies to be achieved by each product, as well as to the issues of product consistency (spatial, thematic, temporal) and homogeneity.#Quality Assessment: The quality assessment has been performed according to INSPIRE Data Specifications. The data quality elements considered are:#(i) Completeness,#(ii) Logical Consistency,#(iii) Thematic Accuracy,#(iv) Temporal quality and (v) Usability.#Each of them (excl. the Thematic Accuracy hereafter) forms a section in the QA/QC Procedures.##In 2020, due to methodological improvements, the temporary wet class has been reprocessed during the update for the 2018 reference year.
afde0fbb-6401-45cd-aabd-3aa7b4b3a7f0|The HRL Small Woody Features (SWF) is a new Copernicus Land Monitoring Service (CMLS) product, which provides harmonized information on linear structures such as hedgerows, as well as patches (200 m² ≤ area ≤ 5000 m²) of woody features across the EEA39 countries.#Small woody landscape features are important vectors of biodiversity and provide information on fragmentation of habitats with a direct potential for restoration while also providing a link to hazard protection and green infrastructure, amongst others. The SWF layer contains woody linear, and small patchy elements, but is not differentiated into trees, hedges, bushes and scrub. The spatial pattern are limited to linear structures and isolated patches (patchy structures) on the basis of geometric characteristics. Additional Woody Features (AWF) are also included in this product. They consist of woody structures that do not fulfil the SWF geometric specifications but which are connected to valid SWFs structures. VHR imagery (DEIMOS-2, Pleiades 1A, Pleiades 1B, GeoEye-1, SPOT 6, SPOT 7, WorldView-2, WorldView-3 images from 2015) made available in the ESA Copernicus DWH are the main data source for the detection of small woody features identifiable within the given image resolution.#The dataset is available for the 2015 reference year and is produced in three different formats. This metadata corresponds to the SWF vector layer, which separates the SWF class into Linear (code = 1) and Patchy (code = 2). Additional Woody Features are represented with code = 3. This is the primary product of the Small Woody Features mapping, and thus also the one with most detail. The vector data set can be downloaded in Geodatabase and Geopackage formats.|Supervised classification and visual interpretation of linear and patchy features on pan-sharpened VHR_IMAGE_2015. Small woody landscape features are important vectors of biodiversity and provide information on fragmentation of habitats with a direct potential for restoration while also providing a link to hazard protection and green infrastructure, amongst others (code = 1). Besides, the Minimum Mapping Unit (MMU) for small patches of trees is 200 m² while the Maximum Mapping Unit (MaxMU) is defined by 5000 m². The Minimum Mapping Length (MML) of linear elements is 50 m. There is also an other distinction between this two structures: width (30 m maximum for linear instead of 30 m minimum for patchy). Additional Woody Features (code = 3) consist of woody structures that do not fulfil the SWF geometric specifications but which are connected to valid SWFs structures, as well as patchy structures too large to be considered as valid SWF. No data (code = 254). Out of Large Region limits (code = 255). Tiles NO116 (Southeast Norway) and NO119 (Northeast Norway) have been discontinued and will not be published due to lack of availability of suitable satellite data.#Some tiles in the dataset are marked as v. 020. These tiles did first show unsatisfactory results and had to be reprocessed.
7992f641-bf77-47b7-b0c1-74fc832b78b1|The Copernicus High Resolution Water and Wetness (WAW) 2018 layer is a thematic product showing the occurrence of water and wet surfaces over the period from 2012 to 2018 for the EEA38 area and the United Kingdom. #Two products are available: #- The main Water and Wetness (WAW) product, with defined classes of (1) permanent water, (2) temporary water, (3) permanent wetness and (4) temporary wetness. #- The additional expert product: Water and Wetness Probability Index (WWPI). #The products show the occurrence of water and indicate the degree of wetness in a physical sense, assessed independently of the actual vegetation cover and are thus not limited to a specific land cover class and their relative frequencies.#The production of the High Resolution Water and Wetness layers was coordinated by the European Environment Agency (EEA) in the frame of the EU Copernicus programme.#The dataset is provided as 10 meter rasters in 100 x 100 km tiles grouped according to the EEA38 countries and the United Kingdom (fully conformant with the EEA reference grid).|Quality assurance follows the ISO9000 standards for Quality Management and comprises of dedicated procedures of on-going quality checks (QA breakpoints) during implementation of the production chain, in order to keep persistent control over the various stages of production, assure fitness-for-purpose of the end-products and that all quality requirements are fulfilled. Priority will be given to the target thematic accuracies to be achieved by each product, as well as to the issues of product consistency (spatial, thematic, temporal) and homogeneity.#Quality Assessment: The quality assessment has been performed according to INSPIRE Data Specifications. The data quality elements considered are:#(i) Completeness,#(ii) Logical Consistency,#(iii) Thematic Accuracy,#(iv) Temporal quality and (v) Usability.#Each of them (excl. the Thematic Accuracy hereafter) forms a section in the QA/QC Procedures.
befca22b-af37-4cd2-8e99-e09b3330fdc1|The Copernicus Daily Cumulative Gap-filled Fractional Snow Cover (GFSC) product is generated in near real-time for the entire EEA38 and the United Kingdom, based on radar satellite data from the Sentinel-1 constellation and on optical data from the Sentinel-2 constellation. The product uses Copernicus FSC (Fractional Snow Cover), WDS (Wet/Dry Snow) and SWS (SAR Wet Snow) products along with DEM data as input to form a spatially complete composite of snow conditions, to reduce observational gaps due to clouds and lack of sensor coverage on a daily basis. The product provides the extent of the snow cover per pixel as a percentage (0% – 100%) with a spatial resolution of 60 m x 60 m.##The GFSC product is distributed in raster files covering an area of 110 km by 110 km with a pixel size of 60 m by 60 m in UTM/WGS84 projection, which corresponds to the Sentinel-2 input L1C product tile. Each product is composed of four separate GeoTIFF files corresponding to the different layers of the product, and a metadata file. The GF layer provides the gap-filled fractional snow cover, while the QC layers (AT, QCFLAGS, QC) provide information on the quality of the GF layer at the pixel level . ##The GFSC is one of the products of the pan-European High-Resolution Snow & Ice service (HR-S&I), which are provided at high spatial resolution (20 m x 20 m and 60 m x 60 m), from the Sentinel-2 and Sentinel-1 constellations data from September 1, 2016 onwards.|Comprehensive information about the product and its documentation can be accessed by following the links provided in the Links section.
393359a7-7ebd-4a52-80ac-1a18d5f3db9c|EU-Hydro is a dataset for all EEA38 countries and the United Kingdom providing photo-interpreted river network, consistent of surface interpretation of water bodies (lakes and wide rivers), and a drainage model (also called Drainage Network), derived from EU-DEM, with catchments and drainage lines and nodes. #The EU-Hydro dataset is distributed in separate files (river network and drainage network) for each of the 35 major basins of the EEA38 + UK area, in GDB and GPKG formats. #The production of EU-Hydro and the derived layers was coordinated by the European Environment Agency in the frame of the EU Copernicus programme.|Space imagery SP05 (resolution 2.5 m) and SP06 (resolution 2.5 m), space imagery IMAGE2009 (resolution 20 m), EEA member countries WFD reporting data on water bodies: for Türkiye (EEA member), Albania, Bosnia-Herzegovina, North Macedonia, Montenegro, Kosovo (UNSCR 1244/99) and Serbia (all EEA cooperating countries) no spatial data for any category of water bodies was available, European Catchments and Rivers Network System (ECRINS); ancillary data: European Lakes and Reservoirs database (Eldred), Russian topographic maps. The upgrade of the EU-Hydro beta version includes improvements of the usability of the dataset, of its topological and logical consistency and the River network characteristics. Catchments layers were also modified to fit the River networks. Topological overlapping and gaps between River Basin Districts were corrected. The EU-Hydro V1.1 upgrade includes the reclassification of polygons between InlandWater, Coastal-p, Transit_p and River_Net_p classes, the upgrade of the WFD codes using the WISE geospatial dataset for these feature classes, the improvement of logical consistency of attribute tables (deletion of irrelevant fields, recalculation of OBJECT_ID field, recalculation of geometry properties field). In Version 1.2 the Drainage network derived from EUDEM was incorporated to the river network of EU hydro: four feature classes were generated: River_Net_l_DN, Canals_l_DN, Ditches_l_DN and Nodes_DN. River names were updated using WISE geospatial database, except for Thames, Tweed and Türkiye where ECRINS was used instead. In version 1.3, "River_Net_l" topology was adjusted to fit Coastal_p and Transit_p: polylines were deleted for Gota, Skjern, Shannon, Tweed. Polylines were added in Skjern, Mesima and Tajo on areas overlapping Transit_p. Nodes were modified accordingly. CUM_LEN, LONGPATH, LENGTH GEO fields were recalculated.
2adfe942-186d-4ee0-af41-b8b864dfb6b6|The HRL Small Woody Features (SWF) is a new Copernicus Land Monitoring Service (CMLS) product, which provides harmonized information on linear structures such as hedgerows, as well as patches (200 m² ≤ area ≤ 5000 m²) of woody features across the EEA39 countries. #Small woody landscape features are important vectors of biodiversity and provide information on fragmentation of habitats with a direct potential for restoration while also providing a link to hazard protection and green infrastructure, amongst others. The SWF layer contains woody linear, and small patchy elements, but is not differentiated into trees, hedges, bushes and scrub. The spatial pattern are limited to linear structures and isolated patches (patchy structures) on the basis of geometric characteristics. Additional Woody Features (AWF) are also included in this product. They consist of woody structures that do not fulfil the SWF geometric specifications but which are connected to valid SWFs structures. VHR imagery (DEIMOS-2, Pleiades 1A, Pleiades 1B, GeoEye-1, SPOT 6, SPOT 7, WorldView-2, WorldView-3 images from 2015) made available in the ESA Copernicus DWH are the main data source for the detection of small woody features identifiable within the given image resolution.#The dataset is available for the 2015 reference year and is produced in three different formats. This metadata corresponds to the SWF 100m spatial resolution raster aggregate layers: SWF density (0 – 100 %), AWF density (0 – 100 %) and SWF+AWF density (0 – 100 %). The SWF 100m raster layer, consistent with the EEA 100m grid, is a 100m aggregated version of the SWF 5m raster layer. It can be used as a landscape descriptor of SWF density for large areas.|Supervised classification and visual interpretation of linear and patchy features on pan-sharpened VHR_IMAGE_2015. Small woody landscape features are important vectors of biodiversity and provide information on fragmentation of habitats with a direct potential for restoration while also providing a link to hazard protection and green infrastructure, amongst others (code = 1). Besides, the Minimum Mapping Unit (MMU) for small patches of trees is 200 m², while the Maximum Mapping Unit (MaxMU) is defined by 5000 m². The Minimum Mapping Length (MML) of linear elements is 50 m. There is also an other distinction between this two structures: width (30 m maximum for linear instead of 30 m minimum for patchy). Additional Woody Features (code = 3) consist of woody structures that do not fulfil the SWF geometric specifications but which are connected to valid SWFs structures, as well as patchy structures too large to be considered as valid SWF. No data (code = 254). Out of Large Region limits (code = 255). Tiles NO116 (Southeast Norway) and NO119 (Northeast Norway) have been discontinued and will not be published due to lack of availability of suitable satellite data.#Some tiles in the dataset are marked as v. 020. These tiles did first show unsatisfactory results and had to be reprocessed.
73f0e3eb-ea21-4083-9b49-9c345c766775|The High Resolution Layer: Imperviousness Change Classified (IMCC) 2015-2018 is a 20m raster dataset showing the classified change in imperviousness between 2015 and 2018 reference years. The dataset was produced in the frame of the EU Copernicus programme.##The high resolution imperviousness products capture the percentage and change of soil sealing. Built-up areas are characterized by the substitution of the original (semi-) natural land cover or water surface with an artificial, often impervious cover. These artificial surfaces are usually maintained over long periods of time. A series of high resolution imperviousness datasets (for the 2006, 2009, 2012, 2015 and 2018 reference years) with all artificially sealed areas was produced using automatic derivation based on calibrated Normalized Difference Vegetation Index (NDVI). This series of imperviousness layers constitutes the main status layers. They are per-pixel estimates of impermeable cover of soil (soil sealing) and are mapped as the degree of imperviousness (0-100%). Imperviousness change layers were produced as a difference between the reference years (2006-2009, 2009-2012, 2012-2015, 2015-2018 and additionally 2006-2012, to fully match the CORINE Land Cover production cycle) and are presented 1) as degree of imperviousness change (-100% -- +100%), in 20m and 100m pixel size, and 2) a classified (categorical) 20m change product.##The dataset is provided as 20 meter rasters (fully conformant with EEA reference grid) in 100 x 100 km tiles grouped according to the EEA38 countries and the United Kingdom.|Quality assurance follows the ISO9000 standards for Quality Management and comprises of dedicated procedures of ongoing quality checks (QA breakpoints) during implementation of the production chain, in order to keep persistent control over the various stages of production, assure fitness-for-purpose of the end-products and that all quality requirements are fulfilled. Priority has been given to the target thematic accuracies to be achieved by each product, as well as to the issues of product consistency (spatial, thematic, temporal) and homogeneity. Quality Assessment: The quality assessment has been performed according to INSPIRE Data Specifications. The data quality elements considered are:#(i) Completeness,#(ii) Logical Consistency,#(iii) Thematic Accuracy,#(iv) Temporal quality and#(v) Usability.#Each of them (excl. the Thematic Accuracy hereafter) forms a section in the QA/QC Procedures.
11e54513-eaee-407b-8f0a-4f321cbf9974|This metadata refers to the Copernicus High Resolution Layer Forest product Dominant Leaf Type Change (DLTC) 2015-2018. The DLTC raster product provides information on the change between the reference years 2015 and 2018 and consists of 7 thematic classes (unchanged areas with no tree cover / new broadleaved cover / new coniferous cover / loss of broadleaved cover / loss of coniferous cover / unchanged areas with tree cover / potential change among dominant leaf types) at 20m spatial resolution and covers the full of EEA38 area and the United Kingdom. The production of the High Resolution Forest layers was coordinated by the European Environment Agency (EEA) in the frame of the EU Copernicus programme.##The High Resolution Forest product consists of three types of (status) products and additional change products. The status products are available for the 2012, 2015 and 2018 reference years: 1. Tree cover density providing level of tree cover density in a range from 0-100%; 2. Dominant leaf type providing information on the dominant leaf type: broadleaved or coniferous; 3. A Forest type product. The forest type product allows to get as close as possible to the FAO forest definition. In its original (20m) resolution it consists of two products: 1) a dominant leaf type product that has a MMU of 0.5 ha, as well as a 10% tree cover density threshold applied, and 2) a support layer that maps, based on the dominant leaf type product, trees under agricultural use and in urban context (derived from CLC and high resolution imperviousness 2009 data). For the final 100m product trees under agricultural use and urban context from the support layer are removed.|The Dominant Leaf Type Change (DLTC) 2015-2018 is a change product based on the 20m Tree Cover Change Mask (TCCM) 2015-2018 considering changes of the leaf type by taking the Dominant Leaf Type (DLT) information of the two reference years 2015 and 2018 into account. The layer has a 1 pixel boundary filter applied in order to mitigate geometric imprecisions between the input layers 2015 and 2018, caused by the different satellite input data characteristics. Change classes are provided with a Minimum Mapping Unit (MMU) of 1 ha. The product covers the whole EEA39 area and is provided in European projection. National products might show a broken MMU due to reprojection.##Quality assurance follows the ISO 9001:2015 standards for Quality Management and comprises of dedicated procedures of quality checks (QA breakpoints) during implementation of the production chain, in order to keep persistent control over the various stages of production, assure fitness-for-purpose of the end-products and that all quality requirements are fulfilled. Priority has been given to the target thematic accuracy to be achieved by each product, as well as to the issues of product consistency (spatial, thematic, temporal) and homogeneity. Quality Assessment: The quality assessment has been performed according to INSPIRE Data Specifications. The data quality elements considered are: (i) Completeness, (ii) Logical Consistency, (iii) positional accuracy, (iv) Thematic Accuracy, (v) Temporal quality and (vi) Usability.#Geometric accuracy (positioning scale): Less than one pixel (20m) according to ortho-rectified satellite image base delivered by ESA.#Thematic target accuracy: 90% producer and user accuracy for change classes.#Final validation results DLTC 1518 at pan-European level: 98.16% overall accuracy with a 95% confidence level applied (no tree cover: 98.47% producer accuracy and 98.67% user accuracy; new broadleaved cover: 71.50% producer accuracy and 92.24% user accuracy; new coniferous cover: 96.78% producer accuracy and 98.77% user accuracy; loss of broadleaved cover: 88.62% producer accuracy and 70.64% user accuracy; loss of coniferous cover: 72.67% producer accuracy and 91.86% user accuracy; unchanged areas with tree cover: 98.02% producer accuracy and 97.51% user accuracy). The class potential change among dominant leaf types has not been assessed.#Thematic accuracy has been assessed using a stratified random sampling approach with 11,695 points (area weighted), visually interpreted using VHR_IMAGE_2018, VHR_IMAGE_2015 and Sentinel-2 time series data, complemented by additional data sources like virtual globes (e.g. Google Earth Pro).
f30f1000-7cf8-43bb-872c-5eb093911b24|Corine Land Cover Change 2012-2018 (CHA1218) is one of the Corine Land Cover (CLC) datasets produced within the frame the Copernicus Land Monitoring Service referring to changes in land cover / land use status between the years 2012 and 2018. ##CLC service has a long-time heritage (formerly known as "CORINE Land Cover Programme"), coordinated by the European Environment Agency (EEA). It provides consistent and thematically detailed information on land cover and land cover changes across Europe.##CLC datasets are based on the classification of satellite images produced by the national teams of the participating countries - the EEA members and cooperating countries (EEA39). National CLC inventories are then further integrated into a seamless land cover map of Europe. The resulting European database relies on standard methodology and nomenclature with following base parameters: 44 classes in the hierarchical 3-level CLC nomenclature; minimum mapping unit (MMU) for status layers is 25 hectares; minimum width of linear elements is 100 metres. Change layers have higher resolution, i.e. minimum mapping unit (MMU) is 5 hectares for Land Cover Changes (CHA), and the minimum width of linear elements is 100 metres. ##The CLC service delivers important data sets supporting the implementation of key priority areas of the Environment Action Programmes of the European Union as e.g. protecting ecosystems, halting the loss of biological diversity, tracking the impacts of climate change, monitoring urban land take, assessing developments in agriculture or dealing with water resources directives. part of the European Copernicus Programme coordinated by the European Environment Agency, providing environmental information from a combination of air- and space-based observation systems and in-situ monitoring.|Version 2020_20u1##Release date: 24-02-2020#File naming conventions simplified and better described. New file naming convention has been introduced based on user feedback on version 20. Filename is composed of combination of information about update campaign, data theme and reference year and version specification (including release year and release number).##The French DOMs are provided in separate databases (files both for vector and raster version of data).##All raster layers are back in 8 bit GeoTIFF. Modification is introduced based on the user feedback on version 20. In order to keep 8 bit resolution for raster change layers, they are divided into two files - representing consumption (from) and formation (to) part of change.##Version 20#Release date: 14-06-2019#Vector CLC database was provided by National Teams within original CLC1990, I&CLC2000 update, FTSP/CLC2006 update, CLC2012 update and CLC2018 update projects. All features in original vector database were classified and digitised based on satellite images with 100 m positional accuracy (according to CLC specifications) and 25 ha minimum mapping unit into the standardized CLC nomenclature (44 CLC classes).##European Corine Land Cover seamless DBs represent the final product of European data integration. The process of data integration started when national deliveries have been accepted and the Database Acceptance Report (DBTA) delivered . Delivered national data were produced in local national systems of all participating countries. Each national Coordinate Reference System (CRS) definition had to be known precisely together with its geometric relationship to a standard system in order to accurately transfer all national data into a standard European coordinate reference - ETRS89/LAEA1052.#Mostly, the process itself was carried out by global equation-based transformation to ETRS89 (e.g. seven-parameters Bursa-Wolf methods). The accuracy of a particular transformation ranges from centimetres to meters depending on the method and the quality and number of control points available to define the transformation parameters, but, in any case, the accuracy is far above the actual CLC data resolution (for more details see the DBTA reports for particular country). National data, when transformed into the common European reference, are introduced into tiled pan-European structure and as final step seamless dataset is produced.##In order to achieve production of the real seamless European database, the integration step includes also harmonization of database along country borders. It consists from edge-matching of land cover polygons from the national databases across national borders done by a verification / re-interpretation of the satellite images in the border regions (2 km wide strip along borders). The satellite images from IMAGE2000. CLC1990, CHA9000 and CLC2000 database were harmonized this way, but the order to priority was as following: CLC2000, both geometric and thematic adaptations of all polygons in a 2 km strip along national boundary lines; CHA9000 database to ensure that#changes in CLC2000 are consistent with the change database; corrected CLC90 (if provided by the MS); corrections were focused to geometric adaptations in semi-automatical way based on CLC00 and CHA00 databases. Border harmonization step has been skipped for CHA0006, CHA0612, CLC2012 and CLC2018 datasets. Simplified border harmonization step for CLC2006 dataset has been created for these countries: CH, NO, KO, TR, IE.#A simplified border matching has been applied:#- <25 ha polygons are NOT systematically removed (see next bullet).#- Sliver-like polygons (area < cca. 5 ha - soft limit) are generalised to largest or thematically most similar neighbour.#- CLC-code differences in polygons along two sides of the border are NOT changed#Only polygons with area <= 0,1ha were eliminated in CHA0006, CHA0612, CLC2012 and for CLC2018 datasets and CLC2006 dataset (besides the above-mentioned cases) and in parts newly added in campaigns 2006 and 2012 too##Note: Some artificial lines (dividing polygons with the same code) can be still present in database due to technical constraints of current ArcGIS technology, but has no impact for dataset contents and can be dissolved for data extracts.##Version 18 (V18)#Release date: 19-09-2016 (see V18_5_1)#Main purpose of the release: Publication of the final, corrected CLC 2012 data.#The 4th CLC inventory for the reference year of 2012 was produced under the Copernicus Initial Operations (GIO). It has the shortest production time in history of CLC. Two high-resolution satellite image coverages (IRS Resourcesat-1/2, SPOT-4/5, RapidEye constellation) taken in 2011-2012 provided multi-temporal information to support the update. Computer Assisted Photointerpretation (CAPI) was the prevailing methodology applied in interpreting of satellite images. FI, DE, IC, IE, NO, ES and SE applied a semi-automatic methodology. UK has turned from semiautomatic processing to CAPI because no national hi-res dataset was available for 2012. Most of the QC was conducted in remote verifications. IT and ES were verified by regions. In producing the European products, a simplified border matching was applied (see Version 15).# Changes from previous main release (Version 17): #* Inclusion of CLC 2012 layers for all the EEA39 countries.#* Production of CLC 2006 for Greece (in V18_3) and all CLCs for Channel Islands (V18_1).#* Revised CLC 2000 and CLC 2006 layers were made available (V18_5).#* Change in rasterization algorithm (V18_2).#Known problems: #* Some redundant lines between neighbouring polygons with the same code are still present, but only as result of persisting ‘adaptive tilling’ procedure (limitation of ESRI ArcGIS technology for large datasets).#* Polygons <25 ha can be present along national borders and along 'adaptive tilling' tiles boundaries.## for full information about the coverage of this version.## for full information about all sub-versions of this version.##Version 17 (V17)#Release date: 02-12-2013#Main purpose of the release: Maintenance / Increased European coverage of CLC time series data.#Changes from previous release (V16): #* Full CLC and CLCC data time series (from CLC 1990 to CLC 2006 including all CLCC datasets) has been included for the Autonomous Region of the Azores (PT). ##Version 16 (V16)#Release date: 15-04-2012 #Main purpose: Maintenance / Increased and improved European coverage of CLC time series data.#Changes from previous release (V15): #* CLC 1990 coverage: TR has been delivered CLC 1990 and CLCC (1990, 2000) data. Still missing CLC 1990 data: AL, BA, CH, CY, FI, IS, MK, NO, SE, UK and the XK.#* CLC 2000_revised layer covering 27 countries was included (CLC 2000 data revised during production of CLC 2006).#* Shift in MT geographic position has been corrected. All CLC layers for MT have been re-projected.#* A few coding inconsistences were corrected.##Version 15 (V5) #Release date: 20-07-2011 #Main purpose: Publication of final CLC2 006 data.#The 3rd CLC inventory for the reference year of 2006 was produced under GMES Fast Track Service on Land Monitoring. The CLCC database was considered as the primary product, and a uniform change mapping methodology was agreed. Dual date satellite imagery (SPOT-4/5 and IRS P6) taken in 2005-2007 provided enhanced change mapping capabilities. Some of the countries newly entering CLC have produced CLC 2000 datasets also during the project time frame. Scanned topographic maps and digital aerial ortho-imagery have become commonly available. CAPI was the prevailing method applied in interpreting of satellite images. Nevertheless, FI, IS, NO, SE and the UK applied a semiautomatic methodology. Most of the European QC was conducted by visiting national teams (see Version 2). In some cases, remote verification was applied (without mission to countries). ES and IT were verified by regions. #Changes from previous release (V14 (V4)): #* CLC 2006 data covering Great Britain (part of UK) and TR were delivered. Thus, CLC 2006 European coverage includes 38 countries of the EEA39. Still missing CLC 2006 data for Greece.#* A simplified border matching was applied for countries new in CLC: XK, NO, CH and Türkiye: 1) <25 ha polygons along the borders are not removed systematically; 2) sliver-like polygons (area < cca. 5 ha) are generalised to largest or thematically most similar neighbour. #* For the rest of CLC 2006 countries a simple border-matching was applied. Code differences along two sides of borders are not changed. Only polygons with area ≤ 0,1 ha (sliver polygons) are eliminated. #* Data dissemination: CLC data become freely accessible from the EEA to any person or legal entity.##Version 14 (V4)#Release date: 25-10-2010#Main purpose: Maintenance / Increased European coverage of CLC 2006 and CLC 2000 data.#Changes from previous release (V13 (V3)): #* CLC 2006 European coverage includes 37 full countries of EEA39. New data for Northern Ireland (part of the UK), Madeira Islands (part of PT), CH, IS and TR were added to CLC 2006 data. Still missing CLC 2006: GR and the UK (except Northern Ireland).#* New data for Madeira Islands (PT), CH and IS were added into the European CLC 2000 coverage, which includes already the EE39. However, CLCC (1990, 2000) is available for 28 countries only.#* New data for Madeira Islands (PT) were added into CLC 1990 and CLCC (1990, 2000). Still missing CLC 1990 data: AL, BA, CH, CY, FI, IS, MK, NO, SE, TR, UK and XK.##The seamless European database has been further improved addressing feedback from the EEA on V13 (V3):#* No-data buffer (code 999) outside of valid data area was deleted.#* Small gaps identified in V13 were corrected by tolerance adaptation in ArcGIS v10 geodatabase.#* Remaining neighbour polygons with the same code were resolved by additional dissolve operation.##Version 13 (V3)#Release date: 02/2010 #Main purpose: Publication of initial European coverage of CLC 2006 data. #Changes from previous release (V2): #* Version numbering was changed to harmonise vector data (V3) and derived raster data (V13) releases. #* First seamless release in ESRI Geodatabase format.#* Initial coverage of CLC 2006 including 35 countries and Northern Ireland (part of the UK). Missing countries in CLC 2006: GR, CH, TR and the UK (except Northern Ireland).#* Two updates added to CLC 2000: a new version for NO and the first CLC dataset for TR.#* Sea buffer around land has been introduced (15 km as proxy to 12 nautical miles’ sea zone).##Version 2 (V2)#Release date: 09/2009#Main purpose: Publication of final CLC 2000 coverages.#The 2nd CLC inventory for the reference year of 2000 (CLC 2000) was carried out in the frames of I&CLC 2000 project. A single date Landsat-7 ETM satellite imagery taken in 1999-2001 was provided by JRC. The technology of drawing the interpretation on transparencies was discarded and replaced by CAPI (computer-assisted photo-interpretation). Prior to mapping changes CLC 1990 data had to be corrected: 1) bulk geometric mistakes removed and residual geometric errors >100 m and coding mistakes were corrected; 2) polygons smaller than the 25 ha MMU were generalised. European QC was conducted by visiting national teams (usually at the start and towards the end of the project). Computer-assisted verification has provided written, geo-located explanations regarding the mistakes and supported harmonized production of the database all over Europe. #Changes from previous release (V1): #* It was to deliver a single seamless layer, but was not feasible in ESRI environment. Therefore, seamless ESRI ArcInfo Librarian map tiles were produced again (but free of tiling artefacts reported in V1). #* New country deliveries integrated into European CLC 2000 ME, RS (incl. XK), IS and NO. Simple harmonization along national borders of these countries was done (small artefacts cleaned only). #* CLC 2000 data for MT have been updated to reflect changed geometry in CLC 2006 delivery.#* The dissemination and use of products was defined in an agreement between the EEA, the EC and the participating countries.##Version 1 (V1)#Release date: 08/2005 #Main purpose: Publication of initial European coverage of CLC 2000 and CLCC (1990, 2000) data.#Changes from previous release (V0): #* The first consolidated version of European CLC data have been produced as integrated and harmonised seamless layer in ESRI ArcInfo Workstation Librarian map tiles.#* The production of the first CLCC database has started, but no consolidated methodology was available.#* Initial CLC 2000 coverage included 32 countries: AL, AT, BE, BA, BG, CY, CZ, DE, DK, EE, ES, FI, FR, GR, HR, HU, IE, IT, LV, LI, LT, LU, MK, MT, NL, PL, PT, RO, SI, SK, SE and the UK. Missing countries in CLC 2000: CH, IS, ME, NO, RS (including XK) and TR.#* CLC 1990 for most of the countries has been replaced by revised CLC 1990. Some additional countries have produced CLC 1990. Still missing in CLC 1990 European coverage: CY, LI, MT, SE and UK. #* Full harmonization (visual re-interpretation by keeping the 25 ha MMU) inside a 5-km wide strip along national borders was done including 32 countries for CLC 2000 and 24 countries for CLCC (1990, 2000). #* Semi-automatic harmonisation of 2-km wide strip along national borders was done for CLC 1990. #* Vector to raster conversion: “cell centre” method was applied.#* The 25 ha MMU is considered as hard limit. Polygons <25 ha were generalised.#* Dual ownership of CLC and CLCC data (EEA and the country) was introduced. ##Version 0 (V0)#Release dates: up to 12/2000#Main purpose: Distribution of country-level CLC 1990 data and creation of European raster products.#The period of the first CLC inventory was rather long (1985-1996) and 1990 is considered as reference year. CLC 1990 data delivered by countries became part of GISCO database. Releases were provided bi-annually. Following political changes in Central and Eastern Europe 10 additional countries joined. The methodology was visual photointerpretation by drawing the CLC map on transparency, placed on top of satellite image hardcopy at scale 1:100.000.#* CLC 1990 vector and raster data were initially available for 12 countries: AT, BE, DE, DK, ES, FR, GR, IE, IT, LU, NL and PT. Raster only data were available for FI and UK.#* The EC Phare programme supported the implementation of CLC 1990 in 11 countries of Central and Eastern Europe between 1992 and 1998: BG, CZ and SK, EE, LV, LT, HU, PL, RO and SI.#* Integrated European vector dataset was available as ESRI ArcInfo Librarian and derived raster products as ESRI grids in 100m and 250m resolution.#* Data dissemination policy was unclear.
08560441-2fd5-4eb9-bf4c-9ef16725726a|Corine Land Cover 2006 (CLC2006) is one of the Corine Land Cover (CLC) datasets produced within the frame the Copernicus Land Monitoring Service referring to land cover / land use status of year 2006. ##CLC service has a long-time heritage (formerly known as "CORINE Land Cover Programme"), coordinated by the European Environment Agency (EEA). It provides consistent and thematically detailed information on land cover and land cover changes across Europe.##CLC datasets are based on the classification of satellite images produced by the national teams of the participating countries - the EEA members and cooperating countries (EEA39). National CLC inventories are then further integrated into a seamless land cover map of Europe. The resulting European database relies on standard methodology and nomenclature with following base parameters: 44 classes in the hierarchical 3-level CLC nomenclature; minimum mapping unit (MMU) for status layers is 25 hectares; minimum width of linear elements is 100 metres. Change layers have higher resolution, i.e. minimum mapping unit (MMU) is 5 hectares for Land Cover Changes (LCC), and the minimum width of linear elements is 100 metres. ##The CLC service delivers important data sets supporting the implementation of key priority areas of the Environment Action Programmes of the European Union as e.g. protecting ecosystems, halting the loss of biological diversity, tracking the impacts of climate change, monitoring urban land take, assessing developments in agriculture or dealing with water resources directives. part of the European Copernicus Programme coordinated by the European Environment Agency, providing environmental information from a combination of air- and space-based observation systems and in-situ monitoring.|Version 2020_20u1#Release date: 24-02-2020#File naming conventions simplified and better described. New file naming convention has been introduced based on user feedback on version 20. Filename is composed of combination of information about update campaign, data theme and reference year and version specification (including release year and release number).##The French DOMs are provided in separate databases (files both for vector and raster version of data).##All raster layers are back in 8 bit GeoTIFF. Modification is introduced based on the user feedback on version 20. In order to keep 8 bit resolution for raster change layers, they are divided into two files - representing consumption (from) and formation (to) part of change.##Version 20#Release date: 14-06-2019#Vector CLC database was provided by National Teams within original CLC1990, I&CLC2000 update, FTSP/CLC2006 update, CLC2012 update and CLC2018 update projects. All features in original vector database were classified and digitised based on satellite images with 100 m positional accuracy (according to CLC specifications) and 25 ha minimum mapping unit into the standardized CLC nomenclature (44 CLC classes).##European Corine Land Cover seamless DBs represent the final product of European data integration. The process of data integration started when national deliveries have been accepted and the Database Acceptance Report (DBTA) delivered . Delivered national data were produced in local national systems of all participating countries. Each national Coordinate Reference System (CRS) definition had to be known precisely together with its geometric relationship to a standard system in order to accurately transfer all national data into a standard European coordinate reference - ETRS89/LAEA1052.#Mostly, the process itself was carried out by global equation-based transformation to ETRS89 (e.g. seven-parameters Bursa-Wolf methods). The accuracy of a particular transformation ranges from centimetres to meters depending on the method and the quality and number of control points available to define the transformation parameters, but, in any case, the accuracy is far above the actual CLC data resolution (for more details see the DBTA reports for particular country). National data, when transformed into the common European reference, are introduced into tiled pan-European structure and as final step seamless dataset is produced.##In order to achieve production of the real seamless European database, the integration step includes also harmonization of database along country borders. It consists from edge-matching of land cover polygons from the national databases across national borders done by a verification / re-interpretation of the satellite images in the border regions (2 km wide strip along borders). The satellite images from IMAGE2000. CLC1990, CHA9000 and CLC2000 database were harmonized this way, but the order to priority was as following: CLC2000, both geometric and thematic adaptations of all polygons in a 2 km strip along national boundary lines; CHA9000 database to ensure that#changes in CLC2000 are consistent with the change database; corrected CLC90 (if provided by the MS); corrections were focused to geometric adaptations in semi-automatical way based on CLC00 and CHA00 databases. Border harmonization step has been skipped for CHA0006, CHA0612, CLC2012 and clc2018 datasets. Simplified border harmonization step for CLC2006 dataset has been created for these countries: CH, NO, KO, TR, IE.#A simplified border matching has been applied:#- <25 ha polygons are NOT systematically removed (see next bullet).#- Sliver-like polygons (area < cca. 5 ha - soft limit) are generalised to largest or thematically most similar neighbour.#- CLC-code differences in polygons along two sides of the border are NOT changed#Only polygons with area <= 0,1ha were eliminated in CHA0006, CHA0612, CLC2012 and for CLC2018 datasets and CLC2006 dataset (besides the above-mentioned cases) and in parts newly added in campaigns 2006 and 2012 too##Note: Some artificial lines (dividing polygons with the same code) can be still present in database due to technical constraints of current ArcGIS technology, but has no impact for dataset contents and can be dissolved for data extracts.##Version 18 (V18)#Release date: 19-09-2016 (see V18_5_1)#Main purpose of the release: Publication of the final, corrected CLC 2012 data.#The 4th CLC inventory for the reference year of 2012 was produced under the Copernicus Initial Operations (GIO). It has the shortest production time in history of CLC. Two high-resolution satellite image coverages (IRS Resourcesat-1/2, SPOT-4/5, RapidEye constellation) taken in 2011-2012 provided multi-temporal information to support the update. Computer Assisted Photointerpretation (CAPI) was the prevailing methodology applied in interpreting of satellite images. FI, DE, IC, IE, NO, ES and SE applied a semi-automatic methodology. UK has turned from semiautomatic processing to CAPI because no national hi-res dataset was available for 2012. Most of the QC was conducted in remote verifications. IT and ES were verified by regions. In producing the European products, a simplified border matching was applied (see Version 15).# Changes from previous main release (Version 17): #* Inclusion of CLC 2012 layers for all the EEA39 countries.#* Production of CLC 2006 for Greece (in V18_3) and all CLCs for Channel Islands (V18_1).#* Revised CLC 2000 and CLC 2006 layers were made available (V18_5).#* Change in rasterization algorithm (V18_2).#Known problems: #* Some redundant lines between neighbouring polygons with the same code are still present, but only as result of persisting ‘adaptive tilling’ procedure (limitation of ESRI ArcGIS technology for large datasets).#* Polygons <25 ha can be present along national borders and along 'adaptive tilling' tiles boundaries.## for full information about the coverage of this version.## for full information about all sub-versions of this version.##Version 17 (V17)#Release date: 02-12-2013#Main purpose of the release: Maintenance / Increased European coverage of CLC time series data.#Changes from previous release (V16): #* Full CLC and CLCC data time series (from CLC 1990 to CLC 2006 including all CLCC datasets) has been included for the Autonomous Region of the Azores (PT). ##Version 16 (V16)#Release date: 15-04-2012 #Main purpose: Maintenance / Increased and improved European coverage of CLC time series data.#Changes from previous release (V15): #* CLC 1990 coverage: TR has been delivered CLC 1990 and CLCC (1990, 2000) data. Still missing CLC 1990 data: AL, BA, CH, CY, FI, IS, MK, NO, SE, UK and the XK.#* CLC 2000_revised layer covering 27 countries was included (CLC 2000 data revised during production of CLC 2006).#* Shift in MT geographic position has been corrected. All CLC layers for MT have been re-projected.#* A few coding inconsistences were corrected.##Version 15 (V5) #Release date: 20-07-2011 #Main purpose: Publication of final CLC2 006 data.#The 3rd CLC inventory for the reference year of 2006 was produced under GMES Fast Track Service on Land Monitoring. The CLCC database was considered as the primary product, and a uniform change mapping methodology was agreed. Dual date satellite imagery (SPOT-4/5 and IRS P6) taken in 2005-2007 provided enhanced change mapping capabilities. Some of the countries newly entering CLC have produced CLC 2000 datasets also during the project time frame. Scanned topographic maps and digital aerial ortho-imagery have become commonly available. CAPI was the prevailing method applied in interpreting of satellite images. Nevertheless, FI, IS, NO, SE and the UK applied a semiautomatic methodology. Most of the European QC was conducted by visiting national teams (see Version 2). In some cases, remote verification was applied (without mission to countries). ES and IT were verified by regions. #Changes from previous release (V14 (V4)): #* CLC 2006 data covering Great Britain (part of UK) and TR were delivered. Thus, CLC 2006 European coverage includes 38 countries of the EEA39. Still missing CLC 2006 data for Greece.#* A simplified border matching was applied for countries new in CLC: XK, NO, CH and Türkiye: 1) <25 ha polygons along the borders are not removed systematically; 2) sliver-like polygons (area < cca. 5 ha) are generalised to largest or thematically most similar neighbour. #* For the rest of CLC 2006 countries a simple border-matching was applied. Code differences along two sides of borders are not changed. Only polygons with area ≤ 0,1 ha (sliver polygons) are eliminated. #* Data dissemination: CLC data become freely accessible from the EEA to any person or legal entity.##Version 14 (V4)#Release date: 25-10-2010#Main purpose: Maintenance / Increased European coverage of CLC 2006 and CLC 2000 data.#Changes from previous release (V13 (V3)): #* CLC 2006 European coverage includes 37 full countries of EEA39. New data for Northern Ireland (part of the UK), Madeira Islands (part of PT), CH, IS and TR were added to CLC 2006 data. Still missing CLC 2006: GR and the UK (except Northern Ireland).#* New data for Madeira Islands (PT), CH and IS were added into the European CLC 2000 coverage, which includes already the EE39. However, CLCC (1990, 2000) is available for 28 countries only.#* New data for Madeira Islands (PT) were added into CLC 1990 and CLCC (1990, 2000). Still missing CLC 1990 data: AL, BA, CH, CY, FI, IS, MK, NO, SE, TR, UK and XK.##The seamless European database has been further improved addressing feedback from the EEA on V13 (V3):#* No-data buffer (code 999) outside of valid data area was deleted.#* Small gaps identified in V13 were corrected by tolerance adaptation in ArcGIS v10 geodatabase.#* Remaining neighbour polygons with the same code were resolved by additional dissolve operation.##Version 13 (V3)#Release date: 02/2010 #Main purpose: Publication of initial European coverage of CLC 2006 data. #Changes from previous release (V2): #* Version numbering was changed to harmonise vector data (V3) and derived raster data (V13) releases. #* First seamless release in ESRI Geodatabase format.#* Initial coverage of CLC 2006 including 35 countries and Northern Ireland (part of the UK). Missing countries in CLC 2006: GR, CH, TR and the UK (except Northern Ireland).#* Two updates added to CLC 2000: a new version for NO and the first CLC dataset for TR.#* Sea buffer around land has been introduced (15 km as proxy to 12 nautical miles’ sea zone).##Version 2 (V2)#Release date: 09/2009#Main purpose: Publication of final CLC 2000 coverages.#The 2nd CLC inventory for the reference year of 2000 (CLC 2000) was carried out in the frames of I&CLC 2000 project. A single date Landsat-7 ETM satellite imagery taken in 1999-2001 was provided by JRC. The technology of drawing the interpretation on transparencies was discarded and replaced by CAPI (computer-assisted photo-interpretation). Prior to mapping changes CLC 1990 data had to be corrected: 1) bulk geometric mistakes removed and residual geometric errors >100 m and coding mistakes were corrected; 2) polygons smaller than the 25 ha MMU were generalised. European QC was conducted by visiting national teams (usually at the start and towards the end of the project). Computer-assisted verification has provided written, geo-located explanations regarding the mistakes and supported harmonized production of the database all over Europe. #Changes from previous release (V1): #* It was to deliver a single seamless layer, but was not feasible in ESRI environment. Therefore, seamless ESRI ArcInfo Librarian map tiles were produced again (but free of tiling artefacts reported in V1). #* New country deliveries integrated into European CLC 2000 ME, RS (incl. XK), IS and NO. Simple harmonization along national borders of these countries was done (small artefacts cleaned only). #* CLC 2000 data for MT have been updated to reflect changed geometry in CLC 2006 delivery.#* The dissemination and use of products was defined in an agreement between the EEA, the EC and the participating countries.##Version 1 (V1)#Release date: 08/2005 #Main purpose: Publication of initial European coverage of CLC 2000 and CLCC (1990, 2000) data.#Changes from previous release (V0): #* The first consolidated version of European CLC data have been produced as integrated and harmonised seamless layer in ESRI ArcInfo Workstation Librarian map tiles.#* The production of the first CLCC database has started, but no consolidated methodology was available.#* Initial CLC 2000 coverage included 32 countries: AL, AT, BE, BA, BG, CY, CZ, DE, DK, EE, ES, FI, FR, GR, HR, HU, IE, IT, LV, LI, LT, LU, MK, MT, NL, PL, PT, RO, SI, SK, SE and the UK. Missing countries in CLC 2000: CH, IS, ME, NO, RS (including XK) and TR.#* CLC 1990 for most of the countries has been replaced by revised CLC 1990. Some additional countries have produced CLC 1990. Still missing in CLC 1990 European coverage: CY, LI, MT, SE and UK. #* Full harmonization (visual re-interpretation by keeping the 25 ha MMU) inside a 5-km wide strip along national borders was done including 32 countries for CLC 2000 and 24 countries for CLCC (1990, 2000). #* Semi-automatic harmonisation of 2-km wide strip along national borders was done for CLC 1990. #* Vector to raster conversion: “cell centre” method was applied.#* The 25 ha MMU is considered as hard limit. Polygons <25 ha were generalised.#* Dual ownership of CLC and CLCC data (EEA and the country) was introduced. ##Version 0 (V0)#Release dates: up to 12/2000#Main purpose: Distribution of country-level CLC 1990 data and creation of European raster products.#The period of the first CLC inventory was rather long (1985-1996) and 1990 is considered as reference year. CLC 1990 data delivered by countries became part of GISCO database. Releases were provided bi-annually. Following political changes in Central and Eastern Europe 10 additional countries joined. The methodology was visual photointerpretation by drawing the CLC map on transparency, placed on top of satellite image hardcopy at scale 1:100.000.#* CLC 1990 vector and raster data were initially available for 12 countries: AT, BE, DE, DK, ES, FR, GR, IE, IT, LU, NL and PT. Raster only data were available for FI and UK.#* The EC Phare programme supported the implementation of CLC 1990 in 11 countries of Central and Eastern Europe between 1992 and 1998: BG, CZ and SK, EE, LV, LT, HU, PL, RO and SI.#* Integrated European vector dataset was available as ESRI ArcInfo Librarian and derived raster products as ESRI grids in 100m and 250m resolution.#* Data dissemination policy was unclear.
fe3425ad-a71e-454c-97a9-586613af8191|Corine Land Cover Change 2006-2012 (CHA0612) is one of the Corine Land Cover (CLC) datasets produced within the frame the Copernicus Land Monitoring Service referring to changes in land cover / land use status between the years 2006 and 2012. CHA is derived from satellite imagery by direct mapping of changes taken place between two consecutive inventories, based on image-to-image comparison.##CLC service has a long-time heritage (formerly known as "CORINE Land Cover Programme"), coordinated by the European Environment Agency (EEA). It provides consistent and thematically detailed information on land cover and land cover changes across Europe.##CLC datasets are based on the classification of satellite images produced by the national teams of the participating countries - the EEA members and cooperating countries (EEA39). National CLC inventories are then further integrated into a seamless land cover map of Europe. The resulting European database relies on standard methodology and nomenclature with following base parameters: 44 classes in the hierarchical 3-level CLC nomenclature; minimum mapping unit (MMU) for status layers is 25 hectares; minimum width of linear elements is 100 metres. Change layers have higher resolution, i.e. minimum mapping unit (MMU) is 5 hectares for Land Cover Changes (CHA), and the minimum width of linear elements is 100 metres. ##The CLC service delivers important data sets supporting the implementation of key priority areas of the Environment Action Programmes of the European Union as e.g. protecting ecosystems, halting the loss of biological diversity, tracking the impacts of climate change, monitoring urban land take, assessing developments in agriculture or dealing with water resources directives. part of the European Copernicus Programme coordinated by the European Environment Agency, providing environmental information from a combination of air- and space-based observation systems and in-situ monitoring.|Version 2020_20u1##Release date: 24-02-2020#File naming conventions simplified and better described. New file naming convention has been introduced based on user feedback on version 20. Filename is composed of combination of information about update campaign, data theme and reference year and version specification (including release year and release number).##The French DOMs are provided in separate databases (files both for vector and raster version of data).##All raster layers are back in 8 bit GeoTIFF. Modification is introduced based on the user feedback on version 20. In order to keep 8 bit resolution for raster change layers, they are divided into two files - representing consumption (from) and formation (to) part of change.##Version 20#Release date: 14-06-2019#Vector CLC database was provided by National Teams within original CLC1990, CLC2000 update, FTSP/CLC2006 update, CLC2012 update and CLC2018 update projects. All features in original vector database were classified and digitised based on satellite images with 100 m positional accuracy (according to CLC specifications) and 25 ha minimum mapping unit into the standardized CLC nomenclature (44 CLC classes).##European Corine Land Cover seamless DBs represent the final product of European data integration. The process of data integration started when national deliveries have been accepted and the Database Acceptance Report (DBTA) delivered . Delivered national data were produced in local national systems of all participating countries. Each national Coordinate Reference System (CRS) definition had to be known precisely together with its geometric relationship to a standard system in order to accurately transfer all national data into a standard European coordinate reference - ETRS89/LAEA1052.#Mostly, the process itself was carried out by global equation-based transformation to ETRS89 (e.g. seven-parameters Bursa-Wolf methods). The accuracy of a particular transformation ranges from centimetres to meters depending on the method and the quality and number of control points available to define the transformation parameters, but, in any case, the accuracy is far above the actual CLC data resolution (for more details see the DBTA reports for particular country). National data, when transformed into the common European reference, are introduced into tiled pan-European structure and as final step seamless dataset is produced.##In order to achieve production of the real seamless European database, the integration step includes also harmonization of database along country borders. It consists from edge-matching of land cover polygons from the national databases across national borders done by a verification / re-interpretation of the satellite images in the border regions (2 km wide strip along borders). The satellite images from IMAGE2000. CLC1990, CHA9000 and CLC2000 database were harmonized this way, but the order to priority was as following: CLC2000, both geometric and thematic adaptations of all polygons in a 2 km strip along national boundary lines; CHA9000 database to ensure that#changes in CLC2000 are consistent with the change database; corrected CLC90 (if provided by the MS); corrections were focused to geometric adaptations in semi-automatical way based on CLC00 and CHA00 databases. Border harmonization step has been skipped for CHA0006, CHA0612, CLC2012 and CLC2018 datasets. Simplified border harmonization step for CLC2006 dataset has been created for these countries: CH, NO, KO, TR, IE.##A simplified border matching has been applied:##- < 25 ha polygons are NOT systematically removed (see next bullet).##- Sliver-like polygons (area < cca. 5 ha - soft limit) are generalised to largest or thematically most similar neighbour.##- CLC-code differences in polygons along two sides of the border are NOT changed ##Only polygons with area <= 0,1ha were eliminated in CHA0006, CHA0612, CLC2012 and for CLC2018 datasets and CLC2006 dataset (besides the above-mentioned cases) and in parts newly added in campaigns 2006 and 2012 too##Note: Some artificial lines (dividing polygons with the same code) can be still present in database due to technical constraints of current ArcGIS technology, but has no impact for dataset contents and can be dissolved for data extracts.# #Version 18 (V18)#Release date: 19-09-2016 (see V18_5_1)#Main purpose of the release: Publication of the final, corrected CLC 2012 data.#The 4th CLC inventory for the reference year of 2012 was produced under the Copernicus Initial Operations (GIO). It has the shortest production time in history of CLC. Two high-resolution satellite image coverages (IRS Resourcesat-1/2, SPOT-4/5, RapidEye constellation) taken in 2011-2012 provided multi-temporal information to support the update. Computer Assisted Photointerpretation (CAPI) was the prevailing methodology applied in interpreting of satellite images. FI, DE, IC, IE, NO, ES and SE applied a semi-automatic methodology. UK has turned from semiautomatic processing to CAPI because no national hi-res dataset was available for 2012. Most of the QC was conducted in remote verifications. IT and ES were verified by regions. In producing the European products, a simplified border matching was applied (see Version 15).# Changes from previous main release (Version 17): #* Inclusion of CLC 2012 layers for all the EEA39 countries.#* Production of CLC 2006 for Greece (in V18_3) and all CLCs for Channel Islands (V18_1).#* Revised CLC 2000 and CLC 2006 layers were made available (V18_5).#* Change in rasterization algorithm (V18_2).#Known problems: #* Some redundant lines between neighbouring polygons with the same code are still present, but only as result of persisting ‘adaptive tilling’ procedure (limitation of ESRI ArcGIS technology for large datasets).#* Polygons <25 ha can be present along national borders and along 'adaptive tilling' tiles boundaries.## for full information about the coverage of this version.## for full information about all sub-versions of this version.##Version 17 (V17)#Release date: 02-12-2013#Main purpose of the release: Maintenance / Increased European coverage of CLC time series data.#Changes from previous release (V16): #* Full CLC and CLCC data time series (from CLC 1990 to CLC 2006 including all CLCC datasets) has been included for the Autonomous Region of the Azores (PT). ##Version 16 (V16)#Release date: 15-04-2012 #Main purpose: Maintenance / Increased and improved European coverage of CLC time series data.#Changes from previous release (V15): #* CLC 1990 coverage: TR has been delivered CLC 1990 and CLCC (1990, 2000) data. Still missing CLC 1990 data: AL, BA, CH, CY, FI, IS, MK, NO, SE, UK and the XK.#* CLC 2000_revised layer covering 27 countries was included (CLC 2000 data revised during production of CLC 2006).#* Shift in MT geographic position has been corrected. All CLC layers for MT have been re-projected.#* A few coding inconsistences were corrected.##Version 15 (V5) #Release date: 20-07-2011 #Main purpose: Publication of final CLC2 006 data.#The 3rd CLC inventory for the reference year of 2006 was produced under GMES Fast Track Service on Land Monitoring. The CLCC database was considered as the primary product, and a uniform change mapping methodology was agreed. Dual date satellite imagery (SPOT-4/5 and IRS P6) taken in 2005-2007 provided enhanced change mapping capabilities. Some of the countries newly entering CLC have produced CLC 2000 datasets also during the project time frame. Scanned topographic maps and digital aerial ortho-imagery have become commonly available. CAPI was the prevailing method applied in interpreting of satellite images. Nevertheless, FI, IS, NO, SE and the UK applied a semiautomatic methodology. Most of the European QC was conducted by visiting national teams (see Version 2). In some cases, remote verification was applied (without mission to countries). ES and IT were verified by regions. #Changes from previous release (V14 (V4)): #* CLC 2006 data covering Great Britain (part of UK) and TR were delivered. Thus, CLC 2006 European coverage includes 38 countries of the EEA39. Still missing CLC 2006 data for Greece.#* A simplified border matching was applied for countries new in CLC: XK, NO, CH and Türkiye: 1) <25 ha polygons along the borders are not removed systematically; 2) sliver-like polygons (area < cca. 5 ha) are generalised to largest or thematically most similar neighbour. #* For the rest of CLC 2006 countries a simple border-matching was applied. Code differences along two sides of borders are not changed. Only polygons with area ≤ 0,1 ha (sliver polygons) are eliminated. #* Data dissemination: CLC data become freely accessible from the EEA to any person or legal entity.##Version 14 (V4)#Release date: 25-10-2010#Main purpose: Maintenance / Increased European coverage of CLC 2006 and CLC 2000 data.#Changes from previous release (V13 (V3)): #* CLC 2006 European coverage includes 37 full countries of EEA39. New data for Northern Ireland (part of the UK), Madeira Islands (part of PT), CH, IS and TR were added to CLC 2006 data. Still missing CLC 2006: GR and the UK (except Northern Ireland).#* New data for Madeira Islands (PT), CH and IS were added into the European CLC 2000 coverage, which includes already the EE39. However, CLCC (1990, 2000) is available for 28 countries only.#* New data for Madeira Islands (PT) were added into CLC 1990 and CLCC (1990, 2000). Still missing CLC 1990 data: AL, BA, CH, CY, FI, IS, MK, NO, SE, TR, UK and XK.##The seamless European database has been further improved addressing feedback from the EEA on V13 (V3):#* No-data buffer (code 999) outside of valid data area was deleted.#* Small gaps identified in V13 were corrected by tolerance adaptation in ArcGIS v10 geodatabase.#* Remaining neighbour polygons with the same code were resolved by additional dissolve operation.##Version 13 (V3)#Release date: 02/2010 #Main purpose: Publication of initial European coverage of CLC 2006 data. #Changes from previous release (V2): #* Version numbering was changed to harmonise vector data (V3) and derived raster data (V13) releases. #* First seamless release in ESRI Geodatabase format.#* Initial coverage of CLC 2006 including 35 countries and Northern Ireland (part of the UK). Missing countries in CLC 2006: GR, CH, TR and the UK (except Northern Ireland).#* Two updates added to CLC 2000: a new version for NO and the first CLC dataset for TR.#* Sea buffer around land has been introduced (15 km as proxy to 12 nautical miles’ sea zone).##Version 2 (V2)#Release date: 09/2009#Main purpose: Publication of final CLC 2000 coverages.#The 2nd CLC inventory for the reference year of 2000 (CLC 2000) was carried out in the frames of I&CLC 2000 project. A single date Landsat-7 ETM satellite imagery taken in 1999-2001 was provided by JRC. The technology of drawing the interpretation on transparencies was discarded and replaced by CAPI (computer-assisted photo-interpretation). Prior to mapping changes CLC 1990 data had to be corrected: 1) bulk geometric mistakes removed and residual geometric errors >100 m and coding mistakes were corrected; 2) polygons smaller than the 25 ha MMU were generalised. European QC was conducted by visiting national teams (usually at the start and towards the end of the project). Computer-assisted verification has provided written, geo-located explanations regarding the mistakes and supported harmonized production of the database all over Europe. #Changes from previous release (V1): #* It was to deliver a single seamless layer, but was not feasible in ESRI environment. Therefore, seamless ESRI ArcInfo Librarian map tiles were produced again (but free of tiling artefacts reported in V1). #* New country deliveries integrated into European CLC 2000 ME, RS (incl. XK), IS and NO. Simple harmonization along national borders of these countries was done (small artefacts cleaned only). #* CLC 2000 data for MT have been updated to reflect changed geometry in CLC 2006 delivery.#* The dissemination and use of products was defined in an agreement between the EEA, the EC and the participating countries.##Version 1 (V1)#Release date: 08/2005 #Main purpose: Publication of initial European coverage of CLC 2000 and CLCC (1990, 2000) data.#Changes from previous release (V0): #* The first consolidated version of European CLC data have been produced as integrated and harmonised seamless layer in ESRI ArcInfo Workstation Librarian map tiles.#* The production of the first CLCC database has started, but no consolidated methodology was available.#* Initial CLC 2000 coverage included 32 countries: AL, AT, BE, BA, BG, CY, CZ, DE, DK, EE, ES, FI, FR, GR, HR, HU, IE, IT, LV, LI, LT, LU, MK, MT, NL, PL, PT, RO, SI, SK, SE and the UK. Missing countries in CLC 2000: CH, IS, ME, NO, RS (including XK) and TR.#* CLC 1990 for most of the countries has been replaced by revised CLC 1990. Some additional countries have produced CLC 1990. Still missing in CLC 1990 European coverage: CY, LI, MT, SE and UK. #* Full harmonization (visual re-interpretation by keeping the 25 ha MMU) inside a 5-km wide strip along national borders was done including 32 countries for CLC 2000 and 24 countries for CLCC (1990, 2000). #* Semi-automatic harmonisation of 2-km wide strip along national borders was done for CLC 1990. #* Vector to raster conversion: “cell centre” method was applied.#* The 25 ha MMU is considered as hard limit. Polygons <25 ha were generalised.#* Dual ownership of CLC and CLCC data (EEA and the country) was introduced. ##Version 0 (V0)#Release dates: up to 12/2000#Main purpose: Distribution of country-level CLC 1990 data and creation of European raster products.#The period of the first CLC inventory was rather long (1985-1996) and 1990 is considered as reference year. CLC 1990 data delivered by countries became part of GISCO database. Releases were provided bi-annually. Following political changes in Central and Eastern Europe 10 additional countries joined. The methodology was visual photointerpretation by drawing the CLC map on transparency, placed on top of satellite image hardcopy at scale 1:100.000.#* CLC 1990 vector and raster data were initially available for 12 countries: AT, BE, DE, DK, ES, FR, GR, IE, IT, LU, NL and PT. Raster only data were available for FI and UK.#* The EC Phare programme supported the implementation of CLC 1990 in 11 countries of Central and Eastern Europe between 1992 and 1998: BG, CZ and SK, EE, LV, LT, HU, PL, RO and SI.#* Integrated European vector dataset was available as ESRI ArcInfo Librarian and derived raster products as ESRI grids in 100m and 250m resolution.#* Data dissemination policy was unclear.
c62bb056-5ac3-4512-b642-7f484175d951|Corine Land Cover Change 1990-2000 (CHA9000) is one of the Corine Land Cover (CLC) datasets produced within the frame the Copernicus Land Monitoring Service referring to changes in land cover / land use status between the years 1990 and 2000. CHA is derived from satellite imagery by direct mapping of changes taken place between two consecutive inventories, based on image-to-image comparison.##CLC service has a long-time heritage (formerly known as "CORINE Land Cover Programme"), coordinated by the European Environment Agency (EEA). It provides consistent and thematically detailed information on land cover and land cover changes across Europe.##CLC datasets are based on the classification of satellite images produced by the national teams of the participating countries - the EEA members and cooperating countries (EEA39). National CLC inventories are then further integrated into a seamless land cover map of Europe. The resulting European database relies on standard methodology and nomenclature with following base parameters: 44 classes in the hierarchical 3-level CLC nomenclature; minimum mapping unit (MMU) for status layers is 25 hectares; minimum width of linear elements is 100 metres. Change layers have higher resolution, i.e. minimum mapping unit (MMU) is 5 hectares for Land Cover Changes (CHA), and the minimum width of linear elements is 100 metres.##The CLC service delivers important data sets supporting the implementation of key priority areas of the Environment Action Programmes of the European Union as e.g. protecting ecosystems, halting the loss of biological diversity, tracking the impacts of climate change, monitoring urban land take, assessing developments in agriculture or dealing with water resources directives. part of the European Copernicus Programme coordinated by the European Environment Agency, providing environmental information from a combination of air- and space-based observation systems and in-situ monitoring.|Version 2020_20u1#Release date: 24-02-2020#File naming conventions simplified and better described. New file naming convention has been introduced based on user feedback on version 20. Filename is composed of combination of information about update campaign, data theme and reference year and version specification (including release year and release number).##The French DOMs are provided in separate databases (files both for vector and raster version of data).##All raster layers are back in 8 bit GeoTIFF. Modification is introduced based on the user feedback on version 20. In order to keep 8 bit resolution for raster change layers, they are divided into two files - representing consumption (from) and formation (to) part of change.##Version 20#Release date: 14-06-2019#Vector CLC database was provided by National Teams within original CLC1990, I&CLC2000 update, FTSP/CLC2006 update, CLC2012 update and CLC2018 update projects. All features in original vector database were classified and digitised based on satellite images with 100 m positional accuracy (according to CLC specifications) and 25 ha minimum mapping unit into the standardized CLC nomenclature (44 CLC classes).##European Corine Land Cover seamless DBs represent the final product of European data integration. The process of data integration started when national deliveries have been accepted and the Database Acceptance Report (DBTA) delivered . Delivered national data were produced in local national systems of all participating countries. Each national Coordinate Reference System (CRS) definition had to be known precisely together with its geometric relationship to a standard system in order to accurately transfer all national data into a standard European coordinate reference - ETRS89/LAEA1052.#Mostly, the process itself was carried out by global equation-based transformation to ETRS89 (e.g. seven-parameters Bursa-Wolf methods). The accuracy of a particular transformation ranges from centimetres to meters depending on the method and the quality and number of control points available to define the transformation parameters, but, in any case, the accuracy is far above the actual CLC data resolution (for more details see the DBTA reports for particular country). National data, when transformed into the common European reference, are introduced into tiled pan-European structure and as final step seamless dataset is produced.##In order to achieve production of the real seamless European database, the integration step includes also harmonization of database along country borders. It consists from edge-matching of land cover polygons from the national databases across national borders done by a verification / re-interpretation of the satellite images in the border regions (2 km wide strip along borders). The satellite images from IMAGE2000. CLC1990, CHA9000 and CLC2000 database were harmonized this way, but the order to priority was as following: CLC2000, both geometric and thematic adaptations of all polygons in a 2 km strip along national boundary lines; CHA9000 database to ensure that#changes in CLC2000 are consistent with the change database; corrected CLC90 (if provided by the MS); corrections were focused to geometric adaptations in semi-automatical way based on CLC00 and CHA00 databases. Border harmonization step has been skipped for CHA0006, CHA0612, CLC2012 and CLC2018 datasets. Simplified border harmonization step for CLC2006 dataset has been created for these countries: CH, NO, KO, TR, IE.#A simplified border matching has been applied:#- <25 ha polygons are NOT systematically removed (see next bullet).#- Sliver-like polygons (area < cca. 5 ha - soft limit) are generalised to largest or thematically most similar neighbour.#- CLC-code differences in polygons along two sides of the border are NOT changed#Only polygons with area <= 0,1ha were eliminated in CHA0006, CHA0612, CLC2012 and for CLC2018 datasets and CLC2006 dataset (besides the above-mentioned cases) and in parts newly added in campaigns 2006 and 2012 too##Note: Some artificial lines (dividing polygons with the same code) can be still present in database due to technical constraints of current ArcGIS technology, but has no impact for dataset contents and can be dissolved for data extracts.##Version 18 (V18)#Release date: 19-09-2016 (see V18_5_1)#Main purpose of the release: Publication of the final, corrected CLC 2012 data.#The 4th CLC inventory for the reference year of 2012 was produced under the Copernicus Initial Operations (GIO). It has the shortest production time in history of CLC. Two high-resolution satellite image coverages (IRS Resourcesat-1/2, SPOT-4/5, RapidEye constellation) taken in 2011-2012 provided multi-temporal information to support the update. Computer Assisted Photointerpretation (CAPI) was the prevailing methodology applied in interpreting of satellite images. FI, DE, IC, IE, NO, ES and SE applied a semi-automatic methodology. UK has turned from semiautomatic processing to CAPI because no national hi-res dataset was available for 2012. Most of the QC was conducted in remote verifications. IT and ES were verified by regions. In producing the European products, a simplified border matching was applied (see Version 15).# Changes from previous main release (Version 17): #* Inclusion of CLC 2012 layers for all the EEA39 countries.#* Production of CLC 2006 for Greece (in V18_3) and all CLCs for Channel Islands (V18_1).#* Revised CLC 2000 and CLC 2006 layers were made available (V18_5).#* Change in rasterization algorithm (V18_2).#Known problems: #* Some redundant lines between neighbouring polygons with the same code are still present, but only as result of persisting ‘adaptive tilling’ procedure (limitation of ESRI ArcGIS technology for large datasets).#* Polygons <25 ha can be present along national borders and along 'adaptive tilling' tiles boundaries.## for full information about the coverage of this version.## for full information about all sub-versions of this version.##Version 17 (V17)#Release date: 02-12-2013#Main purpose of the release: Maintenance / Increased European coverage of CLC time series data.#Changes from previous release (V16): #* Full CLC and CLCC data time series (from CLC 1990 to CLC 2006 including all CLCC datasets) has been included for the Autonomous Region of the Azores (PT). ##Version 16 (V16)#Release date: 15-04-2012 #Main purpose: Maintenance / Increased and improved European coverage of CLC time series data.#Changes from previous release (V15): #* CLC 1990 coverage: TR has been delivered CLC 1990 and CLCC (1990, 2000) data. Still missing CLC 1990 data: AL, BA, CH, CY, FI, IS, MK, NO, SE, UK and the XK.#* CLC 2000_revised layer covering 27 countries was included (CLC 2000 data revised during production of CLC 2006).#* Shift in MT geographic position has been corrected. All CLC layers for MT have been re-projected.#* A few coding inconsistences were corrected.##Version 15 (V5) #Release date: 20-07-2011 #Main purpose: Publication of final CLC2 006 data.#The 3rd CLC inventory for the reference year of 2006 was produced under GMES Fast Track Service on Land Monitoring. The CLCC database was considered as the primary product, and a uniform change mapping methodology was agreed. Dual date satellite imagery (SPOT-4/5 and IRS P6) taken in 2005-2007 provided enhanced change mapping capabilities. Some of the countries newly entering CLC have produced CLC 2000 datasets also during the project time frame. Scanned topographic maps and digital aerial ortho-imagery have become commonly available. CAPI was the prevailing method applied in interpreting of satellite images. Nevertheless, FI, IS, NO, SE and the UK applied a semiautomatic methodology. Most of the European QC was conducted by visiting national teams (see Version 2). In some cases, remote verification was applied (without mission to countries). ES and IT were verified by regions. #Changes from previous release (V14 (V4)): #* CLC 2006 data covering Great Britain (part of UK) and TR were delivered. Thus, CLC 2006 European coverage includes 38 countries of the EEA39. Still missing CLC 2006 data for Greece.#* A simplified border matching was applied for countries new in CLC: XK, NO, CH and Türkiye: 1) <25 ha polygons along the borders are not removed systematically; 2) sliver-like polygons (area < cca. 5 ha) are generalised to largest or thematically most similar neighbour. #* For the rest of CLC 2006 countries a simple border-matching was applied. Code differences along two sides of borders are not changed. Only polygons with area ≤ 0,1 ha (sliver polygons) are eliminated. #* Data dissemination: CLC data become freely accessible from the EEA to any person or legal entity.##Version 14 (V4)#Release date: 25-10-2010#Main purpose: Maintenance / Increased European coverage of CLC 2006 and CLC 2000 data.#Changes from previous release (V13 (V3)): #* CLC 2006 European coverage includes 37 full countries of EEA39. New data for Northern Ireland (part of the UK), Madeira Islands (part of PT), CH, IS and TR were added to CLC 2006 data. Still missing CLC 2006: GR and the UK (except Northern Ireland).#* New data for Madeira Islands (PT), CH and IS were added into the European CLC 2000 coverage, which includes already the EE39. However, CLCC (1990, 2000) is available for 28 countries only.#* New data for Madeira Islands (PT) were added into CLC 1990 and CLCC (1990, 2000). Still missing CLC 1990 data: AL, BA, CH, CY, FI, IS, MK, NO, SE, TR, UK and XK.##The seamless European database has been further improved addressing feedback from the EEA on V13 (V3):#* No-data buffer (code 999) outside of valid data area was deleted.#* Small gaps identified in V13 were corrected by tolerance adaptation in ArcGIS v10 geodatabase.#* Remaining neighbour polygons with the same code were resolved by additional dissolve operation.##Version 13 (V3)#Release date: 02/2010 #Main purpose: Publication of initial European coverage of CLC 2006 data. #Changes from previous release (V2): #* Version numbering was changed to harmonise vector data (V3) and derived raster data (V13) releases. #* First seamless release in ESRI Geodatabase format.#* Initial coverage of CLC 2006 including 35 countries and Northern Ireland (part of the UK). Missing countries in CLC 2006: GR, CH, TR and the UK (except Northern Ireland).#* Two updates added to CLC 2000: a new version for NO and the first CLC dataset for TR.#* Sea buffer around land has been introduced (15 km as proxy to 12 nautical miles’ sea zone).##Version 2 (V2)#Release date: 09/2009#Main purpose: Publication of final CLC 2000 coverages.#The 2nd CLC inventory for the reference year of 2000 (CLC 2000) was carried out in the frames of I&CLC 2000 project. A single date Landsat-7 ETM satellite imagery taken in 1999-2001 was provided by JRC. The technology of drawing the interpretation on transparencies was discarded and replaced by CAPI (computer-assisted photo-interpretation). Prior to mapping changes CLC 1990 data had to be corrected: 1) bulk geometric mistakes removed and residual geometric errors >100 m and coding mistakes were corrected; 2) polygons smaller than the 25 ha MMU were generalised. European QC was conducted by visiting national teams (usually at the start and towards the end of the project). Computer-assisted verification has provided written, geo-located explanations regarding the mistakes and supported harmonized production of the database all over Europe. #Changes from previous release (V1): #* It was to deliver a single seamless layer, but was not feasible in ESRI environment. Therefore, seamless ESRI ArcInfo Librarian map tiles were produced again (but free of tiling artefacts reported in V1). #* New country deliveries integrated into European CLC 2000 ME, RS (incl. XK), IS and NO. Simple harmonization along national borders of these countries was done (small artefacts cleaned only). #* CLC 2000 data for MT have been updated to reflect changed geometry in CLC 2006 delivery.#* The dissemination and use of products was defined in an agreement between the EEA, the EC and the participating countries.##Version 1 (V1)#Release date: 08/2005 #Main purpose: Publication of initial European coverage of CLC 2000 and CLCC (1990, 2000) data.#Changes from previous release (V0): #* The first consolidated version of European CLC data have been produced as integrated and harmonised seamless layer in ESRI ArcInfo Workstation Librarian map tiles.#* The production of the first CLCC database has started, but no consolidated methodology was available.#* Initial CLC 2000 coverage included 32 countries: AL, AT, BE, BA, BG, CY, CZ, DE, DK, EE, ES, FI, FR, GR, HR, HU, IE, IT, LV, LI, LT, LU, MK, MT, NL, PL, PT, RO, SI, SK, SE and the UK. Missing countries in CLC 2000: CH, IS, ME, NO, RS (including XK) and TR.#* CLC 1990 for most of the countries has been replaced by revised CLC 1990. Some additional countries have produced CLC 1990. Still missing in CLC 1990 European coverage: CY, LI, MT, SE and UK. #* Full harmonization (visual re-interpretation by keeping the 25 ha MMU) inside a 5-km wide strip along national borders was done including 32 countries for CLC 2000 and 24 countries for CLCC (1990, 2000). #* Semi-automatic harmonisation of 2-km wide strip along national borders was done for CLC 1990. #* Vector to raster conversion: “cell centre” method was applied.#* The 25 ha MMU is considered as hard limit. Polygons <25 ha were generalised.#* Dual ownership of CLC and CLCC data (EEA and the country) was introduced. ##Version 0 (V0)#Release dates: up to 12/2000#Main purpose: Distribution of country-level CLC 1990 data and creation of European raster products.#The period of the first CLC inventory was rather long (1985-1996) and 1990 is considered as reference year. CLC 1990 data delivered by countries became part of GISCO database. Releases were provided bi-annually. Following political changes in Central and Eastern Europe 10 additional countries joined. The methodology was visual photointerpretation by drawing the CLC map on transparency, placed on top of satellite image hardcopy at scale 1:100.000.#* CLC 1990 vector and raster data were initially available for 12 countries: AT, BE, DE, DK, ES, FR, GR, IE, IT, LU, NL and PT. Raster only data were available for FI and UK.#* The EC Phare programme supported the implementation of CLC 1990 in 11 countries of Central and Eastern Europe between 1992 and 1998: BG, CZ and SK, EE, LV, LT, HU, PL, RO and SI.#* Integrated European vector dataset was available as ESRI ArcInfo Librarian and derived raster products as ESRI grids in 100m and 250m resolution.#* Data dissemination policy was unclear.
17ab2088-6907-470f-90b6-8c1364865803|Corine Land Cover Change 1990-2000 (CHA9000) is one of the Corine Land Cover (CLC) datasets produced within the frame the Copernicus Land Monitoring Service referring to changes in land cover / land use status between the years 1990 and 2000. CHA is derived from satellite imagery by direct mapping of changes taken place between two consecutive inventories, based on image-to-image comparison. ##CLC service has a long-time heritage (formerly known as "CORINE Land Cover Programme"), coordinated by the European Environment Agency (EEA). It provides consistent and thematically detailed information on land cover and land cover changes across Europe.##CLC datasets are based on the classification of satellite images produced by the national teams of the participating countries - the EEA members and cooperating countries (EEA39). National CLC inventories are then further integrated into a seamless land cover map of Europe. The resulting European database relies on standard methodology and nomenclature with following base parameters: 44 classes in the hierarchical 3-level CLC nomenclature; minimum mapping unit (MMU) for status layers is 25 hectares; minimum width of linear elements is 100 metres. Change layers have higher resolution, i.e. minimum mapping unit (MMU) is 5 hectares for Land Cover Changes (CHA), and the minimum width of linear elements is 100 metres. ##The CLC service delivers important data sets supporting the implementation of key priority areas of the Environment Action Programmes of the European Union as e.g. protecting ecosystems, halting the loss of biological diversity, tracking the impacts of climate change, monitoring urban land take, assessing developments in agriculture or dealing with water resources directives. part of the European Copernicus Programme coordinated by the European Environment Agency, providing environmental information from a combination of air- and space-based observation systems and in-situ monitoring.|Version 2020_20u1#Release date: 24-02-2020#File naming conventions simplified and better described. New file naming convention has been introduced based on user feedback on version 20. Filename is composed of combination of information about update campaign, data theme and reference year and version specification (including release year and release number).##The French DOMs are provided in separate databases (files both for vector and raster version of data).##All raster layers are back in 8 bit GeoTIFF. Modification is introduced based on the user feedback on version 20. In order to keep 8 bit resolution for raster change layers, they are divided into two files - representing consumption (from) and formation (to) part of change.##Version 20#Release date: 14-06-2019#Vector CLC database was provided by National Teams within original CLC1990, I&CLC2000 update, FTSP/CLC2006 update, CLC2012 update and CLC2018 update projects. All features in original vector database were classified and digitised based on satellite images with 100 m positional accuracy (according to CLC specifications) and 25 ha minimum mapping unit into the standardized CLC nomenclature (44 CLC classes).##European Corine Land Cover seamless DBs represent the final product of European data integration. The process of data integration started when national deliveries have been accepted and the Database Acceptance Report (DBTA) delivered . Delivered national data were produced in local national systems of all participating countries. Each national Coordinate Reference System (CRS) definition had to be known precisely together with its geometric relationship to a standard system in order to accurately transfer all national data into a standard European coordinate reference - ETRS89/LAEA1052.#Mostly, the process itself was carried out by global equation-based transformation to ETRS89 (e.g. seven-parameters Bursa-Wolf methods). The accuracy of a particular transformation ranges from centimetres to meters depending on the method and the quality and number of control points available to define the transformation parameters, but, in any case, the accuracy is far above the actual CLC data resolution (for more details see the DBTA reports for particular country). National data, when transformed into the common European reference, are introduced into tiled pan-European structure and as final step seamless dataset is produced.##In order to achieve production of the real seamless European database, the integration step includes also harmonization of database along country borders. It consists from edge-matching of land cover polygons from the national databases across national borders done by a verification / re-interpretation of the satellite images in the border regions (2 km wide strip along borders). The satellite images from IMAGE2000. CLC1990, CHA9000 and CLC2000 database were harmonized this way, but the order to priority was as following: CLC2000, both geometric and thematic adaptations of all polygons in a 2 km strip along national boundary lines; CHA9000 database to ensure that#changes in CLC2000 are consistent with the change database; corrected CLC90 (if provided by the MS); corrections were focused to geometric adaptations in semi-automatical way based on CLC00 and CHA00 databases. Border harmonization step has been skipped for CHA0006, CHA0612, CLC2012 and CLC2018 datasets. Simplified border harmonization step for CLC2006 dataset has been created for these countries: CH, NO, KO, TR, IE.#A simplified border matching has been applied:#- <25 ha polygons are NOT systematically removed (see next bullet).#- Sliver-like polygons (area < cca. 5 ha - soft limit) are generalised to largest or thematically most similar neighbour.#- CLC-code differences in polygons along two sides of the border are NOT changed#Only polygons with area <= 0,1ha were eliminated in CHA0006, CHA0612, CLC2012 and for CLC2018 datasets and CLC2006 dataset (besides the above-mentioned cases) and in parts newly added in campaigns 2006 and 2012 too##Note: Some artificial lines (dividing polygons with the same code) can be still present in database due to technical constraints of current ArcGIS technology, but has no impact for dataset contents and can be dissolved for data extracts.##Version 18 (V18)#Release date: 19-09-2016 (see V18_5_1)#Main purpose of the release: Publication of the final, corrected CLC 2012 data.#The 4th CLC inventory for the reference year of 2012 was produced under the Copernicus Initial Operations (GIO). It has the shortest production time in history of CLC. Two high-resolution satellite image coverages (IRS Resourcesat-1/2, SPOT-4/5, RapidEye constellation) taken in 2011-2012 provided multi-temporal information to support the update. Computer Assisted Photointerpretation (CAPI) was the prevailing methodology applied in interpreting of satellite images. FI, DE, IC, IE, NO, ES and SE applied a semi-automatic methodology. UK has turned from semiautomatic processing to CAPI because no national hi-res dataset was available for 2012. Most of the QC was conducted in remote verifications. IT and ES were verified by regions. In producing the European products, a simplified border matching was applied (see Version 15).# Changes from previous main release (Version 17): #* Inclusion of CLC 2012 layers for all the EEA39 countries.#* Production of CLC 2006 for Greece (in V18_3) and all CLCs for Channel Islands (V18_1).#* Revised CLC 2000 and CLC 2006 layers were made available (V18_5).#* Change in rasterization algorithm (V18_2).#Known problems: #* Some redundant lines between neighbouring polygons with the same code are still present, but only as result of persisting ‘adaptive tilling’ procedure (limitation of ESRI ArcGIS technology for large datasets).#* Polygons <25 ha can be present along national borders and along 'adaptive tilling' tiles boundaries.## for full information about the coverage of this version.## for full information about all sub-versions of this version.##Version 17 (V17)#Release date: 02-12-2013#Main purpose of the release: Maintenance / Increased European coverage of CLC time series data.#Changes from previous release (V16): #* Full CLC and CLCC data time series (from CLC 1990 to CLC 2006 including all CLCC datasets) has been included for the Autonomous Region of the Azores (PT). ##Version 16 (V16)#Release date: 15-04-2012 #Main purpose: Maintenance / Increased and improved European coverage of CLC time series data.#Changes from previous release (V15): #* CLC 1990 coverage: TR has been delivered CLC 1990 and CLCC (1990, 2000) data. Still missing CLC 1990 data: AL, BA, CH, CY, FI, IS, MK, NO, SE, UK and the XK.#* CLC 2000_revised layer covering 27 countries was included (CLC 2000 data revised during production of CLC 2006).#* Shift in MT geographic position has been corrected. All CLC layers for MT have been re-projected.#* A few coding inconsistences were corrected.##Version 15 (V5) #Release date: 20-07-2011 #Main purpose: Publication of final CLC2 006 data.#The 3rd CLC inventory for the reference year of 2006 was produced under GMES Fast Track Service on Land Monitoring. The CLCC database was considered as the primary product, and a uniform change mapping methodology was agreed. Dual date satellite imagery (SPOT-4/5 and IRS P6) taken in 2005-2007 provided enhanced change mapping capabilities. Some of the countries newly entering CLC have produced CLC 2000 datasets also during the project time frame. Scanned topographic maps and digital aerial ortho-imagery have become commonly available. CAPI was the prevailing method applied in interpreting of satellite images. Nevertheless, FI, IS, NO, SE and the UK applied a semiautomatic methodology. Most of the European QC was conducted by visiting national teams (see Version 2). In some cases, remote verification was applied (without mission to countries). ES and IT were verified by regions. #Changes from previous release (V14 (V4)): #* CLC 2006 data covering Great Britain (part of UK) and TR were delivered. Thus, CLC 2006 European coverage includes 38 countries of the EEA39. Still missing CLC 2006 data for Greece.#* A simplified border matching was applied for countries new in CLC: XK, NO, CH and Türkiye: 1) <25 ha polygons along the borders are not removed systematically; 2) sliver-like polygons (area < cca. 5 ha) are generalised to largest or thematically most similar neighbour. #* For the rest of CLC 2006 countries a simple border-matching was applied. Code differences along two sides of borders are not changed. Only polygons with area ≤ 0,1 ha (sliver polygons) are eliminated. #* Data dissemination: CLC data become freely accessible from the EEA to any person or legal entity.##Version 14 (V4)#Release date: 25-10-2010#Main purpose: Maintenance / Increased European coverage of CLC 2006 and CLC 2000 data.#Changes from previous release (V13 (V3)): #* CLC 2006 European coverage includes 37 full countries of EEA39. New data for Northern Ireland (part of the UK), Madeira Islands (part of PT), CH, IS and TR were added to CLC 2006 data. Still missing CLC 2006: GR and the UK (except Northern Ireland).#* New data for Madeira Islands (PT), CH and IS were added into the European CLC 2000 coverage, which includes already the EE39. However, CLCC (1990, 2000) is available for 28 countries only.#* New data for Madeira Islands (PT) were added into CLC 1990 and CLCC (1990, 2000). Still missing CLC 1990 data: AL, BA, CH, CY, FI, IS, MK, NO, SE, TR, UK and XK.##The seamless European database has been further improved addressing feedback from the EEA on V13 (V3):#* No-data buffer (code 999) outside of valid data area was deleted.#* Small gaps identified in V13 were corrected by tolerance adaptation in ArcGIS v10 geodatabase.#* Remaining neighbour polygons with the same code were resolved by additional dissolve operation.##Version 13 (V3)#Release date: 02/2010 #Main purpose: Publication of initial European coverage of CLC 2006 data. #Changes from previous release (V2): #* Version numbering was changed to harmonise vector data (V3) and derived raster data (V13) releases. #* First seamless release in ESRI Geodatabase format.#* Initial coverage of CLC 2006 including 35 countries and Northern Ireland (part of the UK). Missing countries in CLC 2006: GR, CH, TR and the UK (except Northern Ireland).#* Two updates added to CLC 2000: a new version for NO and the first CLC dataset for TR.#* Sea buffer around land has been introduced (15 km as proxy to 12 nautical miles’ sea zone).##Version 2 (V2)#Release date: 09/2009#Main purpose: Publication of final CLC 2000 coverages.#The 2nd CLC inventory for the reference year of 2000 (CLC 2000) was carried out in the frames of I&CLC 2000 project. A single date Landsat-7 ETM satellite imagery taken in 1999-2001 was provided by JRC. The technology of drawing the interpretation on transparencies was discarded and replaced by CAPI (computer-assisted photo-interpretation). Prior to mapping changes CLC 1990 data had to be corrected: 1) bulk geometric mistakes removed and residual geometric errors >100 m and coding mistakes were corrected; 2) polygons smaller than the 25 ha MMU were generalised. European QC was conducted by visiting national teams (usually at the start and towards the end of the project). Computer-assisted verification has provided written, geo-located explanations regarding the mistakes and supported harmonized production of the database all over Europe. #Changes from previous release (V1): #* It was to deliver a single seamless layer, but was not feasible in ESRI environment. Therefore, seamless ESRI ArcInfo Librarian map tiles were produced again (but free of tiling artefacts reported in V1). #* New country deliveries integrated into European CLC 2000 ME, RS (incl. XK), IS and NO. Simple harmonization along national borders of these countries was done (small artefacts cleaned only). #* CLC 2000 data for MT have been updated to reflect changed geometry in CLC 2006 delivery.#* The dissemination and use of products was defined in an agreement between the EEA, the EC and the participating countries.##Version 1 (V1)#Release date: 08/2005 #Main purpose: Publication of initial European coverage of CLC 2000 and CLCC (1990, 2000) data.#Changes from previous release (V0): #* The first consolidated version of European CLC data have been produced as integrated and harmonised seamless layer in ESRI ArcInfo Workstation Librarian map tiles.#* The production of the first CLCC database has started, but no consolidated methodology was available.#* Initial CLC 2000 coverage included 32 countries: AL, AT, BE, BA, BG, CY, CZ, DE, DK, EE, ES, FI, FR, GR, HR, HU, IE, IT, LV, LI, LT, LU, MK, MT, NL, PL, PT, RO, SI, SK, SE and the UK. Missing countries in CLC 2000: CH, IS, ME, NO, RS (including XK) and TR.#* CLC 1990 for most of the countries has been replaced by revised CLC 1990. Some additional countries have produced CLC 1990. Still missing in CLC 1990 European coverage: CY, LI, MT, SE and UK. #* Full harmonization (visual re-interpretation by keeping the 25 ha MMU) inside a 5-km wide strip along national borders was done including 32 countries for CLC 2000 and 24 countries for CLCC (1990, 2000). #* Semi-automatic harmonisation of 2-km wide strip along national borders was done for CLC 1990. #* Vector to raster conversion: “cell centre” method was applied.#* The 25 ha MMU is considered as hard limit. Polygons <25 ha were generalised.#* Dual ownership of CLC and CLCC data (EEA and the country) was introduced. ##Version 0 (V0)#Release dates: up to 12/2000#Main purpose: Distribution of country-level CLC 1990 data and creation of European raster products.#The period of the first CLC inventory was rather long (1985-1996) and 1990 is considered as reference year. CLC 1990 data delivered by countries became part of GISCO database. Releases were provided bi-annually. Following political changes in Central and Eastern Europe 10 additional countries joined. The methodology was visual photointerpretation by drawing the CLC map on transparency, placed on top of satellite image hardcopy at scale 1:100.000.#* CLC 1990 vector and raster data were initially available for 12 countries: AT, BE, DE, DK, ES, FR, GR, IE, IT, LU, NL and PT. Raster only data were available for FI and UK.#* The EC Phare programme supported the implementation of CLC 1990 in 11 countries of Central and Eastern Europe between 1992 and 1998: BG, CZ and SK, EE, LV, LT, HU, PL, RO and SI.#* Integrated European vector dataset was available as ESRI ArcInfo Librarian and derived raster products as ESRI grids in 100m and 250m resolution.#* Data dissemination policy was unclear.
7c96ac5d-399e-4151-a780-1f974fd75123|Corine Land Cover Change 2000-2006 (CHA0006) is one of the Corine Land Cover (CLC) datasets produced within the frame the Copernicus Land Monitoring Service referring to changes in land cover / land use status between the years 2000 and 2006. CHA is derived from satellite imagery by direct mapping of changes taken place between two consecutive inventories, based on image-to-image comparison.##CLC service has a long-time heritage (formerly known as "CORINE Land Cover Programme"), coordinated by the European Environment Agency (EEA). It provides consistent and thematically detailed information on land cover and land cover changes across Europe.##CLC datasets are based on the classification of satellite images produced by the national teams of the participating countries - the EEA members and cooperating countries (EEA39). National CLC inventories are then further integrated into a seamless land cover map of Europe. The resulting European database relies on standard methodology and nomenclature with following base parameters: 44 classes in the hierarchical 3-level CLC nomenclature; minimum mapping unit (MMU) for status layers is 25 hectares; minimum width of linear elements is 100 metres. Change layers have higher resolution, i.e. minimum mapping unit (MMU) is 5 hectares for Land Cover Changes (CHA), and the minimum width of linear elements is 100 metres.##The CLC service delivers important data sets supporting the implementation of key priority areas of the Environment Action Programmes of the European Union as e.g. protecting ecosystems, halting the loss of biological diversity, tracking the impacts of climate change, monitoring urban land take, assessing developments in agriculture or dealing with water resources directives. part of the European Copernicus Programme coordinated by the European Environment Agency, providing environmental information from a combination of air- and space-based observation systems and in-situ monitoring.|Version 2020_20u1#Release date: 24-02-2020#File naming conventions simplified and better described. New file naming convention has been introduced based on user feedback on version 20. Filename is composed of combination of information about update campaign, data theme and reference year and version specification (including release year and release number).##The French DOMs are provided in separate databases (files both for vector and raster version of data).##All raster layers are back in 8 bit GeoTIFF. Modification is introduced based on the user feedback on version 20. In order to keep 8 bit resolution for raster change layers, they are divided into two files - representing consumption (from) and formation (to) part of change.##Version 20#Release date: 14-06-2019#Vector CLC database was provided by National Teams within original CLC1990, I&CLC2000 update, FTSP/CLC2006 update and CLC2012 projects. All features in original vector database were classified and digitised based on satellite images with 100 m positional accuracy (according to CLC specifications) and 25 ha minimum mapping unit into the standardized CLC nomenclature (44 CLC classes).##European Corine Land Cover seamless DBs represent the final product of European data integration. The process of data integration started when national deliveries have been accepted and the Database Acceptance Report (DBTA) delivered . Delivered national data were produced in local national systems of all participating countries. Each national Coordinate Reference System (CRS) definition had to be known precisely together with its geometric relationship to a standard system in order to accurately transfer all national data into a standard European coordinate reference - ETRS89/LAEA1052.#Mostly, the process itself was carried out by global equation-based transformation to ETRS89 (e.g. seven-parameters Bursa-Wolf methods). The accuracy of a particular transformation ranges from centimetres to meters depending on the method and the quality and number of control points available to define the transformation parameters, but, in any case, the accuracy is far above the actual CLC data resolution (for more details see the DBTA reports for particular country). National data, when transformed into the common European reference, are introduced into tiled pan-European structure and as final step seamless dataset is produced.##In order to achieve production of the real seamless European database, the integration step includes also harmonization of database along country borders. It consists from edge-matching of land cover polygons from the national databases across national borders done by a verification / re-interpretation of the satellite images in the border regions (2 km wide strip along borders). The satellite images from IMAGE2000. CLC90, CHA00 and CLC00 database were harmonized this way, but the order to priority was as following: CLC2000, both geometric and thematic adaptations of all polygons in a 2 km strip along national boundary lines; CHA00 database to ensure that#changes in CLC2000 are consistent with the change database; corrected CLC90 (if provided by the MS); corrections were focused to geometric adaptations in semi-automatical way based on CLC00 and CHA00 databases. Border harmonization step has been skipped for CHA06, CHA12 and for CLC12 datasets. Simplified border harmonization step for CLC06 dataset has been created for these countries: CH, NO, KO, TR, IE.#A simplified border matching has been applied:#- <25 ha polygons are NOT systematically removed (see next bullet).#- Sliver-like polygons (area < cca. 5 ha - soft limit) are generalised to largest or thematically most similar neighbour.#- CLC-code differences in polygons along two sides of the border are NOT changed#Only polygons with area <= 0,1ha were eliminated in CHA06, CHA12 and for CLC12 datasets and CLC06 dataset (besides the above-mentioned cases) and in parts newly added in campaigns 2006 and 2012 too.##Note: Some artificial lines (dividing polygons with the same code) can be still present in database due to technical constraints of current ArcGIS technology, but has no impact for dataset contents and can be dissolved for data extracts.##Version 18 (V18)#Release date: 19-09-2016 (see V18_5_1)#Main purpose of the release: Publication of the final, corrected CLC 2012 data.#The 4th CLC inventory for the reference year of 2012 was produced under the Copernicus Initial Operations (GIO). It has the shortest production time in history of CLC. Two high-resolution satellite image coverages (IRS Resourcesat-1/2, SPOT-4/5, RapidEye constellation) taken in 2011-2012 provided multi-temporal information to support the update. Computer Assisted Photointerpretation (CAPI) was the prevailing methodology applied in interpreting of satellite images. FI, DE, IC, IE, NO, ES and SE applied a semi-automatic methodology. UK has turned from semiautomatic processing to CAPI because no national hi-res dataset was available for 2012. Most of the QC was conducted in remote verifications. IT and ES were verified by regions. In producing the European products, a simplified border matching was applied (see Version 15).# Changes from previous main release (Version 17): #* Inclusion of CLC 2012 layers for all the EEA39 countries.#* Production of CLC 2006 for Greece (in V18_3) and all CLCs for Channel Islands (V18_1).#* Revised CLC 2000 and CLC 2006 layers were made available (V18_5).#* Change in rasterization algorithm (V18_2).#Known problems: #* Some redundant lines between neighbouring polygons with the same code are still present, but only as result of persisting ‘adaptive tilling’ procedure (limitation of ESRI ArcGIS technology for large datasets).#* Polygons <25 ha can be present along national borders and along 'adaptive tilling' tiles boundaries.## for full information about the coverage of this version.## for full information about all sub-versions of this version.##Version 17 (V17)#Release date: 02-12-2013#Main purpose of the release: Maintenance / Increased European coverage of CLC time series data.#Changes from previous release (V16): #* Full CLC and CLCC data time series (from CLC 1990 to CLC 2006 including all CLCC datasets) has been included for the Autonomous Region of the Azores (PT). ##Version 16 (V16)#Release date: 15-04-2012 #Main purpose: Maintenance / Increased and improved European coverage of CLC time series data.#Changes from previous release (V15): #* CLC 1990 coverage: TR has been delivered CLC 1990 and CLCC (1990, 2000) data. Still missing CLC 1990 data: AL, BA, CH, CY, FI, IS, MK, NO, SE, UK and the XK.#* CLC 2000_revised layer covering 27 countries was included (CLC 2000 data revised during production of CLC 2006).#* Shift in MT geographic position has been corrected. All CLC layers for MT have been re-projected.#* A few coding inconsistences were corrected.##Version 15 (V5) #Release date: 20-07-2011 #Main purpose: Publication of final CLC2 006 data.#The 3rd CLC inventory for the reference year of 2006 was produced under GMES Fast Track Service on Land Monitoring. The CLCC database was considered as the primary product, and a uniform change mapping methodology was agreed. Dual date satellite imagery (SPOT-4/5 and IRS P6) taken in 2005-2007 provided enhanced change mapping capabilities. Some of the countries newly entering CLC have produced CLC 2000 datasets also during the project time frame. Scanned topographic maps and digital aerial ortho-imagery have become commonly available. CAPI was the prevailing method applied in interpreting of satellite images. Nevertheless, FI, IS, NO, SE and the UK applied a semiautomatic methodology. Most of the European QC was conducted by visiting national teams (see Version 2). In some cases, remote verification was applied (without mission to countries). ES and IT were verified by regions. #Changes from previous release (V14 (V4)): #* CLC 2006 data covering Great Britain (part of UK) and TR were delivered. Thus, CLC 2006 European coverage includes 38 countries of the EEA39. Still missing CLC 2006 data for Greece.#* A simplified border matching was applied for countries new in CLC: XK, NO, CH and Türkiye: 1) <25 ha polygons along the borders are not removed systematically; 2) sliver-like polygons (area < cca. 5 ha) are generalised to largest or thematically most similar neighbour. #* For the rest of CLC 2006 countries a simple border-matching was applied. Code differences along two sides of borders are not changed. Only polygons with area ≤ 0,1 ha (sliver polygons) are eliminated. #* Data dissemination: CLC data become freely accessible from the EEA to any person or legal entity.##Version 14 (V4)#Release date: 25-10-2010#Main purpose: Maintenance / Increased European coverage of CLC 2006 and CLC 2000 data.#Changes from previous release (V13 (V3)): #* CLC 2006 European coverage includes 37 full countries of EEA39. New data for Northern Ireland (part of the UK), Madeira Islands (part of PT), CH, IS and TR were added to CLC 2006 data. Still missing CLC 2006: GR and the UK (except Northern Ireland).#* New data for Madeira Islands (PT), CH and IS were added into the European CLC 2000 coverage, which includes already the EE39. However, CLCC (1990, 2000) is available for 28 countries only.#* New data for Madeira Islands (PT) were added into CLC 1990 and CLCC (1990, 2000). Still missing CLC 1990 data: AL, BA, CH, CY, FI, IS, MK, NO, SE, TR, UK and XK.##The seamless European database has been further improved addressing feedback from the EEA on V13 (V3):#* No-data buffer (code 999) outside of valid data area was deleted.#* Small gaps identified in V13 were corrected by tolerance adaptation in ArcGIS v10 geodatabase.#* Remaining neighbour polygons with the same code were resolved by additional dissolve operation.##Version 13 (V3)#Release date: 02/2010 #Main purpose: Publication of initial European coverage of CLC 2006 data. #Changes from previous release (V2): #* Version numbering was changed to harmonise vector data (V3) and derived raster data (V13) releases. #* First seamless release in ESRI Geodatabase format.#* Initial coverage of CLC 2006 including 35 countries and Northern Ireland (part of the UK). Missing countries in CLC 2006: GR, CH, TR and the UK (except Northern Ireland).#* Two updates added to CLC 2000: a new version for NO and the first CLC dataset for TR.#* Sea buffer around land has been introduced (15 km as proxy to 12 nautical miles’ sea zone).##Version 2 (V2)#Release date: 09/2009#Main purpose: Publication of final CLC 2000 coverages.#The 2nd CLC inventory for the reference year of 2000 (CLC 2000) was carried out in the frames of I&CLC 2000 project. A single date Landsat-7 ETM satellite imagery taken in 1999-2001 was provided by JRC. The technology of drawing the interpretation on transparencies was discarded and replaced by CAPI (computer-assisted photo-interpretation). Prior to mapping changes CLC 1990 data had to be corrected: 1) bulk geometric mistakes removed and residual geometric errors >100 m and coding mistakes were corrected; 2) polygons smaller than the 25 ha MMU were generalised. European QC was conducted by visiting national teams (usually at the start and towards the end of the project). Computer-assisted verification has provided written, geo-located explanations regarding the mistakes and supported harmonized production of the database all over Europe. #Changes from previous release (V1): #* It was to deliver a single seamless layer, but was not feasible in ESRI environment. Therefore, seamless ESRI ArcInfo Librarian map tiles were produced again (but free of tiling artefacts reported in V1). #* New country deliveries integrated into European CLC 2000 ME, RS (incl. XK), IS and NO. Simple harmonization along national borders of these countries was done (small artefacts cleaned only). #* CLC 2000 data for MT have been updated to reflect changed geometry in CLC 2006 delivery.#* The dissemination and use of products was defined in an agreement between the EEA, the EC and the participating countries.##Version 1 (V1)#Release date: 08/2005 #Main purpose: Publication of initial European coverage of CLC 2000 and CLCC (1990, 2000) data.#Changes from previous release (V0): #* The first consolidated version of European CLC data have been produced as integrated and harmonised seamless layer in ESRI ArcInfo Workstation Librarian map tiles.#* The production of the first CLCC database has started, but no consolidated methodology was available.#* Initial CLC 2000 coverage included 32 countries: AL, AT, BE, BA, BG, CY, CZ, DE, DK, EE, ES, FI, FR, GR, HR, HU, IE, IT, LV, LI, LT, LU, MK, MT, NL, PL, PT, RO, SI, SK, SE and the UK. Missing countries in CLC 2000: CH, IS, ME, NO, RS (including XK) and TR.#* CLC 1990 for most of the countries has been replaced by revised CLC 1990. Some additional countries have produced CLC 1990. Still missing in CLC 1990 European coverage: CY, LI, MT, SE and UK. #* Full harmonization (visual re-interpretation by keeping the 25 ha MMU) inside a 5-km wide strip along national borders was done including 32 countries for CLC 2000 and 24 countries for CLCC (1990, 2000). #* Semi-automatic harmonisation of 2-km wide strip along national borders was done for CLC 1990. #* Vector to raster conversion: “cell centre” method was applied.#* The 25 ha MMU is considered as hard limit. Polygons <25 ha were generalised.#* Dual ownership of CLC and CLCC data (EEA and the country) was introduced. ##Version 0 (V0)#Release dates: up to 12/2000#Main purpose: Distribution of country-level CLC 1990 data and creation of European raster products.#The period of the first CLC inventory was rather long (1985-1996) and 1990 is considered as reference year. CLC 1990 data delivered by countries became part of GISCO database. Releases were provided bi-annually. Following political changes in Central and Eastern Europe 10 additional countries joined. The methodology was visual photointerpretation by drawing the CLC map on transparency, placed on top of satellite image hardcopy at scale 1:100.000.#* CLC 1990 vector and raster data were initially available for 12 countries: AT, BE, DE, DK, ES, FR, GR, IE, IT, LU, NL and PT. Raster only data were available for FI and UK.#* The EC Phare programme supported the implementation of CLC 1990 in 11 countries of Central and Eastern Europe between 1992 and 1998: BG, CZ and SK, EE, LV, LT, HU, PL, RO and SI.#* Integrated European vector dataset was available as ESRI ArcInfo Librarian and derived raster products as ESRI grids in 100m and 250m resolution.#* Data dissemination policy was unclear.
3899a4a7-dd0b-4729-b24f-278844f1a686|Corine Land Cover Change 2000-2006 (CHA0006) is one of the Corine Land Cover (CLC) datasets produced within the frame the Copernicus Land Monitoring Service referring to changes in land cover / land use status between the years 2000 and 2006. CHA is derived from satellite imagery by direct mapping of changes taken place between two consecutive inventories, based on image-to-image comparison.##CLC service has a long-time heritage (formerly known as "CORINE Land Cover Programme"), coordinated by the European Environment Agency (EEA). It provides consistent and thematically detailed information on land cover and land cover changes across Europe.##CLC datasets are based on the classification of satellite images produced by the national teams of the participating countries - the EEA members and cooperating countries (EEA39). National CLC inventories are then further integrated into a seamless land cover map of Europe. The resulting European database relies on standard methodology and nomenclature with following base parameters: 44 classes in the hierarchical 3-level CLC nomenclature; minimum mapping unit (MMU) for status layers is 25 hectares; minimum width of linear elements is 100 metres. Change layers have higher resolution, i.e. minimum mapping unit (MMU) is 5 hectares for Land Cover Changes (CHA), and the minimum width of linear elements is 100 metres. ##The CLC service delivers important data sets supporting the implementation of key priority areas of the Environment Action Programmes of the European Union as e.g. protecting ecosystems, halting the loss of biological diversity, tracking the impacts of climate change, monitoring urban land take, assessing developments in agriculture or dealing with water resources directives. part of the European Copernicus Programme coordinated by the European Environment Agency, providing environmental information from a combination of air- and space-based observation systems and in-situ monitoring.|Version 2020_20u1##Release date: 24-02-2020#File naming conventions simplified and better described. New file naming convention has been introduced based on user feedback on version 20. Filename is composed of combination of information about update campaign, data theme and reference year and version specification (including release year and release number).##The French DOMs are provided in separate databases (files both for vector and raster version of data).##All raster layers are back in 8 bit GeoTIFF. Modification is introduced based on the user feedback on version 20. In order to keep 8 bit resolution for raster change layers, they are divided into two files - representing consumption (from) and formation (to) part of change.##Version 20#Release date: 14-06-2019#Vector CLC database was provided by National Teams within original CLC1990, I&CLC2000 update, FTSP/CLC2006 update and CLC2012 projects. All features in original vector database were classified and digitised based on satellite images with 100 m positional accuracy (according to CLC specifications) and 25 ha minimum mapping unit into the standardized CLC nomenclature (44 CLC classes).##European Corine Land Cover seamless DBs represent the final product of European data integration. The process of data integration started when national deliveries have been accepted and the Database Acceptance Report (DBTA) delivered . Delivered national data were produced in local national systems of all participating countries. Each national Coordinate Reference System (CRS) definition had to be known precisely together with its geometric relationship to a standard system in order to accurately transfer all national data into a standard European coordinate reference - ETRS89/LAEA1052.#Mostly, the process itself was carried out by global equation-based transformation to ETRS89 (e.g. seven-parameters Bursa-Wolf methods). The accuracy of a particular transformation ranges from centimetres to meters depending on the method and the quality and number of control points available to define the transformation parameters, but, in any case, the accuracy is far above the actual CLC data resolution (for more details see the DBTA reports for particular country). National data, when transformed into the common European reference, are introduced into tiled pan-European structure and as final step seamless dataset is produced.##In order to achieve production of the real seamless European database, the integration step includes also harmonization of database along country borders. It consists from edge-matching of land cover polygons from the national databases across national borders done by a verification / re-interpretation of the satellite images in the border regions (2 km wide strip along borders). The satellite images from IMAGE2000. CLC90, CHA00 and CLC00 database were harmonized this way, but the order to priority was as following: CLC2000, both geometric and thematic adaptations of all polygons in a 2 km strip along national boundary lines; CHA00 database to ensure that#changes in CLC2000 are consistent with the change database; corrected CLC90 (if provided by the MS); corrections were focused to geometric adaptations in semi-automatical way based on CLC00 and CHA00 databases. Border harmonization step has been skipped for CHA06, CHA12 and for CLC12 datasets. Simplified border harmonization step for CLC06 dataset has been created for these countries: CH, NO, KO, TR, IE.#A simplified border matching has been applied:#- <25 ha polygons are NOT systematically removed (see next bullet).#- Sliver-like polygons (area < cca. 5 ha - soft limit) are generalised to largest or thematically most similar neighbour.#- CLC-code differences in polygons along two sides of the border are NOT changed#Only polygons with area <= 0,1ha were eliminated in CHA06, CHA12 and for CLC12 datasets and CLC06 dataset (besides the above-mentioned cases) and in parts newly added in campaigns 2006 and 2012 too.##Note: Some artificial lines (dividing polygons with the same code) can be still present in database due to technical constraints of current ArcGIS technology, but has no impact for dataset contents and can be dissolved for data extracts.##Version 18 (V18)#Release date: 19-09-2016 (see V18_5_1)#Main purpose of the release: Publication of the final, corrected CLC 2012 data.#The 4th CLC inventory for the reference year of 2012 was produced under the Copernicus Initial Operations (GIO). It has the shortest production time in history of CLC. Two high-resolution satellite image coverages (IRS Resourcesat-1/2, SPOT-4/5, RapidEye constellation) taken in 2011-2012 provided multi-temporal information to support the update. Computer Assisted Photointerpretation (CAPI) was the prevailing methodology applied in interpreting of satellite images. FI, DE, IC, IE, NO, ES and SE applied a semi-automatic methodology. UK has turned from semiautomatic processing to CAPI because no national hi-res dataset was available for 2012. Most of the QC was conducted in remote verifications. IT and ES were verified by regions. In producing the European products, a simplified border matching was applied (see Version 15).# Changes from previous main release (Version 17): #* Inclusion of CLC 2012 layers for all the EEA39 countries.#* Production of CLC 2006 for Greece (in V18_3) and all CLCs for Channel Islands (V18_1).#* Revised CLC 2000 and CLC 2006 layers were made available (V18_5).#* Change in rasterization algorithm (V18_2).#Known problems: #* Some redundant lines between neighbouring polygons with the same code are still present, but only as result of persisting ‘adaptive tilling’ procedure (limitation of ESRI ArcGIS technology for large datasets).#* Polygons <25 ha can be present along national borders and along 'adaptive tilling' tiles boundaries.## for full information about the coverage of this version.## for full information about all sub-versions of this version.##Version 17 (V17)#Release date: 02-12-2013#Main purpose of the release: Maintenance / Increased European coverage of CLC time series data.#Changes from previous release (V16): #* Full CLC and CLCC data time series (from CLC 1990 to CLC 2006 including all CLCC datasets) has been included for the Autonomous Region of the Azores (PT). ##Version 16 (V16)#Release date: 15-04-2012 #Main purpose: Maintenance / Increased and improved European coverage of CLC time series data.#Changes from previous release (V15): #* CLC 1990 coverage: TR has been delivered CLC 1990 and CLCC (1990, 2000) data. Still missing CLC 1990 data: AL, BA, CH, CY, FI, IS, MK, NO, SE, UK and the XK.#* CLC 2000_revised layer covering 27 countries was included (CLC 2000 data revised during production of CLC 2006).#* Shift in MT geographic position has been corrected. All CLC layers for MT have been re-projected.#* A few coding inconsistences were corrected.##Version 15 (V5) #Release date: 20-07-2011 #Main purpose: Publication of final CLC2 006 data.#The 3rd CLC inventory for the reference year of 2006 was produced under GMES Fast Track Service on Land Monitoring. The CLCC database was considered as the primary product, and a uniform change mapping methodology was agreed. Dual date satellite imagery (SPOT-4/5 and IRS P6) taken in 2005-2007 provided enhanced change mapping capabilities. Some of the countries newly entering CLC have produced CLC 2000 datasets also during the project time frame. Scanned topographic maps and digital aerial ortho-imagery have become commonly available. CAPI was the prevailing method applied in interpreting of satellite images. Nevertheless, FI, IS, NO, SE and the UK applied a semiautomatic methodology. Most of the European QC was conducted by visiting national teams (see Version 2). In some cases, remote verification was applied (without mission to countries). ES and IT were verified by regions. #Changes from previous release (V14 (V4)): #* CLC 2006 data covering Great Britain (part of UK) and TR were delivered. Thus, CLC 2006 European coverage includes 38 countries of the EEA39. Still missing CLC 2006 data for Greece.#* A simplified border matching was applied for countries new in CLC: XK, NO, CH and Türkiye: 1) <25 ha polygons along the borders are not removed systematically; 2) sliver-like polygons (area < cca. 5 ha) are generalised to largest or thematically most similar neighbour. #* For the rest of CLC 2006 countries a simple border-matching was applied. Code differences along two sides of borders are not changed. Only polygons with area ≤ 0,1 ha (sliver polygons) are eliminated. #* Data dissemination: CLC data become freely accessible from the EEA to any person or legal entity.##Version 14 (V4)#Release date: 25-10-2010#Main purpose: Maintenance / Increased European coverage of CLC 2006 and CLC 2000 data.#Changes from previous release (V13 (V3)): #* CLC 2006 European coverage includes 37 full countries of EEA39. New data for Northern Ireland (part of the UK), Madeira Islands (part of PT), CH, IS and TR were added to CLC 2006 data. Still missing CLC 2006: GR and the UK (except Northern Ireland).#* New data for Madeira Islands (PT), CH and IS were added into the European CLC 2000 coverage, which includes already the EE39. However, CLCC (1990, 2000) is available for 28 countries only.#* New data for Madeira Islands (PT) were added into CLC 1990 and CLCC (1990, 2000). Still missing CLC 1990 data: AL, BA, CH, CY, FI, IS, MK, NO, SE, TR, UK and XK.##The seamless European database has been further improved addressing feedback from the EEA on V13 (V3):#* No-data buffer (code 999) outside of valid data area was deleted.#* Small gaps identified in V13 were corrected by tolerance adaptation in ArcGIS v10 geodatabase.#* Remaining neighbour polygons with the same code were resolved by additional dissolve operation.##Version 13 (V3)#Release date: 02/2010 #Main purpose: Publication of initial European coverage of CLC 2006 data. #Changes from previous release (V2): #* Version numbering was changed to harmonise vector data (V3) and derived raster data (V13) releases. #* First seamless release in ESRI Geodatabase format.#* Initial coverage of CLC 2006 including 35 countries and Northern Ireland (part of the UK). Missing countries in CLC 2006: GR, CH, TR and the UK (except Northern Ireland).#* Two updates added to CLC 2000: a new version for NO and the first CLC dataset for TR.#* Sea buffer around land has been introduced (15 km as proxy to 12 nautical miles’ sea zone).##Version 2 (V2)#Release date: 09/2009#Main purpose: Publication of final CLC 2000 coverages.#The 2nd CLC inventory for the reference year of 2000 (CLC 2000) was carried out in the frames of I&CLC 2000 project. A single date Landsat-7 ETM satellite imagery taken in 1999-2001 was provided by JRC. The technology of drawing the interpretation on transparencies was discarded and replaced by CAPI (computer-assisted photo-interpretation). Prior to mapping changes CLC 1990 data had to be corrected: 1) bulk geometric mistakes removed and residual geometric errors >100 m and coding mistakes were corrected; 2) polygons smaller than the 25 ha MMU were generalised. European QC was conducted by visiting national teams (usually at the start and towards the end of the project). Computer-assisted verification has provided written, geo-located explanations regarding the mistakes and supported harmonized production of the database all over Europe. #Changes from previous release (V1): #* It was to deliver a single seamless layer, but was not feasible in ESRI environment. Therefore, seamless ESRI ArcInfo Librarian map tiles were produced again (but free of tiling artefacts reported in V1). #* New country deliveries integrated into European CLC 2000 ME, RS (incl. XK), IS and NO. Simple harmonization along national borders of these countries was done (small artefacts cleaned only). #* CLC 2000 data for MT have been updated to reflect changed geometry in CLC 2006 delivery.#* The dissemination and use of products was defined in an agreement between the EEA, the EC and the participating countries.##Version 1 (V1)#Release date: 08/2005 #Main purpose: Publication of initial European coverage of CLC 2000 and CLCC (1990, 2000) data.#Changes from previous release (V0): #* The first consolidated version of European CLC data have been produced as integrated and harmonised seamless layer in ESRI ArcInfo Workstation Librarian map tiles.#* The production of the first CLCC database has started, but no consolidated methodology was available.#* Initial CLC 2000 coverage included 32 countries: AL, AT, BE, BA, BG, CY, CZ, DE, DK, EE, ES, FI, FR, GR, HR, HU, IE, IT, LV, LI, LT, LU, MK, MT, NL, PL, PT, RO, SI, SK, SE and the UK. Missing countries in CLC 2000: CH, IS, ME, NO, RS (including XK) and TR.#* CLC 1990 for most of the countries has been replaced by revised CLC 1990. Some additional countries have produced CLC 1990. Still missing in CLC 1990 European coverage: CY, LI, MT, SE and UK. #* Full harmonization (visual re-interpretation by keeping the 25 ha MMU) inside a 5-km wide strip along national borders was done including 32 countries for CLC 2000 and 24 countries for CLCC (1990, 2000). #* Semi-automatic harmonisation of 2-km wide strip along national borders was done for CLC 1990. #* Vector to raster conversion: “cell centre” method was applied.#* The 25 ha MMU is considered as hard limit. Polygons <25 ha were generalised.#* Dual ownership of CLC and CLCC data (EEA and the country) was introduced. ##Version 0 (V0)#Release dates: up to 12/2000#Main purpose: Distribution of country-level CLC 1990 data and creation of European raster products.#The period of the first CLC inventory was rather long (1985-1996) and 1990 is considered as reference year. CLC 1990 data delivered by countries became part of GISCO database. Releases were provided bi-annually. Following political changes in Central and Eastern Europe 10 additional countries joined. The methodology was visual photointerpretation by drawing the CLC map on transparency, placed on top of satellite image hardcopy at scale 1:100.000.#* CLC 1990 vector and raster data were initially available for 12 countries: AT, BE, DE, DK, ES, FR, GR, IE, IT, LU, NL and PT. Raster only data were available for FI and UK.#* The EC Phare programme supported the implementation of CLC 1990 in 11 countries of Central and Eastern Europe between 1992 and 1998: BG, CZ and SK, EE, LV, LT, HU, PL, RO and SI.#* Integrated European vector dataset was available as ESRI ArcInfo Librarian and derived raster products as ESRI grids in 100m and 250m resolution.#* Data dissemination policy was unclear.
32883574-90dd-4021-843f-f9ea6b22bfce|Corine Land Cover Change 2006-2012 (CHA0612) is one of the Corine Land Cover (CLC) datasets produced within the frame the Copernicus Land Monitoring Service referring to changes in land cover / land use status between the years 2006 and 2012. CHA is derived from satellite imagery by direct mapping of changes taken place between two consecutive inventories, based on image-to-image comparison.##CLC datasets are based on the classification of satellite images produced by the national teams of the participating countries - the EEA members and cooperating countries (EEA39). National CLC inventories are then further integrated into a seamless land cover map of Europe. The resulting European database relies on standard methodology and nomenclature with following base parameters: 44 classes in the hierarchical 3-level CLC nomenclature; minimum mapping unit (MMU) for status layers is 25 hectares; minimum width of linear elements is 100 metres. Change layers have higher resolution, i.e. minimum mapping unit (MMU) is 5 hectares for Land Cover Changes (CHA), and the minimum width of linear elements is 100 metres. ##The CLC service delivers important data sets supporting the implementation of key priority areas of the Environment Action Programmes of the European Union as e.g. protecting ecosystems, halting the loss of biological diversity, tracking the impacts of climate change, monitoring urban land take, assessing developments in agriculture or dealing with water resources directives. part of the European Copernicus Programme coordinated by the European Environment Agency, providing environmental information from a combination of air- and space-based observation systems and in-situ monitoring.|Version 2020_20u1##Release date: 24-02-2020#File naming conventions simplified and better described. New file naming convention has been introduced based on user feedback on version 20. Filename is composed of combination of information about update campaign, data theme and reference year and version specification (including release year and release number).##The French DOMs are provided in separate databases (files both for vector and raster version of data).##All raster layers are back in 8 bit GeoTIFF. Modification is introduced based on the user feedback on version 20. In order to keep 8 bit resolution for raster change layers, they are divided into two files - representing consumption (from) and formation (to) part of change.##Version 20#Release date: 14-06-2019#Vector CLC database was provided by National Teams within original CLC1990, CLC2000 update, FTSP/CLC2006 update, CLC2012 update and CLC2018 update projects. All features in original vector database were classified and digitised based on satellite images with 100 m positional accuracy (according to CLC specifications) and 25 ha minimum mapping unit into the standardized CLC nomenclature (44 CLC classes).##European Corine Land Cover seamless DBs represent the final product of European data integration. The process of data integration started when national deliveries have been accepted and the Database Acceptance Report (DBTA) delivered . Delivered national data were produced in local national systems of all participating countries. Each national Coordinate Reference System (CRS) definition had to be known precisely together with its geometric relationship to a standard system in order to accurately transfer all national data into a standard European coordinate reference - ETRS89/LAEA1052.#Mostly, the process itself was carried out by global equation-based transformation to ETRS89 (e.g. seven-parameters Bursa-Wolf methods). The accuracy of a particular transformation ranges from centimetres to meters depending on the method and the quality and number of control points available to define the transformation parameters, but, in any case, the accuracy is far above the actual CLC data resolution (for more details see the DBTA reports for particular country). National data, when transformed into the common European reference, are introduced into tiled pan-European structure and as final step seamless dataset is produced.##In order to achieve production of the real seamless European database, the integration step includes also harmonization of database along country borders. It consists from edge-matching of land cover polygons from the national databases across national borders done by a verification / re-interpretation of the satellite images in the border regions (2 km wide strip along borders). The satellite images from IMAGE2000. CLC1990, CHA9000 and CLC2000 database were harmonized this way, but the order to priority was as following: CLC2000, both geometric and thematic adaptations of all polygons in a 2 km strip along national boundary lines; CHA9000 database to ensure that#changes in CLC2000 are consistent with the change database; corrected CLC90 (if provided by the MS); corrections were focused to geometric adaptations in semi-automatical way based on CLC00 and CHA00 databases. Border harmonization step has been skipped for CHA0006, CHA0612, CLC2012 and CLC2018 datasets. Simplified border harmonization step for CLC2006 dataset has been created for these countries: CH, NO, KO, TR, IE.##A simplified border matching has been applied:##- < 25 ha polygons are NOT systematically removed (see next bullet).##- Sliver-like polygons (area < cca. 5 ha - soft limit) are generalised to largest or thematically most similar neighbour.##- CLC-code differences in polygons along two sides of the border are NOT changed ##Only polygons with area <= 0,1ha were eliminated in CHA0006, CHA0612, CLC2012 and for CLC2018 datasets and CLC2006 dataset (besides the above-mentioned cases) and in parts newly added in campaigns 2006 and 2012 too##Note: Some artificial lines (dividing polygons with the same code) can be still present in database due to technical constraints of current ArcGIS technology, but has no impact for dataset contents and can be dissolved for data extracts.# #Version 18 (V18)#Release date: 19-09-2016 (see V18_5_1)#Main purpose of the release: Publication of the final, corrected CLC 2012 data.#The 4th CLC inventory for the reference year of 2012 was produced under the Copernicus Initial Operations (GIO). It has the shortest production time in history of CLC. Two high-resolution satellite image coverages (IRS Resourcesat-1/2, SPOT-4/5, RapidEye constellation) taken in 2011-2012 provided multi-temporal information to support the update. Computer Assisted Photointerpretation (CAPI) was the prevailing methodology applied in interpreting of satellite images. FI, DE, IC, IE, NO, ES and SE applied a semi-automatic methodology. UK has turned from semiautomatic processing to CAPI because no national hi-res dataset was available for 2012. Most of the QC was conducted in remote verifications. IT and ES were verified by regions. In producing the European products, a simplified border matching was applied (see Version 15).# Changes from previous main release (Version 17): #* Inclusion of CLC 2012 layers for all the EEA39 countries.#* Production of CLC 2006 for Greece (in V18_3) and all CLCs for Channel Islands (V18_1).#* Revised CLC 2000 and CLC 2006 layers were made available (V18_5).#* Change in rasterization algorithm (V18_2).#Known problems: #* Some redundant lines between neighbouring polygons with the same code are still present, but only as result of persisting ‘adaptive tilling’ procedure (limitation of ESRI ArcGIS technology for large datasets).#* Polygons <25 ha can be present along national borders and along 'adaptive tilling' tiles boundaries.## for full information about the coverage of this version.## for full information about all sub-versions of this version.##Version 17 (V17)#Release date: 02-12-2013#Main purpose of the release: Maintenance / Increased European coverage of CLC time series data.#Changes from previous release (V16): #* Full CLC and CLCC data time series (from CLC 1990 to CLC 2006 including all CLCC datasets) has been included for the Autonomous Region of the Azores (PT). ##Version 16 (V16)#Release date: 15-04-2012 #Main purpose: Maintenance / Increased and improved European coverage of CLC time series data.#Changes from previous release (V15): #* CLC 1990 coverage: TR has been delivered CLC 1990 and CLCC (1990, 2000) data. Still missing CLC 1990 data: AL, BA, CH, CY, FI, IS, MK, NO, SE, UK and the XK.#* CLC 2000_revised layer covering 27 countries was included (CLC 2000 data revised during production of CLC 2006).#* Shift in MT geographic position has been corrected. All CLC layers for MT have been re-projected.#* A few coding inconsistences were corrected.##Version 15 (V5) #Release date: 20-07-2011 #Main purpose: Publication of final CLC2 006 data.#The 3rd CLC inventory for the reference year of 2006 was produced under GMES Fast Track Service on Land Monitoring. The CLCC database was considered as the primary product, and a uniform change mapping methodology was agreed. Dual date satellite imagery (SPOT-4/5 and IRS P6) taken in 2005-2007 provided enhanced change mapping capabilities. Some of the countries newly entering CLC have produced CLC 2000 datasets also during the project time frame. Scanned topographic maps and digital aerial ortho-imagery have become commonly available. CAPI was the prevailing method applied in interpreting of satellite images. Nevertheless, FI, IS, NO, SE and the UK applied a semiautomatic methodology. Most of the European QC was conducted by visiting national teams (see Version 2). In some cases, remote verification was applied (without mission to countries). ES and IT were verified by regions. #Changes from previous release (V14 (V4)): #* CLC 2006 data covering Great Britain (part of UK) and TR were delivered. Thus, CLC 2006 European coverage includes 38 countries of the EEA39. Still missing CLC 2006 data for Greece.#* A simplified border matching was applied for countries new in CLC: XK, NO, CH and Türkiye: 1) <25 ha polygons along the borders are not removed systematically; 2) sliver-like polygons (area < cca. 5 ha) are generalised to largest or thematically most similar neighbour. #* For the rest of CLC 2006 countries a simple border-matching was applied. Code differences along two sides of borders are not changed. Only polygons with area ≤ 0,1 ha (sliver polygons) are eliminated. #* Data dissemination: CLC data become freely accessible from the EEA to any person or legal entity.##Version 14 (V4)#Release date: 25-10-2010#Main purpose: Maintenance / Increased European coverage of CLC 2006 and CLC 2000 data.#Changes from previous release (V13 (V3)): #* CLC 2006 European coverage includes 37 full countries of EEA39. New data for Northern Ireland (part of the UK), Madeira Islands (part of PT), CH, IS and TR were added to CLC 2006 data. Still missing CLC 2006: GR and the UK (except Northern Ireland).#* New data for Madeira Islands (PT), CH and IS were added into the European CLC 2000 coverage, which includes already the EE39. However, CLCC (1990, 2000) is available for 28 countries only.#* New data for Madeira Islands (PT) were added into CLC 1990 and CLCC (1990, 2000). Still missing CLC 1990 data: AL, BA, CH, CY, FI, IS, MK, NO, SE, TR, UK and XK.##The seamless European database has been further improved addressing feedback from the EEA on V13 (V3):#* No-data buffer (code 999) outside of valid data area was deleted.#* Small gaps identified in V13 were corrected by tolerance adaptation in ArcGIS v10 geodatabase.#* Remaining neighbour polygons with the same code were resolved by additional dissolve operation.##Version 13 (V3)#Release date: 02/2010 #Main purpose: Publication of initial European coverage of CLC 2006 data. #Changes from previous release (V2): #* Version numbering was changed to harmonise vector data (V3) and derived raster data (V13) releases. #* First seamless release in ESRI Geodatabase format.#* Initial coverage of CLC 2006 including 35 countries and Northern Ireland (part of the UK). Missing countries in CLC 2006: GR, CH, TR and the UK (except Northern Ireland).#* Two updates added to CLC 2000: a new version for NO and the first CLC dataset for TR.#* Sea buffer around land has been introduced (15 km as proxy to 12 nautical miles’ sea zone).##Version 2 (V2)#Release date: 09/2009#Main purpose: Publication of final CLC 2000 coverages.#The 2nd CLC inventory for the reference year of 2000 (CLC 2000) was carried out in the frames of I&CLC 2000 project. A single date Landsat-7 ETM satellite imagery taken in 1999-2001 was provided by JRC. The technology of drawing the interpretation on transparencies was discarded and replaced by CAPI (computer-assisted photo-interpretation). Prior to mapping changes CLC 1990 data had to be corrected: 1) bulk geometric mistakes removed and residual geometric errors >100 m and coding mistakes were corrected; 2) polygons smaller than the 25 ha MMU were generalised. European QC was conducted by visiting national teams (usually at the start and towards the end of the project). Computer-assisted verification has provided written, geo-located explanations regarding the mistakes and supported harmonized production of the database all over Europe. #Changes from previous release (V1): #* It was to deliver a single seamless layer, but was not feasible in ESRI environment. Therefore, seamless ESRI ArcInfo Librarian map tiles were produced again (but free of tiling artefacts reported in V1). #* New country deliveries integrated into European CLC 2000 ME, RS (incl. XK), IS and NO. Simple harmonization along national borders of these countries was done (small artefacts cleaned only). #* CLC 2000 data for MT have been updated to reflect changed geometry in CLC 2006 delivery.#* The dissemination and use of products was defined in an agreement between the EEA, the EC and the participating countries.##Version 1 (V1)#Release date: 08/2005 #Main purpose: Publication of initial European coverage of CLC 2000 and CLCC (1990, 2000) data.#Changes from previous release (V0): #* The first consolidated version of European CLC data have been produced as integrated and harmonised seamless layer in ESRI ArcInfo Workstation Librarian map tiles.#* The production of the first CLCC database has started, but no consolidated methodology was available.#* Initial CLC 2000 coverage included 32 countries: AL, AT, BE, BA, BG, CY, CZ, DE, DK, EE, ES, FI, FR, GR, HR, HU, IE, IT, LV, LI, LT, LU, MK, MT, NL, PL, PT, RO, SI, SK, SE and the UK. Missing countries in CLC 2000: CH, IS, ME, NO, RS (including XK) and TR.#* CLC 1990 for most of the countries has been replaced by revised CLC 1990. Some additional countries have produced CLC 1990. Still missing in CLC 1990 European coverage: CY, LI, MT, SE and UK. #* Full harmonization (visual re-interpretation by keeping the 25 ha MMU) inside a 5-km wide strip along national borders was done including 32 countries for CLC 2000 and 24 countries for CLCC (1990, 2000). #* Semi-automatic harmonisation of 2-km wide strip along national borders was done for CLC 1990. #* Vector to raster conversion: “cell centre” method was applied.#* The 25 ha MMU is considered as hard limit. Polygons <25 ha were generalised.#* Dual ownership of CLC and CLCC data (EEA and the country) was introduced. ##Version 0 (V0)#Release dates: up to 12/2000#Main purpose: Distribution of country-level CLC 1990 data and creation of European raster products.#The period of the first CLC inventory was rather long (1985-1996) and 1990 is considered as reference year. CLC 1990 data delivered by countries became part of GISCO database. Releases were provided bi-annually. Following political changes in Central and Eastern Europe 10 additional countries joined. The methodology was visual photointerpretation by drawing the CLC map on transparency, placed on top of satellite image hardcopy at scale 1:100.000.#* CLC 1990 vector and raster data were initially available for 12 countries: AT, BE, DE, DK, ES, FR, GR, IE, IT, LU, NL and PT. Raster only data were available for FI and UK.#* The EC Phare programme supported the implementation of CLC 1990 in 11 countries of Central and Eastern Europe between 1992 and 1998: BG, CZ and SK, EE, LV, LT, HU, PL, RO and SI.#* Integrated European vector dataset was available as ESRI ArcInfo Librarian and derived raster products as ESRI grids in 100m and 250m resolution.#* Data dissemination policy was unclear.
5654b422-af84-4115-ac3c-5d7dea540ebb|Corine Land Cover Change 2012-2018 (CHA1218) is one of the Corine Land Cover (CLC) datasets produced within the frame the Copernicus Land Monitoring Service referring to changes in land cover / land use status between the years 2012 and 2018.##CLC service has a long-time heritage (formerly known as "CORINE Land Cover Programme"), coordinated by the European Environment Agency (EEA). It provides consistent and thematically detailed information on land cover and land cover changes across Europe.##CLC datasets are based on the classification of satellite images produced by the national teams of the participating countries - the EEA members and cooperating countries (EEA39). National CLC inventories are then further integrated into a seamless land cover map of Europe. The resulting European database relies on standard methodology and nomenclature with following base parameters: 44 classes in the hierarchical 3-level CLC nomenclature; minimum mapping unit (MMU) for status layers is 25 hectares; minimum width of linear elements is 100 metres. Change layers have higher resolution, i.e. minimum mapping unit (MMU) is 5 hectares for Land Cover Changes (CHA), and the minimum width of linear elements is 100 metres. ##The CLC service delivers important data sets supporting the implementation of key priority areas of the Environment Action Programmes of the European Union as e.g. protecting ecosystems, halting the loss of biological diversity, tracking the impacts of climate change, monitoring urban land take, assessing developments in agriculture or dealing with water resources directives. part of the European Copernicus Programme coordinated by the European Environment Agency, providing environmental information from a combination of air- and space-based observation systems and in-situ monitoring.|Version 2020_20u1##Release date: 24-02-2020#File naming conventions simplified and better described. New file naming convention has been introduced based on user feedback on version 20. Filename is composed of combination of information about update campaign, data theme and reference year and version specification (including release year and release number).##The French DOMs are provided in separate databases (files both for vector and raster version of data).##All raster layers are back in 8 bit GeoTIFF. Modification is introduced based on the user feedback on version 20. In order to keep 8 bit resolution for raster change layers, they are divided into two files - representing consumption (from) and formation (to) part of change.##Version 20#Release date: 14-06-2019#Vector CLC database was provided by National Teams within original CLC1990, I&CLC2000 update, FTSP/CLC2006 update, CLC2012 update and CLC2018 update projects. All features in original vector database were classified and digitised based on satellite images with 100 m positional accuracy (according to CLC specifications) and 25 ha minimum mapping unit into the standardized CLC nomenclature (44 CLC classes).##European Corine Land Cover seamless DBs represent the final product of European data integration. The process of data integration started when national deliveries have been accepted and the Database Acceptance Report (DBTA) delivered . Delivered national data were produced in local national systems of all participating countries. Each national Coordinate Reference System (CRS) definition had to be known precisely together with its geometric relationship to a standard system in order to accurately transfer all national data into a standard European coordinate reference - ETRS89/LAEA1052.#Mostly, the process itself was carried out by global equation-based transformation to ETRS89 (e.g. seven-parameters Bursa-Wolf methods). The accuracy of a particular transformation ranges from centimetres to meters depending on the method and the quality and number of control points available to define the transformation parameters, but, in any case, the accuracy is far above the actual CLC data resolution (for more details see the DBTA reports for particular country). National data, when transformed into the common European reference, are introduced into tiled pan-European structure and as final step seamless dataset is produced.##In order to achieve production of the real seamless European database, the integration step includes also harmonization of database along country borders. It consists from edge-matching of land cover polygons from the national databases across national borders done by a verification / re-interpretation of the satellite images in the border regions (2 km wide strip along borders). The satellite images from IMAGE2000. CLC1990, CHA9000 and CLC2000 database were harmonized this way, but the order to priority was as following: CLC2000, both geometric and thematic adaptations of all polygons in a 2 km strip along national boundary lines; CHA9000 database to ensure that#changes in CLC2000 are consistent with the change database; corrected CLC90 (if provided by the MS); corrections were focused to geometric adaptations in semi-automatical way based on CLC00 and CHA00 databases. Border harmonization step has been skipped for CHA0006, CHA0612, CLC2012 and CLC2018 datasets. Simplified border harmonization step for CLC2006 dataset has been created for these countries: CH, NO, KO, TR, IE.#A simplified border matching has been applied:#- <25 ha polygons are NOT systematically removed (see next bullet).#- Sliver-like polygons (area < cca. 5 ha - soft limit) are generalised to largest or thematically most similar neighbour.#- CLC-code differences in polygons along two sides of the border are NOT changed#Only polygons with area <= 0,1ha were eliminated in CHA0006, CHA0612, CLC2012 and for CLC2018 datasets and CLC2006 dataset (besides the above-mentioned cases) and in parts newly added in campaigns 2006 and 2012 too##Note: Some artificial lines (dividing polygons with the same code) can be still present in database due to technical constraints of current ArcGIS technology, but has no impact for dataset contents and can be dissolved for data extracts.##Version 18 (V18)#Release date: 19-09-2016 (see V18_5_1)#Main purpose of the release: Publication of the final, corrected CLC 2012 data.#The 4th CLC inventory for the reference year of 2012 was produced under the Copernicus Initial Operations (GIO). It has the shortest production time in history of CLC. Two high-resolution satellite image coverages (IRS Resourcesat-1/2, SPOT-4/5, RapidEye constellation) taken in 2011-2012 provided multi-temporal information to support the update. Computer Assisted Photointerpretation (CAPI) was the prevailing methodology applied in interpreting of satellite images. FI, DE, IC, IE, NO, ES and SE applied a semi-automatic methodology. UK has turned from semiautomatic processing to CAPI because no national hi-res dataset was available for 2012. Most of the QC was conducted in remote verifications. IT and ES were verified by regions. In producing the European products, a simplified border matching was applied (see Version 15).# Changes from previous main release (Version 17): #* Inclusion of CLC 2012 layers for all the EEA39 countries.#* Production of CLC 2006 for Greece (in V18_3) and all CLCs for Channel Islands (V18_1).#* Revised CLC 2000 and CLC 2006 layers were made available (V18_5).#* Change in rasterization algorithm (V18_2).#Known problems: #* Some redundant lines between neighbouring polygons with the same code are still present, but only as result of persisting ‘adaptive tilling’ procedure (limitation of ESRI ArcGIS technology for large datasets).#* Polygons <25 ha can be present along national borders and along 'adaptive tilling' tiles boundaries.## for full information about the coverage of this version.## for full information about all sub-versions of this version.##Version 17 (V17)#Release date: 02-12-2013#Main purpose of the release: Maintenance / Increased European coverage of CLC time series data.#Changes from previous release (V16): #* Full CLC and CLCC data time series (from CLC 1990 to CLC 2006 including all CLCC datasets) has been included for the Autonomous Region of the Azores (PT). ##Version 16 (V16)#Release date: 15-04-2012 #Main purpose: Maintenance / Increased and improved European coverage of CLC time series data.#Changes from previous release (V15): #* CLC 1990 coverage: TR has been delivered CLC 1990 and CLCC (1990, 2000) data. Still missing CLC 1990 data: AL, BA, CH, CY, FI, IS, MK, NO, SE, UK and the XK.#* CLC 2000_revised layer covering 27 countries was included (CLC 2000 data revised during production of CLC 2006).#* Shift in MT geographic position has been corrected. All CLC layers for MT have been re-projected.#* A few coding inconsistences were corrected.##Version 15 (V5) #Release date: 20-07-2011 #Main purpose: Publication of final CLC2 006 data.#The 3rd CLC inventory for the reference year of 2006 was produced under GMES Fast Track Service on Land Monitoring. The CLCC database was considered as the primary product, and a uniform change mapping methodology was agreed. Dual date satellite imagery (SPOT-4/5 and IRS P6) taken in 2005-2007 provided enhanced change mapping capabilities. Some of the countries newly entering CLC have produced CLC 2000 datasets also during the project time frame. Scanned topographic maps and digital aerial ortho-imagery have become commonly available. CAPI was the prevailing method applied in interpreting of satellite images. Nevertheless, FI, IS, NO, SE and the UK applied a semiautomatic methodology. Most of the European QC was conducted by visiting national teams (see Version 2). In some cases, remote verification was applied (without mission to countries). ES and IT were verified by regions. #Changes from previous release (V14 (V4)): #* CLC 2006 data covering Great Britain (part of UK) and TR were delivered. Thus, CLC 2006 European coverage includes 38 countries of the EEA39. Still missing CLC 2006 data for Greece.#* A simplified border matching was applied for countries new in CLC: XK, NO, CH and Türkiye: 1) <25 ha polygons along the borders are not removed systematically; 2) sliver-like polygons (area < cca. 5 ha) are generalised to largest or thematically most similar neighbour. #* For the rest of CLC 2006 countries a simple border-matching was applied. Code differences along two sides of borders are not changed. Only polygons with area ≤ 0,1 ha (sliver polygons) are eliminated. #* Data dissemination: CLC data become freely accessible from the EEA to any person or legal entity.##Version 14 (V4)#Release date: 25-10-2010#Main purpose: Maintenance / Increased European coverage of CLC 2006 and CLC 2000 data.#Changes from previous release (V13 (V3)): #* CLC 2006 European coverage includes 37 full countries of EEA39. New data for Northern Ireland (part of the UK), Madeira Islands (part of PT), CH, IS and TR were added to CLC 2006 data. Still missing CLC 2006: GR and the UK (except Northern Ireland).#* New data for Madeira Islands (PT), CH and IS were added into the European CLC 2000 coverage, which includes already the EE39. However, CLCC (1990, 2000) is available for 28 countries only.#* New data for Madeira Islands (PT) were added into CLC 1990 and CLCC (1990, 2000). Still missing CLC 1990 data: AL, BA, CH, CY, FI, IS, MK, NO, SE, TR, UK and XK.##The seamless European database has been further improved addressing feedback from the EEA on V13 (V3):#* No-data buffer (code 999) outside of valid data area was deleted.#* Small gaps identified in V13 were corrected by tolerance adaptation in ArcGIS v10 geodatabase.#* Remaining neighbour polygons with the same code were resolved by additional dissolve operation.##Version 13 (V3)#Release date: 02/2010 #Main purpose: Publication of initial European coverage of CLC 2006 data. #Changes from previous release (V2): #* Version numbering was changed to harmonise vector data (V3) and derived raster data (V13) releases. #* First seamless release in ESRI Geodatabase format.#* Initial coverage of CLC 2006 including 35 countries and Northern Ireland (part of the UK). Missing countries in CLC 2006: GR, CH, TR and the UK (except Northern Ireland).#* Two updates added to CLC 2000: a new version for NO and the first CLC dataset for TR.#* Sea buffer around land has been introduced (15 km as proxy to 12 nautical miles’ sea zone).##Version 2 (V2)#Release date: 09/2009#Main purpose: Publication of final CLC 2000 coverages.#The 2nd CLC inventory for the reference year of 2000 (CLC 2000) was carried out in the frames of I&CLC 2000 project. A single date Landsat-7 ETM satellite imagery taken in 1999-2001 was provided by JRC. The technology of drawing the interpretation on transparencies was discarded and replaced by CAPI (computer-assisted photo-interpretation). Prior to mapping changes CLC 1990 data had to be corrected: 1) bulk geometric mistakes removed and residual geometric errors >100 m and coding mistakes were corrected; 2) polygons smaller than the 25 ha MMU were generalised. European QC was conducted by visiting national teams (usually at the start and towards the end of the project). Computer-assisted verification has provided written, geo-located explanations regarding the mistakes and supported harmonized production of the database all over Europe. #Changes from previous release (V1): #* It was to deliver a single seamless layer, but was not feasible in ESRI environment. Therefore, seamless ESRI ArcInfo Librarian map tiles were produced again (but free of tiling artefacts reported in V1). #* New country deliveries integrated into European CLC 2000 ME, RS (incl. XK), IS and NO. Simple harmonization along national borders of these countries was done (small artefacts cleaned only). #* CLC 2000 data for MT have been updated to reflect changed geometry in CLC 2006 delivery.#* The dissemination and use of products was defined in an agreement between the EEA, the EC and the participating countries.##Version 1 (V1)#Release date: 08/2005 #Main purpose: Publication of initial European coverage of CLC 2000 and CLCC (1990, 2000) data.#Changes from previous release (V0): #* The first consolidated version of European CLC data have been produced as integrated and harmonised seamless layer in ESRI ArcInfo Workstation Librarian map tiles.#* The production of the first CLCC database has started, but no consolidated methodology was available.#* Initial CLC 2000 coverage included 32 countries: AL, AT, BE, BA, BG, CY, CZ, DE, DK, EE, ES, FI, FR, GR, HR, HU, IE, IT, LV, LI, LT, LU, MK, MT, NL, PL, PT, RO, SI, SK, SE and the UK. Missing countries in CLC 2000: CH, IS, ME, NO, RS (including XK) and TR.#* CLC 1990 for most of the countries has been replaced by revised CLC 1990. Some additional countries have produced CLC 1990. Still missing in CLC 1990 European coverage: CY, LI, MT, SE and UK. #* Full harmonization (visual re-interpretation by keeping the 25 ha MMU) inside a 5-km wide strip along national borders was done including 32 countries for CLC 2000 and 24 countries for CLCC (1990, 2000). #* Semi-automatic harmonisation of 2-km wide strip along national borders was done for CLC 1990. #* Vector to raster conversion: “cell centre” method was applied.#* The 25 ha MMU is considered as hard limit. Polygons <25 ha were generalised.#* Dual ownership of CLC and CLCC data (EEA and the country) was introduced. ##Version 0 (V0)#Release dates: up to 12/2000#Main purpose: Distribution of country-level CLC 1990 data and creation of European raster products.#The period of the first CLC inventory was rather long (1985-1996) and 1990 is considered as reference year. CLC 1990 data delivered by countries became part of GISCO database. Releases were provided bi-annually. Following political changes in Central and Eastern Europe 10 additional countries joined. The methodology was visual photointerpretation by drawing the CLC map on transparency, placed on top of satellite image hardcopy at scale 1:100.000.#* CLC 1990 vector and raster data were initially available for 12 countries: AT, BE, DE, DK, ES, FR, GR, IE, IT, LU, NL and PT. Raster only data were available for FI and UK.#* The EC Phare programme supported the implementation of CLC 1990 in 11 countries of Central and Eastern Europe between 1992 and 1998: BG, CZ and SK, EE, LV, LT, HU, PL, RO and SI.#* Integrated European vector dataset was available as ESRI ArcInfo Librarian and derived raster products as ESRI grids in 100m and 250m resolution.#* Data dissemination policy was unclear.
c89324ef-7729-4477-9f1b-623f5f88eaa1|Corine Land Cover 1990 (CLC1990) is one of the Corine Land Cover (CLC) datasets produced within the frame the Copernicus Land Monitoring Service referring to land cover / land use status of year 1990. ##CLC service has a long-time heritage (formerly known as "CORINE Land Cover Programme"), coordinated by the European Environment Agency (EEA). It provides consistent and thematically detailed information on land cover and land cover changes across Europe. ##CLC datasets are based on the classification of satellite images produced by the national teams of the participating countries - the EEA members and cooperating countries (EEA39). National CLC inventories are then further integrated into a seamless land cover map of Europe. The resulting European database relies on standard methodology and nomenclature with following base parameters: 44 classes in the hierarchical 3-level CLC nomenclature; minimum mapping unit (MMU) for status layers is 25 hectares; minimum width of linear elements is 100 metres. Change layers have higher resolution, i.e. minimum mapping unit (MMU) is 5 hectares for Land Cover Changes (LCC), and the minimum width of linear elements is 100 metres. The CLC service delivers important data sets supporting the implementation of key priority areas of the Environment Action Programmes of the European Union as e.g. protecting ecosystems, halting the loss of biological diversity, tracking the impacts of climate change, monitoring urban land take, assessing developments in agriculture or dealing with water resources directives. part of the European Copernicus Programme coordinated by the European Environment Agency, providing environmental information from a combination of air- and space-based observation systems and in-situ monitoring.|Version 2020_20u1##Release date: 24-02-2020#File naming conventions simplified and better described. New file naming convention has been introduced based on user feedback on version 20. Filename is composed of combination of information about update campaign, data theme and reference year and version specification (including release year and release number).##The French DOMs are provided in separate databases (files both for vector and raster version of data).##All raster layers are back in 8 bit GeoTIFF. Modification is introduced based on the user feedback on version 20. In order to keep 8 bit resolution for raster change layers, they are divided into two files - representing consumption (from) and formation (to) part of change.##European Corine Land Cover seamless DBs represent the final product of European data integration. The process of data integration started when national deliveries have been accepted and the Database Acceptance Report (DBTA) delivered . Delivered national data were produced in local national systems of all participating countries. Each national Coordinate Reference System (CRS) definition had to be known precisely together with its geometric relationship to a standard system in order to accurately transfer all national data into a standard European coordinate reference - ETRS89/LAEA1052.#Mostly, the process itself was carried out by global equation-based transformation to ETRS89 (e.g. seven-parameters Bursa-Wolf methods). The accuracy of a particular transformation ranges from centimetres to meters depending on the method and the quality and number of control points available to define the transformation parameters, but, in any case, the accuracy is far above the actual CLC data resolution (for more details see the DBTA reports for particular country). National data, when transformed into the common European reference, are introduced into tiled pan-European structure and as final step seamless dataset is produced.##In order to achieve production of the real seamless European database, the integration step includes also harmonization of database along country borders. It consists from edge-matching of land cover polygons from the national databases across national borders done by a verification / re-interpretation of the satellite images in the border regions (2 km wide strip along borders). The satellite images from IMAGE2000. CLC1990, CHA9000 and CLC2000 database were harmonized this way, but the order to priority was as following: CLC2000, both geometric and thematic adaptations of all polygons in a 2 km strip along national boundary lines; CHA9000 database to ensure that#changes in CLC2000 are consistent with the change database; corrected CLC90 (if provided by the MS); corrections were focused to geometric adaptations in semi-automatical way based on CLC00 and CHA00 databases. Border harmonization step has been skipped for CHA0006, CHA0612, CLC2012 and CLC2018 datasets. Simplified border harmonization step for CLC2006 dataset has been created for these countries: CH, NO, KO, TR, IE.#A simplified border matching has been applied:#- <25 ha polygons are NOT systematically removed (see next bullet).#- Sliver-like polygons (area < cca. 5 ha - soft limit) are generalised to largest or thematically most similar neighbour.#- CLC-code differences in polygons along two sides of the border are NOT changed#Only polygons with area <= 0,1ha were eliminated in CHA0006, CHA0612, CLC2012 and for CLC2018 datasets and CLC2006 dataset (besides the above-mentioned cases) and in parts newly added in campaigns 2006 and 2012 too##Note: Some artificial lines (dividing polygons with the same code) can be still present in database due to technical constraints of current ArcGIS technology, but has no impact for dataset contents and can be dissolved for data extracts.##Version 20#Release date: 14-06-2019#Vector CLC database was provided by National Teams within original CLC1990 & CLC2000 update, FTSP/CLC2006 update, CLC2012 update and CLC2018 update projects. All features in original vector database were classified and digitised based on satellite images with 100 m positional accuracy (according to CLC specifications) and 25 ha minimum mapping unit into the standardized CLC nomenclature (44 CLC classes).##Version 18 (V18)#Release date: 19-09-2016 (see V18_5_1)#Main purpose of the release: Publication of the final, corrected CLC 2012 data.#The 4th CLC inventory for the reference year of 2012 was produced under the Copernicus Initial Operations (GIO). It has the shortest production time in history of CLC. Two high-resolution satellite image coverages (IRS Resourcesat-1/2, SPOT-4/5, RapidEye constellation) taken in 2011-2012 provided multi-temporal information to support the update. Computer Assisted Photointerpretation (CAPI) was the prevailing methodology applied in interpreting of satellite images. FI, DE, IC, IE, NO, ES and SE applied a semi-automatic methodology. UK has turned from semiautomatic processing to CAPI because no national hi-res dataset was available for 2012. Most of the QC was conducted in remote verifications. IT and ES were verified by regions. In producing the European products, a simplified border matching was applied (see Version 15).# Changes from previous main release (Version 17): #* Inclusion of CLC 2012 layers for all the EEA39 countries.#* Production of CLC 2006 for Greece (in V18_3) and all CLCs for Channel Islands (V18_1).#* Revised CLC 2000 and CLC 2006 layers were made available (V18_5).#* Change in rasterization algorithm (V18_2).#Known problems: #* Some redundant lines between neighbouring polygons with the same code are still present, but only as result of persisting ‘adaptive tilling’ procedure (limitation of ESRI ArcGIS technology for large datasets).#* Polygons <25 ha can be present along national borders and along 'adaptive tilling' tiles boundaries.## for full information about the coverage of this version.## for full information about all sub-versions of this version.##Version 17 (V17)#Release date: 02-12-2013#Main purpose of the release: Maintenance / Increased European coverage of CLC time series data.#Changes from previous release (V16): #* Full CLC and CLCC data time series (from CLC 1990 to CLC 2006 including all CLCC datasets) has been included for the Autonomous Region of the Azores (PT). ##Version 16 (V16)#Release date: 15-04-2012 #Main purpose: Maintenance / Increased and improved European coverage of CLC time series data.#Changes from previous release (V15): #* CLC 1990 coverage: TR has been delivered CLC 1990 and CLCC (1990, 2000) data. Still missing CLC 1990 data: AL, BA, CH, CY, FI, IS, MK, NO, SE, UK and the XK.#* CLC 2000_revised layer covering 27 countries was included (CLC 2000 data revised during production of CLC 2006).#* Shift in MT geographic position has been corrected. All CLC layers for MT have been re-projected.#* A few coding inconsistences were corrected.##Version 15 (V5) #Release date: 20-07-2011 #Main purpose: Publication of final CLC2 006 data.#The 3rd CLC inventory for the reference year of 2006 was produced under GMES Fast Track Service on Land Monitoring. The CLCC database was considered as the primary product, and a uniform change mapping methodology was agreed. Dual date satellite imagery (SPOT-4/5 and IRS P6) taken in 2005-2007 provided enhanced change mapping capabilities. Some of the countries newly entering CLC have produced CLC 2000 datasets also during the project time frame. Scanned topographic maps and digital aerial ortho-imagery have become commonly available. CAPI was the prevailing method applied in interpreting of satellite images. Nevertheless, FI, IS, NO, SE and the UK applied a semiautomatic methodology. Most of the European QC was conducted by visiting national teams (see Version 2). In some cases, remote verification was applied (without mission to countries). ES and IT were verified by regions. #Changes from previous release (V14 (V4)): #* CLC 2006 data covering Great Britain (part of UK) and TR were delivered. Thus, CLC 2006 European coverage includes 38 countries of the EEA39. Still missing CLC 2006 data for Greece.#* A simplified border matching was applied for countries new in CLC: XK, NO, CH and Türkiye: 1) <25 ha polygons along the borders are not removed systematically; 2) sliver-like polygons (area < cca. 5 ha) are generalised to largest or thematically most similar neighbour. #* For the rest of CLC 2006 countries a simple border-matching was applied. Code differences along two sides of borders are not changed. Only polygons with area ≤ 0,1 ha (sliver polygons) are eliminated. #* Data dissemination: CLC data become freely accessible from the EEA to any person or legal entity.##Version 14 (V4)#Release date: 25-10-2010#Main purpose: Maintenance / Increased European coverage of CLC 2006 and CLC 2000 data.#Changes from previous release (V13 (V3)): #* CLC 2006 European coverage includes 37 full countries of EEA39. New data for Northern Ireland (part of the UK), Madeira Islands (part of PT), CH, IS and TR were added to CLC 2006 data. Still missing CLC 2006: GR and the UK (except Northern Ireland).#* New data for Madeira Islands (PT), CH and IS were added into the European CLC 2000 coverage, which includes already the EE39. However, CLCC (1990, 2000) is available for 28 countries only.#* New data for Madeira Islands (PT) were added into CLC 1990 and CLCC (1990, 2000). Still missing CLC 1990 data: AL, BA, CH, CY, FI, IS, MK, NO, SE, TR, UK and XK.##The seamless European database has been further improved addressing feedback from the EEA on V13 (V3):#* No-data buffer (code 999) outside of valid data area was deleted.#* Small gaps identified in V13 were corrected by tolerance adaptation in ArcGIS v10 geodatabase.#* Remaining neighbour polygons with the same code were resolved by additional dissolve operation.##Version 13 (V3)#Release date: 02/2010 #Main purpose: Publication of initial European coverage of CLC 2006 data. #Changes from previous release (V2): #* Version numbering was changed to harmonise vector data (V3) and derived raster data (V13) releases. #* First seamless release in ESRI Geodatabase format.#* Initial coverage of CLC 2006 including 35 countries and Northern Ireland (part of the UK). Missing countries in CLC 2006: GR, CH, TR and the UK (except Northern Ireland).#* Two updates added to CLC 2000: a new version for NO and the first CLC dataset for TR.#* Sea buffer around land has been introduced (15 km as proxy to 12 nautical miles’ sea zone).##Version 2 (V2)#Release date: 09/2009#Main purpose: Publication of final CLC 2000 coverages.#The 2nd CLC inventory for the reference year of 2000 (CLC 2000) was carried out in the frames of I&CLC 2000 project. A single date Landsat-7 ETM satellite imagery taken in 1999-2001 was provided by JRC. The technology of drawing the interpretation on transparencies was discarded and replaced by CAPI (computer-assisted photo-interpretation). Prior to mapping changes CLC 1990 data had to be corrected: 1) bulk geometric mistakes removed and residual geometric errors >100 m and coding mistakes were corrected; 2) polygons smaller than the 25 ha MMU were generalised. European QC was conducted by visiting national teams (usually at the start and towards the end of the project). Computer-assisted verification has provided written, geo-located explanations regarding the mistakes and supported harmonized production of the database all over Europe. #Changes from previous release (V1): #* It was to deliver a single seamless layer, but was not feasible in ESRI environment. Therefore, seamless ESRI ArcInfo Librarian map tiles were produced again (but free of tiling artefacts reported in V1). #* New country deliveries integrated into European CLC 2000 ME, RS (incl. XK), IS and NO. Simple harmonization along national borders of these countries was done (small artefacts cleaned only). #* CLC 2000 data for MT have been updated to reflect changed geometry in CLC 2006 delivery.#* The dissemination and use of products was defined in an agreement between the EEA, the EC and the participating countries.##Version 1 (V1)#Release date: 08/2005 #Main purpose: Publication of initial European coverage of CLC 2000 and CLCC (1990, 2000) data.#Changes from previous release (V0): #* The first consolidated version of European CLC data have been produced as integrated and harmonised seamless layer in ESRI ArcInfo Workstation Librarian map tiles.#* The production of the first CLCC database has started, but no consolidated methodology was available.#* Initial CLC 2000 coverage included 32 countries: AL, AT, BE, BA, BG, CY, CZ, DE, DK, EE, ES, FI, FR, GR, HR, HU, IE, IT, LV, LI, LT, LU, MK, MT, NL, PL, PT, RO, SI, SK, SE and the UK. Missing countries in CLC 2000: CH, IS, ME, NO, RS (including XK) and TR.#* CLC 1990 for most of the countries has been replaced by revised CLC 1990. Some additional countries have produced CLC 1990. Still missing in CLC 1990 European coverage: CY, LI, MT, SE and UK. #* Full harmonization (visual re-interpretation by keeping the 25 ha MMU) inside a 5-km wide strip along national borders was done including 32 countries for CLC 2000 and 24 countries for CLCC (1990, 2000). #* Semi-automatic harmonisation of 2-km wide strip along national borders was done for CLC 1990. #* Vector to raster conversion: “cell centre” method was applied.#* The 25 ha MMU is considered as hard limit. Polygons <25 ha were generalised.#* Dual ownership of CLC and CLCC data (EEA and the country) was introduced. ##Version 0 (V0)#Release dates: up to 12/2000#Main purpose: Distribution of country-level CLC 1990 data and creation of European raster products.#The period of the first CLC inventory was rather long (1985-1996) and 1990 is considered as reference year. CLC 1990 data delivered by countries became part of GISCO database. Releases were provided bi-annually. Following political changes in Central and Eastern Europe 10 additional countries joined. The methodology was visual photointerpretation by drawing the CLC map on transparency, placed on top of satellite image hardcopy at scale 1:100.000.#* CLC 1990 vector and raster data were initially available for 12 countries: AT, BE, DE, DK, ES, FR, GR, IE, IT, LU, NL and PT. Raster only data were available for FI and UK.#* The EC Phare programme supported the implementation of CLC 1990 in 11 countries of Central and Eastern Europe between 1992 and 1998: BG, CZ and SK, EE, LV, LT, HU, PL, RO and SI.#* Integrated European vector dataset was available as ESRI ArcInfo Librarian and derived raster products as ESRI grids in 100m and 250m resolution.#* Data dissemination policy was unclear.
ddacbd5e-068f-4e52-a596-d606e8de7f40|Corine Land Cover 2000 (CLC2000) is one of the datasets produced within the frame the Corine Land Cover programme referring to land cover / land use status of year 2000. ##The Corine Land Cover (CLC) is a European programme, coordinated by the European Environment Agency (EEA), providing consistent and thematically detailed information on land cover and land cover changes across Europe. CLC products are based on the classification of satellite images by the national teams of the participating countries - the EEA member and cooperating countries (EEA39). National CLC inventories are further integrated into a seamless land cover map of Europe. The resulting European database relies on standard methodology and nomenclature with following base parameters: 44 classes in the hierarchical 3-level CLC nomenclature; minimum mapping unit (MMU) for status layers is 25 hectares; minimum width of linear elements is 100 metres. Change layers have higher resolution, i.e. minimum mapping unit (MMU) is 5 hectares for Land Cover Changes (LCC), and the minimum width of linear elements is 100 metres. ##The CLC programme provides important data sets supporting the implementation of key priority areas of the Environment Action Programmes of the European Community as e.g. protecting ecosystems, halting the loss of biological diversity, tracking the impacts of climate change, monitoring urban land take, assessing developments in agriculture and implementing the EU Water Framework Directive. run by the European Commission and the European Environment Agency, which provides environmental information from a combination of air- and space-based observation systems and in-situ monitoring.|Version 2020_20u1##Release date: 24-02-2020#File naming conventions simplified and better described. New file naming convention has been introduced based on user feedback on version 20. Filename is composed of combination of information about update campaign, data theme and reference year and version specification (including release year and release number).##The French DOMs are provided in separate databases (files both for vector and raster version of data).##All raster layers are back in 8 bit GeoTIFF. Modification is introduced based on the user feedback on version 20. In order to keep 8 bit resolution for raster change layers, they are divided into two files - representing consumption (from) and formation (to) part of change.##European Corine Land Cover seamless DBs represent the final product of European data integration. The process of data integration started when national deliveries have been accepted and the Database Acceptance Report (DBTA) delivered . Delivered national data were produced in local national systems of all participating countries. Each national Coordinate Reference System (CRS) definition had to be known precisely together with its geometric relationship to a standard system in order to accurately transfer all national data into a standard European coordinate reference - ETRS89/LAEA1052.#Mostly, the process itself was carried out by global equation-based transformation to ETRS89 (e.g. seven-parameters Bursa-Wolf methods). The accuracy of a particular transformation ranges from centimetres to meters depending on the method and the quality and number of control points available to define the transformation parameters, but, in any case, the accuracy is far above the actual CLC data resolution (for more details see the DBTA reports for particular country). National data, when transformed into the common European reference, are introduced into tiled pan-European structure and as final step seamless dataset is produced.##In order to achieve production of the real seamless European database, the integration step includes also harmonization of database along country borders. It consists from edge-matching of land cover polygons from the national databases across national borders done by a verification / re-interpretation of the satellite images in the border regions (2 km wide strip along borders). The satellite images from IMAGE2000. CLC1990, CHA9000 and CLC2000 database were harmonized this way, but the order to priority was as following: CLC2000, both geometric and thematic adaptations of all polygons in a 2 km strip along national boundary lines; CHA9000 database to ensure that#changes in CLC2000 are consistent with the change database; corrected CLC90 (if provided by the MS); corrections were focused to geometric adaptations in semi-automatical way based on CLC00 and CHA00 databases. Border harmonization step has been skipped for CHA0006, CHA0612, CLC2012 and CLC2018 datasets. Simplified border harmonization step for CLC2006 dataset has been created for these countries: CH, NO, KO, TR, IE.#A simplified border matching has been applied:#- <25 ha polygons are NOT systematically removed (see next bullet).#- Sliver-like polygons (area < cca. 5 ha - soft limit) are generalised to largest or thematically most similar neighbour.#- CLC-code differences in polygons along two sides of the border are NOT changed#Only polygons with area <= 0,1ha were eliminated in CHA0006, CHA0612, CLC2012 and for CLC2018 datasets and CLC2006 dataset (besides the above-mentioned cases) and in parts newly added in campaigns 2006 and 2012 too##Note: Some artificial lines (dividing polygons with the same code) can be still present in database due to technical constraints of current ArcGIS technology, but has no impact for dataset contents and can be dissolved for data extracts.##Version 20#Release date: 14-06-2019#Vector CLC database was provided by National Teams within original CLC1990, I&CLC2000 update, FTSP/CLC2006 update, CLC2012 update and CLC2018 update projects. All features in original vector database were classified and digitised based on satellite images with 100 m positional accuracy (according to CLC specifications) and 25 ha minimum mapping unit into the standardized CLC nomenclature (44 CLC classes).##Version 18 (V18)#Release date: 19-09-2016 (see V18_5_1)#Main purpose of the release: Publication of the final, corrected CLC 2012 data.#The 4th CLC inventory for the reference year of 2012 was produced under the Copernicus Initial Operations (GIO). It has the shortest production time in history of CLC. Two high-resolution satellite image coverages (IRS Resourcesat-1/2, SPOT-4/5, RapidEye constellation) taken in 2011-2012 provided multi-temporal information to support the update. Computer Assisted Photointerpretation (CAPI) was the prevailing methodology applied in interpreting of satellite images. FI, DE, IC, IE, NO, ES and SE applied a semi-automatic methodology. UK has turned from semiautomatic processing to CAPI because no national hi-res dataset was available for 2012. Most of the QC was conducted in remote verifications. IT and ES were verified by regions. In producing the European products, a simplified border matching was applied (see Version 15).# Changes from previous main release (Version 17): #* Inclusion of CLC 2012 layers for all the EEA39 countries.#* Production of CLC 2006 for Greece (in V18_3) and all CLCs for Channel Islands (V18_1).#* Revised CLC 2000 and CLC 2006 layers were made available (V18_5).#* Change in rasterization algorithm (V18_2).#Known problems: #* Some redundant lines between neighbouring polygons with the same code are still present, but only as result of persisting ‘adaptive tilling’ procedure (limitation of ESRI ArcGIS technology for large datasets).#* Polygons <25 ha can be present along national borders and along 'adaptive tilling' tiles boundaries.## for full information about the coverage of this version.## for full information about all sub-versions of this version.##Version 17 (V17)#Release date: 02-12-2013#Main purpose of the release: Maintenance / Increased European coverage of CLC time series data.#Changes from previous release (V16): #* Full CLC and CLCC data time series (from CLC 1990 to CLC 2006 including all CLCC datasets) has been included for the Autonomous Region of the Azores (PT). ##Version 16 (V16)#Release date: 15-04-2012 #Main purpose: Maintenance / Increased and improved European coverage of CLC time series data.#Changes from previous release (V15): #* CLC 1990 coverage: TR has been delivered CLC 1990 and CLCC (1990, 2000) data. Still missing CLC 1990 data: AL, BA, CH, CY, FI, IS, MK, NO, SE, UK and the XK.#* CLC 2000_revised layer covering 27 countries was included (CLC 2000 data revised during production of CLC 2006).#* Shift in MT geographic position has been corrected. All CLC layers for MT have been re-projected.#* A few coding inconsistences were corrected.##Version 15 (V5) #Release date: 20-07-2011 #Main purpose: Publication of final CLC2 006 data.#The 3rd CLC inventory for the reference year of 2006 was produced under GMES Fast Track Service on Land Monitoring. The CLCC database was considered as the primary product, and a uniform change mapping methodology was agreed. Dual date satellite imagery (SPOT-4/5 and IRS P6) taken in 2005-2007 provided enhanced change mapping capabilities. Some of the countries newly entering CLC have produced CLC 2000 datasets also during the project time frame. Scanned topographic maps and digital aerial ortho-imagery have become commonly available. CAPI was the prevailing method applied in interpreting of satellite images. Nevertheless, FI, IS, NO, SE and the UK applied a semiautomatic methodology. Most of the European QC was conducted by visiting national teams (see Version 2). In some cases, remote verification was applied (without mission to countries). ES and IT were verified by regions. #Changes from previous release (V14 (V4)): #* CLC 2006 data covering Great Britain (part of UK) and TR were delivered. Thus, CLC 2006 European coverage includes 38 countries of the EEA39. Still missing CLC 2006 data for Greece.#* A simplified border matching was applied for countries new in CLC: XK, NO, CH and Türkiye: 1) <25 ha polygons along the borders are not removed systematically; 2) sliver-like polygons (area < cca. 5 ha) are generalised to largest or thematically most similar neighbour. #* For the rest of CLC 2006 countries a simple border-matching was applied. Code differences along two sides of borders are not changed. Only polygons with area ≤ 0,1 ha (sliver polygons) are eliminated. #* Data dissemination: CLC data become freely accessible from the EEA to any person or legal entity.##Version 14 (V4)#Release date: 25-10-2010#Main purpose: Maintenance / Increased European coverage of CLC 2006 and CLC 2000 data.#Changes from previous release (V13 (V3)): #* CLC 2006 European coverage includes 37 full countries of EEA39. New data for Northern Ireland (part of the UK), Madeira Islands (part of PT), CH, IS and TR were added to CLC 2006 data. Still missing CLC 2006: GR and the UK (except Northern Ireland).#* New data for Madeira Islands (PT), CH and IS were added into the European CLC 2000 coverage, which includes already the EE39. However, CLCC (1990, 2000) is available for 28 countries only.#* New data for Madeira Islands (PT) were added into CLC 1990 and CLCC (1990, 2000). Still missing CLC 1990 data: AL, BA, CH, CY, FI, IS, MK, NO, SE, TR, UK and XK.##The seamless European database has been further improved addressing feedback from the EEA on V13 (V3):#* No-data buffer (code 999) outside of valid data area was deleted.#* Small gaps identified in V13 were corrected by tolerance adaptation in ArcGIS v10 geodatabase.#* Remaining neighbour polygons with the same code were resolved by additional dissolve operation.##Version 13 (V3)#Release date: 02/2010 #Main purpose: Publication of initial European coverage of CLC 2006 data. #Changes from previous release (V2): #* Version numbering was changed to harmonise vector data (V3) and derived raster data (V13) releases. #* First seamless release in ESRI Geodatabase format.#* Initial coverage of CLC 2006 including 35 countries and Northern Ireland (part of the UK). Missing countries in CLC 2006: GR, CH, TR and the UK (except Northern Ireland).#* Two updates added to CLC 2000: a new version for NO and the first CLC dataset for TR.#* Sea buffer around land has been introduced (15 km as proxy to 12 nautical miles’ sea zone).##Version 2 (V2)#Release date: 09/2009#Main purpose: Publication of final CLC 2000 coverages.#The 2nd CLC inventory for the reference year of 2000 (CLC 2000) was carried out in the frames of I&CLC 2000 project. A single date Landsat-7 ETM satellite imagery taken in 1999-2001 was provided by JRC. The technology of drawing the interpretation on transparencies was discarded and replaced by CAPI (computer-assisted photo-interpretation). Prior to mapping changes CLC 1990 data had to be corrected: 1) bulk geometric mistakes removed and residual geometric errors >100 m and coding mistakes were corrected; 2) polygons smaller than the 25 ha MMU were generalised. European QC was conducted by visiting national teams (usually at the start and towards the end of the project). Computer-assisted verification has provided written, geo-located explanations regarding the mistakes and supported harmonized production of the database all over Europe. #Changes from previous release (V1): #* It was to deliver a single seamless layer, but was not feasible in ESRI environment. Therefore, seamless ESRI ArcInfo Librarian map tiles were produced again (but free of tiling artefacts reported in V1). #* New country deliveries integrated into European CLC 2000 ME, RS (incl. XK), IS and NO. Simple harmonization along national borders of these countries was done (small artefacts cleaned only). #* CLC 2000 data for MT have been updated to reflect changed geometry in CLC 2006 delivery.#* The dissemination and use of products was defined in an agreement between the EEA, the EC and the participating countries.##Version 1 (V1)#Release date: 08/2005 #Main purpose: Publication of initial European coverage of CLC 2000 and CLCC (1990, 2000) data.#Changes from previous release (V0): #* The first consolidated version of European CLC data have been produced as integrated and harmonised seamless layer in ESRI ArcInfo Workstation Librarian map tiles.#* The production of the first CLCC database has started, but no consolidated methodology was available.#* Initial CLC 2000 coverage included 32 countries: AL, AT, BE, BA, BG, CY, CZ, DE, DK, EE, ES, FI, FR, GR, HR, HU, IE, IT, LV, LI, LT, LU, MK, MT, NL, PL, PT, RO, SI, SK, SE and the UK. Missing countries in CLC 2000: CH, IS, ME, NO, RS (including XK) and TR.#* CLC 1990 for most of the countries has been replaced by revised CLC 1990. Some additional countries have produced CLC 1990. Still missing in CLC 1990 European coverage: CY, LI, MT, SE and UK. #* Full harmonization (visual re-interpretation by keeping the 25 ha MMU) inside a 5-km wide strip along national borders was done including 32 countries for CLC 2000 and 24 countries for CLCC (1990, 2000). #* Semi-automatic harmonisation of 2-km wide strip along national borders was done for CLC 1990. #* Vector to raster conversion: “cell centre” method was applied.#* The 25 ha MMU is considered as hard limit. Polygons <25 ha were generalised.#* Dual ownership of CLC and CLCC data (EEA and the country) was introduced. ##Version 0 (V0)#Release dates: up to 12/2000#Main purpose: Distribution of country-level CLC 1990 data and creation of European raster products.#The period of the first CLC inventory was rather long (1985-1996) and 1990 is considered as reference year. CLC 1990 data delivered by countries became part of GISCO database. Releases were provided bi-annually. Following political changes in Central and Eastern Europe 10 additional countries joined. The methodology was visual photointerpretation by drawing the CLC map on transparency, placed on top of satellite image hardcopy at scale 1:100.000.#* CLC 1990 vector and raster data were initially available for 12 countries: AT, BE, DE, DK, ES, FR, GR, IE, IT, LU, NL and PT. Raster only data were available for FI and UK.#* The EC Phare programme supported the implementation of CLC 1990 in 11 countries of Central and Eastern Europe between 1992 and 1998: BG, CZ and SK, EE, LV, LT, HU, PL, RO and SI.#* Integrated European vector dataset was available as ESRI ArcInfo Librarian and derived raster products as ESRI grids in 100m and 250m resolution.#* Data dissemination policy was unclear.
8b85b479-6afb-42c6-817c-11d1a5260b83|Corine Land Cover 2000 (CLC2000) is one of the datasets produced within the frame the Corine Land Cover programme referring to land cover / land use status of year 2000.##The Corine Land Cover (CLC) is a European programme, coordinated by the European Environment Agency (EEA), providing consistent and thematically detailed information on land cover and land cover changes across Europe. CLC products are based on the classification of satellite images by the national teams of the participating countries - the EEA member and cooperating countries (EEA39). National CLC inventories are further integrated into a seamless land cover map of Europe. The resulting European database relies on standard methodology and nomenclature with following base parameters: 44 classes in the hierarchical 3-level CLC nomenclature; minimum mapping unit (MMU) for status layers is 25 hectares; minimum width of linear elements is 100 metres. Change layers have higher resolution, i.e. minimum mapping unit (MMU) is 5 hectares for Land Cover Changes (LCC), and the minimum width of linear elements is 100 metres. ##The CLC programme provides important data sets supporting the implementation of key priority areas of the Environment Action Programmes of the European Community as e.g. protecting ecosystems, halting the loss of biological diversity, tracking the impacts of climate change, monitoring urban land take, assessing developments in agriculture and implementing the EU Water Framework Directive. run by the European Commission and the European Environment Agency, which provides environmental information from a combination of air- and space-based observation systems and in-situ monitoring.|Version 2020_20u1##Release date: 24-02-2020#File naming conventions simplified and better described. New file naming convention has been introduced based on user feedback on version 20. Filename is composed of combination of information about update campaign, data theme and reference year and version specification (including release year and release number).##The French DOMs are provided in separate databases (files both for vector and raster version of data).##All raster layers are back in 8 bit GeoTIFF. Modification is introduced based on the user feedback on version 20. In order to keep 8 bit resolution for raster change layers, they are divided into two files - representing consumption (from) and formation (to) part of change.##Version 20#Release date: 14-06-2019#Vector CLC database was provided by National Teams within original CLC1990, I&CLC2000 update, FTSP/CLC2006 update, CLC2012 update and CLC2018 update projects. All features in original vector database were classified and digitised based on satellite images with 100 m positional accuracy (according to CLC specifications) and 25 ha minimum mapping unit into the standardized CLC nomenclature (44 CLC classes).##European Corine Land Cover seamless DBs represent the final product of European data integration. The process of data integration started when national deliveries have been accepted and the Database Acceptance Report (DBTA) delivered . Delivered national data were produced in local national systems of all participating countries. Each national Coordinate Reference System (CRS) definition had to be known precisely together with its geometric relationship to a standard system in order to accurately transfer all national data into a standard European coordinate reference - ETRS89/LAEA1052.##Mostly, the process itself was carried out by global equation-based transformation to ETRS89 (e.g. seven-parameters Bursa-Wolf methods). The accuracy of a particular transformation ranges from centimetres to meters depending on the method and the quality and number of control points available to define the transformation parameters, but, in any case, the accuracy is far above the actual CLC data resolution (for more details see the DBTA reports for particular country). National data, when transformed into the common European reference, are introduced into tiled pan-European structure and as final step seamless dataset is produced.##In order to achieve production of the real seamless European database, the integration step includes also harmonization of database along country borders. It consists from edge-matching of land cover polygons from the national databases across national borders done by a verification / re-interpretation of the satellite images in the border regions (2 km wide strip along borders). The satellite images from IMAGE2000. CLC1990, CHA9000 and CLC2000 database were harmonized this way, but the order to priority was as following: CLC2000, both geometric and thematic adaptations of all polygons in a 2 km strip along national boundary lines; CHA9000 database to ensure that changes in CLC2000 are consistent with the change database; corrected CLC90 (if provided by the MS); corrections were focused to geometric adaptations in semi-automatical way based on CLC00 and CHA00 databases. Border harmonization step has been skipped for CHA0006, CHA0612, CLC2012 and CLC2018 datasets. Simplified border harmonization step for CLC2006 dataset has been created for these countries: CH, NO, KO, TR, IE.#A simplified border matching has been applied:#- <25 ha polygons are NOT systematically removed (see next bullet).#- Sliver-like polygons (area < cca. 5 ha - soft limit) are generalised to largest or thematically most similar neighbour.#- CLC-code differences in polygons along two sides of the border are NOT changed#Only polygons with area <= 0,1ha were eliminated in CHA0006, CHA0612, CLC2012 and for CLC2018 datasets and CLC2006 dataset (besides the above-mentioned cases) and in parts newly added in campaigns 2006 and 2012 too##Note: Some artificial lines (dividing polygons with the same code) can be still present in database due to technical constraints of current ArcGIS technology, but has no impact for dataset contents and can be dissolved for data extracts.##Version 18 (V18)#Release date: 19-09-2016 (see V18_5_1)#Main purpose of the release: Publication of the final, corrected CLC 2012 data.#The 4th CLC inventory for the reference year of 2012 was produced under the Copernicus Initial Operations (GIO). It has the shortest production time in history of CLC. Two high-resolution satellite image coverages (IRS Resourcesat-1/2, SPOT-4/5, RapidEye constellation) taken in 2011-2012 provided multi-temporal information to support the update. Computer Assisted Photointerpretation (CAPI) was the prevailing methodology applied in interpreting of satellite images. FI, DE, IC, IE, NO, ES and SE applied a semi-automatic methodology. UK has turned from semiautomatic processing to CAPI because no national hi-res dataset was available for 2012. Most of the QC was conducted in remote verifications. IT and ES were verified by regions. In producing the European products, a simplified border matching was applied (see Version 15).# Changes from previous main release (Version 17): #* Inclusion of CLC 2012 layers for all the EEA39 countries.#* Production of CLC 2006 for Greece (in V18_3) and all CLCs for Channel Islands (V18_1).#* Revised CLC 2000 and CLC 2006 layers were made available (V18_5).#* Change in rasterization algorithm (V18_2).#Known problems: #* Some redundant lines between neighbouring polygons with the same code are still present, but only as result of persisting ‘adaptive tilling’ procedure (limitation of ESRI ArcGIS technology for large datasets).#* Polygons <25 ha can be present along national borders and along 'adaptive tilling' tiles boundaries.## for full information about the coverage of this version.## for full information about all sub-versions of this version.##Version 17 (V17)#Release date: 02-12-2013#Main purpose of the release: Maintenance / Increased European coverage of CLC time series data.#Changes from previous release (V16): #* Full CLC and CLCC data time series (from CLC 1990 to CLC 2006 including all CLCC datasets) has been included for the Autonomous Region of the Azores (PT). ##Version 16 (V16)#Release date: 15-04-2012 #Main purpose: Maintenance / Increased and improved European coverage of CLC time series data.#Changes from previous release (V15): #* CLC 1990 coverage: TR has been delivered CLC 1990 and CLCC (1990, 2000) data. Still missing CLC 1990 data: AL, BA, CH, CY, FI, IS, MK, NO, SE, UK and the XK.#* CLC 2000_revised layer covering 27 countries was included (CLC 2000 data revised during production of CLC 2006).#* Shift in MT geographic position has been corrected. All CLC layers for MT have been re-projected.#* A few coding inconsistences were corrected.##Version 15 (V5) #Release date: 20-07-2011 #Main purpose: Publication of final CLC2 006 data.#The 3rd CLC inventory for the reference year of 2006 was produced under GMES Fast Track Service on Land Monitoring. The CLCC database was considered as the primary product, and a uniform change mapping methodology was agreed. Dual date satellite imagery (SPOT-4/5 and IRS P6) taken in 2005-2007 provided enhanced change mapping capabilities. Some of the countries newly entering CLC have produced CLC 2000 datasets also during the project time frame. Scanned topographic maps and digital aerial ortho-imagery have become commonly available. CAPI was the prevailing method applied in interpreting of satellite images. Nevertheless, FI, IS, NO, SE and the UK applied a semiautomatic methodology. Most of the European QC was conducted by visiting national teams (see Version 2). In some cases, remote verification was applied (without mission to countries). ES and IT were verified by regions. #Changes from previous release (V14 (V4)): #* CLC 2006 data covering Great Britain (part of UK) and TR were delivered. Thus, CLC 2006 European coverage includes 38 countries of the EEA39. Still missing CLC 2006 data for Greece.#* A simplified border matching was applied for countries new in CLC: XK, NO, CH and Türkiye: 1) <25 ha polygons along the borders are not removed systematically; 2) sliver-like polygons (area < cca. 5 ha) are generalised to largest or thematically most similar neighbour. #* For the rest of CLC 2006 countries a simple border-matching was applied. Code differences along two sides of borders are not changed. Only polygons with area ≤ 0,1 ha (sliver polygons) are eliminated. #* Data dissemination: CLC data become freely accessible from the EEA to any person or legal entity.##Version 14 (V4)#Release date: 25-10-2010#Main purpose: Maintenance / Increased European coverage of CLC 2006 and CLC 2000 data.#Changes from previous release (V13 (V3)): #* CLC 2006 European coverage includes 37 full countries of EEA39. New data for Northern Ireland (part of the UK), Madeira Islands (part of PT), CH, IS and TR were added to CLC 2006 data. Still missing CLC 2006: GR and the UK (except Northern Ireland).#* New data for Madeira Islands (PT), CH and IS were added into the European CLC 2000 coverage, which includes already the EE39. However, CLCC (1990, 2000) is available for 28 countries only.#* New data for Madeira Islands (PT) were added into CLC 1990 and CLCC (1990, 2000). Still missing CLC 1990 data: AL, BA, CH, CY, FI, IS, MK, NO, SE, TR, UK and XK.##The seamless European database has been further improved addressing feedback from the EEA on V13 (V3):#* No-data buffer (code 999) outside of valid data area was deleted.#* Small gaps identified in V13 were corrected by tolerance adaptation in ArcGIS v10 geodatabase.#* Remaining neighbour polygons with the same code were resolved by additional dissolve operation.##Version 13 (V3)#Release date: 02/2010 #Main purpose: Publication of initial European coverage of CLC 2006 data. #Changes from previous release (V2): #* Version numbering was changed to harmonise vector data (V3) and derived raster data (V13) releases. #* First seamless release in ESRI Geodatabase format.#* Initial coverage of CLC 2006 including 35 countries and Northern Ireland (part of the UK). Missing countries in CLC 2006: GR, CH, TR and the UK (except Northern Ireland).#* Two updates added to CLC 2000: a new version for NO and the first CLC dataset for TR.#* Sea buffer around land has been introduced (15 km as proxy to 12 nautical miles’ sea zone).##Version 2 (V2)#Release date: 09/2009#Main purpose: Publication of final CLC 2000 coverages.#The 2nd CLC inventory for the reference year of 2000 (CLC 2000) was carried out in the frames of I&CLC 2000 project. A single date Landsat-7 ETM satellite imagery taken in 1999-2001 was provided by JRC. The technology of drawing the interpretation on transparencies was discarded and replaced by CAPI (computer-assisted photo-interpretation). Prior to mapping changes CLC 1990 data had to be corrected: 1) bulk geometric mistakes removed and residual geometric errors >100 m and coding mistakes were corrected; 2) polygons smaller than the 25 ha MMU were generalised. European QC was conducted by visiting national teams (usually at the start and towards the end of the project). Computer-assisted verification has provided written, geo-located explanations regarding the mistakes and supported harmonized production of the database all over Europe. #Changes from previous release (V1): #* It was to deliver a single seamless layer, but was not feasible in ESRI environment. Therefore, seamless ESRI ArcInfo Librarian map tiles were produced again (but free of tiling artefacts reported in V1). #* New country deliveries integrated into European CLC 2000 ME, RS (incl. XK), IS and NO. Simple harmonization along national borders of these countries was done (small artefacts cleaned only). #* CLC 2000 data for MT have been updated to reflect changed geometry in CLC 2006 delivery.#* The dissemination and use of products was defined in an agreement between the EEA, the EC and the participating countries.##Version 1 (V1)#Release date: 08/2005 #Main purpose: Publication of initial European coverage of CLC 2000 and CLCC (1990, 2000) data.#Changes from previous release (V0): #* The first consolidated version of European CLC data have been produced as integrated and harmonised seamless layer in ESRI ArcInfo Workstation Librarian map tiles.#* The production of the first CLCC database has started, but no consolidated methodology was available.#* Initial CLC 2000 coverage included 32 countries: AL, AT, BE, BA, BG, CY, CZ, DE, DK, EE, ES, FI, FR, GR, HR, HU, IE, IT, LV, LI, LT, LU, MK, MT, NL, PL, PT, RO, SI, SK, SE and the UK. Missing countries in CLC 2000: CH, IS, ME, NO, RS (including XK) and TR.#* CLC 1990 for most of the countries has been replaced by revised CLC 1990. Some additional countries have produced CLC 1990. Still missing in CLC 1990 European coverage: CY, LI, MT, SE and UK. #* Full harmonization (visual re-interpretation by keeping the 25 ha MMU) inside a 5-km wide strip along national borders was done including 32 countries for CLC 2000 and 24 countries for CLCC (1990, 2000). #* Semi-automatic harmonisation of 2-km wide strip along national borders was done for CLC 1990. #* Vector to raster conversion: “cell centre” method was applied.#* The 25 ha MMU is considered as hard limit. Polygons <25 ha were generalised.#* Dual ownership of CLC and CLCC data (EEA and the country) was introduced. ##Version 0 (V0)#Release dates: up to 12/2000#Main purpose: Distribution of country-level CLC 1990 data and creation of European raster products.#The period of the first CLC inventory was rather long (1985-1996) and 1990 is considered as reference year. CLC 1990 data delivered by countries became part of GISCO database. Releases were provided bi-annually. Following political changes in Central and Eastern Europe 10 additional countries joined. The methodology was visual photointerpretation by drawing the CLC map on transparency, placed on top of satellite image hardcopy at scale 1:100.000.#* CLC 1990 vector and raster data were initially available for 12 countries: AT, BE, DE, DK, ES, FR, GR, IE, IT, LU, NL and PT. Raster only data were available for FI and UK.#* The EC Phare programme supported the implementation of CLC 1990 in 11 countries of Central and Eastern Europe between 1992 and 1998: BG, CZ and SK, EE, LV, LT, HU, PL, RO and SI.#* Integrated European vector dataset was available as ESRI ArcInfo Librarian and derived raster products as ESRI grids in 100m and 250m resolution.#* Data dissemination policy was unclear.
93eede6e-c196-40e3-9253-7f2237b49de1|Corine Land Cover 2006 (CLC2006) is one of the Corine Land Cover (CLC) datasets produced within the frame the Copernicus Land Monitoring Service referring to land cover / land use status of year 2006. CLC service has a long-time heritage (formerly known as "CORINE Land Cover Programme"), coordinated by the European Environment Agency (EEA). It provides consistent and thematically detailed information on land cover and land cover changes across Europe.##CLC datasets are based on the classification of satellite images produced by the national teams of the participating countries - the EEA members and cooperating countries (EEA39). National CLC inventories are then further integrated into a seamless land cover map of Europe. The resulting European database relies on standard methodology and nomenclature with following base parameters: 44 classes in the hierarchical 3-level CLC nomenclature; minimum mapping unit (MMU) for status layers is 25 hectares; minimum width of linear elements is 100 metres. Change layers have higher resolution, i.e. minimum mapping unit (MMU) is 5 hectares for Land Cover Changes (LCC), and the minimum width of linear elements is 100 metres. The CLC service delivers important data sets supporting the implementation of key priority areas of the Environment Action Programmes of the European Union as e.g. protecting ecosystems, halting the loss of biological diversity, tracking the impacts of climate change, monitoring urban land take, assessing developments in agriculture or dealing with water resources directives. part of the European Copernicus Programme coordinated by the European Environment Agency, providing environmental information from a combination of air- and space-based observation systems and in-situ monitoring.|Version 2020_20u1#Release date: 24-02-2020#File naming conventions simplified and better described. New file naming convention has been introduced based on user feedback on version 20. Filename is composed of combination of information about update campaign, data theme and reference year and version specification (including release year and release number).##The French DOMs are provided in separate databases (files both for vector and raster version of data).##All raster layers are back in 8 bit GeoTIFF. Modification is introduced based on the user feedback on version 20. In order to keep 8 bit resolution for raster change layers, they are divided into two files - representing consumption (from) and formation (to) part of change.##Version 20#Release date: 14-06-2019#Vector CLC database was provided by National Teams within original CLC1990, I&CLC2000 update, FTSP/CLC2006 update, CLC2012 update and CLC2018 update projects. All features in original vector database were classified and digitised based on satellite images with 100 m positional accuracy (according to CLC specifications) and 25 ha minimum mapping unit into the standardized CLC nomenclature (44 CLC classes).##European Corine Land Cover seamless DBs represent the final product of European data integration. The process of data integration started when national deliveries have been accepted and the Database Acceptance Report (DBTA) delivered . Delivered national data were produced in local national systems of all participating countries. Each national Coordinate Reference System (CRS) definition had to be known precisely together with its geometric relationship to a standard system in order to accurately transfer all national data into a standard European coordinate reference - ETRS89/LAEA1052.#Mostly, the process itself was carried out by global equation-based transformation to ETRS89 (e.g. seven-parameters Bursa-Wolf methods). The accuracy of a particular transformation ranges from centimetres to meters depending on the method and the quality and number of control points available to define the transformation parameters, but, in any case, the accuracy is far above the actual CLC data resolution (for more details see the DBTA reports for particular country). National data, when transformed into the common European reference, are introduced into tiled pan-European structure and as final step seamless dataset is produced.##In order to achieve production of the real seamless European database, the integration step includes also harmonization of database along country borders. It consists from edge-matching of land cover polygons from the national databases across national borders done by a verification / re-interpretation of the satellite images in the border regions (2 km wide strip along borders). The satellite images from IMAGE2000. CLC1990, CHA9000 and CLC2000 database were harmonized this way, but the order to priority was as following: CLC2000, both geometric and thematic adaptations of all polygons in a 2 km strip along national boundary lines; CHA9000 database to ensure that#changes in CLC2000 are consistent with the change database; corrected CLC90 (if provided by the MS); corrections were focused to geometric adaptations in semi-automatical way based on CLC00 and CHA00 databases. Border harmonization step has been skipped for CHA0006, CHA0612, CLC2012 and clc2018 datasets. Simplified border harmonization step for CLC2006 dataset has been created for these countries: CH, NO, KO, TR, IE.#A simplified border matching has been applied:#- <25 ha polygons are NOT systematically removed (see next bullet).#- Sliver-like polygons (area < cca. 5 ha - soft limit) are generalised to largest or thematically most similar neighbour.#- CLC-code differences in polygons along two sides of the border are NOT changed#Only polygons with area <= 0,1ha were eliminated in CHA0006, CHA0612, CLC2012 and for CLC2018 datasets and CLC2006 dataset (besides the above-mentioned cases) and in parts newly added in campaigns 2006 and 2012 too##Note: Some artificial lines (dividing polygons with the same code) can be still present in database due to technical constraints of current ArcGIS technology, but has no impact for dataset contents and can be dissolved for data extracts.##Version 18 (V18)#Release date: 19-09-2016 (see V18_5_1)#Main purpose of the release: Publication of the final, corrected CLC 2012 data.#The 4th CLC inventory for the reference year of 2012 was produced under the Copernicus Initial Operations (GIO). It has the shortest production time in history of CLC. Two high-resolution satellite image coverages (IRS Resourcesat-1/2, SPOT-4/5, RapidEye constellation) taken in 2011-2012 provided multi-temporal information to support the update. Computer Assisted Photointerpretation (CAPI) was the prevailing methodology applied in interpreting of satellite images. FI, DE, IC, IE, NO, ES and SE applied a semi-automatic methodology. UK has turned from semiautomatic processing to CAPI because no national hi-res dataset was available for 2012. Most of the QC was conducted in remote verifications. IT and ES were verified by regions. In producing the European products, a simplified border matching was applied (see Version 15).# Changes from previous main release (Version 17): #* Inclusion of CLC 2012 layers for all the EEA39 countries.#* Production of CLC 2006 for Greece (in V18_3) and all CLCs for Channel Islands (V18_1).#* Revised CLC 2000 and CLC 2006 layers were made available (V18_5).#* Change in rasterization algorithm (V18_2).#Known problems: #* Some redundant lines between neighbouring polygons with the same code are still present, but only as result of persisting ‘adaptive tilling’ procedure (limitation of ESRI ArcGIS technology for large datasets).#* Polygons <25 ha can be present along national borders and along 'adaptive tilling' tiles boundaries.## for full information about the coverage of this version.## for full information about all sub-versions of this version.##Version 17 (V17)#Release date: 02-12-2013#Main purpose of the release: Maintenance / Increased European coverage of CLC time series data.#Changes from previous release (V16): #* Full CLC and CLCC data time series (from CLC 1990 to CLC 2006 including all CLCC datasets) has been included for the Autonomous Region of the Azores (PT). ##Version 16 (V16)#Release date: 15-04-2012 #Main purpose: Maintenance / Increased and improved European coverage of CLC time series data.#Changes from previous release (V15): #* CLC 1990 coverage: TR has been delivered CLC 1990 and CLCC (1990, 2000) data. Still missing CLC 1990 data: AL, BA, CH, CY, FI, IS, MK, NO, SE, UK and the XK.#* CLC 2000_revised layer covering 27 countries was included (CLC 2000 data revised during production of CLC 2006).#* Shift in MT geographic position has been corrected. All CLC layers for MT have been re-projected.#* A few coding inconsistences were corrected.##Version 15 (V5) #Release date: 20-07-2011 #Main purpose: Publication of final CLC2 006 data.#The 3rd CLC inventory for the reference year of 2006 was produced under GMES Fast Track Service on Land Monitoring. The CLCC database was considered as the primary product, and a uniform change mapping methodology was agreed. Dual date satellite imagery (SPOT-4/5 and IRS P6) taken in 2005-2007 provided enhanced change mapping capabilities. Some of the countries newly entering CLC have produced CLC 2000 datasets also during the project time frame. Scanned topographic maps and digital aerial ortho-imagery have become commonly available. CAPI was the prevailing method applied in interpreting of satellite images. Nevertheless, FI, IS, NO, SE and the UK applied a semiautomatic methodology. Most of the European QC was conducted by visiting national teams (see Version 2). In some cases, remote verification was applied (without mission to countries). ES and IT were verified by regions. #Changes from previous release (V14 (V4)): #* CLC 2006 data covering Great Britain (part of UK) and TR were delivered. Thus, CLC 2006 European coverage includes 38 countries of the EEA39. Still missing CLC 2006 data for Greece.#* A simplified border matching was applied for countries new in CLC: XK, NO, CH and Türkiye: 1) <25 ha polygons along the borders are not removed systematically; 2) sliver-like polygons (area < cca. 5 ha) are generalised to largest or thematically most similar neighbour. #* For the rest of CLC 2006 countries a simple border-matching was applied. Code differences along two sides of borders are not changed. Only polygons with area ≤ 0,1 ha (sliver polygons) are eliminated. #* Data dissemination: CLC data become freely accessible from the EEA to any person or legal entity.##Version 14 (V4)#Release date: 25-10-2010#Main purpose: Maintenance / Increased European coverage of CLC 2006 and CLC 2000 data.#Changes from previous release (V13 (V3)): #* CLC 2006 European coverage includes 37 full countries of EEA39. New data for Northern Ireland (part of the UK), Madeira Islands (part of PT), CH, IS and TR were added to CLC 2006 data. Still missing CLC 2006: GR and the UK (except Northern Ireland).#* New data for Madeira Islands (PT), CH and IS were added into the European CLC 2000 coverage, which includes already the EE39. However, CLCC (1990, 2000) is available for 28 countries only.#* New data for Madeira Islands (PT) were added into CLC 1990 and CLCC (1990, 2000). Still missing CLC 1990 data: AL, BA, CH, CY, FI, IS, MK, NO, SE, TR, UK and XK.##The seamless European database has been further improved addressing feedback from the EEA on V13 (V3):#* No-data buffer (code 999) outside of valid data area was deleted.#* Small gaps identified in V13 were corrected by tolerance adaptation in ArcGIS v10 geodatabase.#* Remaining neighbour polygons with the same code were resolved by additional dissolve operation.##Version 13 (V3)#Release date: 02/2010 #Main purpose: Publication of initial European coverage of CLC 2006 data. #Changes from previous release (V2): #* Version numbering was changed to harmonise vector data (V3) and derived raster data (V13) releases. #* First seamless release in ESRI Geodatabase format.#* Initial coverage of CLC 2006 including 35 countries and Northern Ireland (part of the UK). Missing countries in CLC 2006: GR, CH, TR and the UK (except Northern Ireland).#* Two updates added to CLC 2000: a new version for NO and the first CLC dataset for TR.#* Sea buffer around land has been introduced (15 km as proxy to 12 nautical miles’ sea zone).##Version 2 (V2)#Release date: 09/2009#Main purpose: Publication of final CLC 2000 coverages.#The 2nd CLC inventory for the reference year of 2000 (CLC 2000) was carried out in the frames of I&CLC 2000 project. A single date Landsat-7 ETM satellite imagery taken in 1999-2001 was provided by JRC. The technology of drawing the interpretation on transparencies was discarded and replaced by CAPI (computer-assisted photo-interpretation). Prior to mapping changes CLC 1990 data had to be corrected: 1) bulk geometric mistakes removed and residual geometric errors >100 m and coding mistakes were corrected; 2) polygons smaller than the 25 ha MMU were generalised. European QC was conducted by visiting national teams (usually at the start and towards the end of the project). Computer-assisted verification has provided written, geo-located explanations regarding the mistakes and supported harmonized production of the database all over Europe. #Changes from previous release (V1): #* It was to deliver a single seamless layer, but was not feasible in ESRI environment. Therefore, seamless ESRI ArcInfo Librarian map tiles were produced again (but free of tiling artefacts reported in V1). #* New country deliveries integrated into European CLC 2000 ME, RS (incl. XK), IS and NO. Simple harmonization along national borders of these countries was done (small artefacts cleaned only). #* CLC 2000 data for MT have been updated to reflect changed geometry in CLC 2006 delivery.#* The dissemination and use of products was defined in an agreement between the EEA, the EC and the participating countries.##Version 1 (V1)#Release date: 08/2005 #Main purpose: Publication of initial European coverage of CLC 2000 and CLCC (1990, 2000) data.#Changes from previous release (V0): #* The first consolidated version of European CLC data have been produced as integrated and harmonised seamless layer in ESRI ArcInfo Workstation Librarian map tiles.#* The production of the first CLCC database has started, but no consolidated methodology was available.#* Initial CLC 2000 coverage included 32 countries: AL, AT, BE, BA, BG, CY, CZ, DE, DK, EE, ES, FI, FR, GR, HR, HU, IE, IT, LV, LI, LT, LU, MK, MT, NL, PL, PT, RO, SI, SK, SE and the UK. Missing countries in CLC 2000: CH, IS, ME, NO, RS (including XK) and TR.#* CLC 1990 for most of the countries has been replaced by revised CLC 1990. Some additional countries have produced CLC 1990. Still missing in CLC 1990 European coverage: CY, LI, MT, SE and UK. #* Full harmonization (visual re-interpretation by keeping the 25 ha MMU) inside a 5-km wide strip along national borders was done including 32 countries for CLC 2000 and 24 countries for CLCC (1990, 2000). #* Semi-automatic harmonisation of 2-km wide strip along national borders was done for CLC 1990. #* Vector to raster conversion: “cell centre” method was applied.#* The 25 ha MMU is considered as hard limit. Polygons <25 ha were generalised.#* Dual ownership of CLC and CLCC data (EEA and the country) was introduced. ##Version 0 (V0)#Release dates: up to 12/2000#Main purpose: Distribution of country-level CLC 1990 data and creation of European raster products.#The period of the first CLC inventory was rather long (1985-1996) and 1990 is considered as reference year. CLC 1990 data delivered by countries became part of GISCO database. Releases were provided bi-annually. Following political changes in Central and Eastern Europe 10 additional countries joined. The methodology was visual photointerpretation by drawing the CLC map on transparency, placed on top of satellite image hardcopy at scale 1:100.000.#* CLC 1990 vector and raster data were initially available for 12 countries: AT, BE, DE, DK, ES, FR, GR, IE, IT, LU, NL and PT. Raster only data were available for FI and UK.#* The EC Phare programme supported the implementation of CLC 1990 in 11 countries of Central and Eastern Europe between 1992 and 1998: BG, CZ and SK, EE, LV, LT, HU, PL, RO and SI.#* Integrated European vector dataset was available as ESRI ArcInfo Librarian and derived raster products as ESRI grids in 100m and 250m resolution.#* Data dissemination policy was unclear.
a84ae124-c5c5-4577-8e10-511bfe55cc0d|Corine Land Cover 2012 (CLC2012) is one of the Corine Land Cover (CLC) datasets produced within the frame the Copernicus Land Monitoring Service referring to land cover / land use status of year 2012. ##CLC service has a long-time heritage (formerly known as "CORINE Land Cover Programme"), coordinated by the European Environment Agency (EEA). It provides consistent and thematically detailed information on land cover and land cover changes across Europe.##CLC datasets are based on the classification of satellite images produced by the national teams of the participating countries - the EEA members and cooperating countries (EEA39). National CLC inventories are then further integrated into a seamless land cover map of Europe. The resulting European database relies on standard methodology and nomenclature with following base parameters: 44 classes in the hierarchical 3-level CLC nomenclature; minimum mapping unit (MMU) for status layers is 25 hectares; minimum width of linear elements is 100 metres. Change layers have higher resolution, i.e. minimum mapping unit (MMU) is 5 hectares for Land Cover Changes (LCC), and the minimum width of linear elements is 100 metres. The CLC service delivers important data sets supporting the implementation of key priority areas of the Environment Action Programmes of the European Union as e.g. protecting ecosystems, halting the loss of biological diversity, tracking the impacts of climate change, monitoring urban land take, assessing developments in agriculture or dealing with water resources directives. part of the European Copernicus Programme coordinated by the European Environment Agency, providing environmental information from a combination of air- and space-based observation systems and in-situ monitoring.|Version 2020_20u1#Release date: 24-02-2020#File naming conventions simplified and better described. New file naming convention has been introduced based on user feedback on version 20. Filename is composed of combination of information about update campaign, data theme and reference year and version specification (including release year and release number).##The French DOMs are provided in separate databases (files both for vector and raster version of data).##All raster layers are back in 8 bit GeoTIFF. Modification is introduced based on the user feedback on version 20. In order to keep 8 bit resolution for raster change layers, they are divided into two files - representing consumption (from) and formation (to) part of change.##Version 20#Release date: 14-06-2019#Vector CLC database was provided by National Teams within original CLC1990, I&CLC2000 update, FTSP/CLC2006 update, CLC2012 update and CLC2018 update projects. All features in original vector database were classified and digitised based on satellite images with 100 m positional accuracy (according to CLC specifications) and 25 ha minimum mapping unit into the standardized CLC nomenclature (44 CLC classes).##European Corine Land Cover seamless DBs represent the final product of European data integration. The process of data integration started when national deliveries have been accepted and the Database Acceptance Report (DBTA) delivered . Delivered national data were produced in local national systems of all participating countries. Each national Coordinate Reference System (CRS) definition had to be known precisely together with its geometric relationship to a standard system in order to accurately transfer all national data into a standard European coordinate reference - ETRS89/LAEA1052.#Mostly, the process itself was carried out by global equation-based transformation to ETRS89 (e.g. seven-parameters Bursa-Wolf methods). The accuracy of a particular transformation ranges from centimetres to meters depending on the method and the quality and number of control points available to define the transformation parameters, but, in any case, the accuracy is far above the actual CLC data resolution (for more details see the DBTA reports for particular country). National data, when transformed into the common European reference, are introduced into tiled pan-European structure and as final step seamless dataset is produced.##In order to achieve production of the real seamless European database, the integration step includes also harmonization of database along country borders. It consists from edge-matching of land cover polygons from the national databases across national borders done by a verification / re-interpretation of the satellite images in the border regions (2 km wide strip along borders). The satellite images from IMAGE2000. CLC1990, CHA9000 and CLC2000 database were harmonized this way, but the order to priority was as following: CLC2000, both geometric and thematic adaptations of all polygons in a 2 km strip along national boundary lines; CHA9000 database to ensure that#changes in CLC2000 are consistent with the change database; corrected CLC90 (if provided by the MS); corrections were focused to geometric adaptations in semi-automatical way based on CLC00 and CHA00 databases. Border harmonization step has been skipped for CHA0006, CHA0612, CLC2012 and CLC2018 datasets. Simplified border harmonization step for CLC2006 dataset has been created for these countries: CH, NO, KO, TR, IE.#A simplified border matching has been applied:#- <25 ha polygons are NOT systematically removed (see next bullet).#- Sliver-like polygons (area < cca. 5 ha - soft limit) are generalised to largest or thematically most similar neighbour.#- CLC-code differences in polygons along two sides of the border are NOT changed#Only polygons with area <= 0,1ha were eliminated in CHA0006, CHA0612, CLC2012 and for CLC2018 datasets and CLC2006 dataset (besides the above-mentioned cases) and in parts newly added in campaigns 2006 and 2012 too##Note: Some artificial lines (dividing polygons with the same code) can be still present in database due to technical constraints of current ArcGIS technology, but has no impact for dataset contents and can be dissolved for data extracts.##Version 18 (V18)#Release date: 19-09-2016 (see V18_5_1)#Main purpose of the release: Publication of the final, corrected CLC 2012 data.#The 4th CLC inventory for the reference year of 2012 was produced under the Copernicus Initial Operations (GIO). It has the shortest production time in history of CLC. Two high-resolution satellite image coverages (IRS Resourcesat-1/2, SPOT-4/5, RapidEye constellation) taken in 2011-2012 provided multi-temporal information to support the update. Computer Assisted Photointerpretation (CAPI) was the prevailing methodology applied in interpreting of satellite images. FI, DE, IC, IE, NO, ES and SE applied a semi-automatic methodology. UK has turned from semiautomatic processing to CAPI because no national hi-res dataset was available for 2012. Most of the QC was conducted in remote verifications. IT and ES were verified by regions. In producing the European products, a simplified border matching was applied (see Version 15).# Changes from previous main release (Version 17): #* Inclusion of CLC 2012 layers for all the EEA39 countries.#* Production of CLC 2006 for Greece (in V18_3) and all CLCs for Channel Islands (V18_1).#* Revised CLC 2000 and CLC 2006 layers were made available (V18_5).#* Change in rasterization algorithm (V18_2).#Known problems: #* Some redundant lines between neighbouring polygons with the same code are still present, but only as result of persisting ‘adaptive tilling’ procedure (limitation of ESRI ArcGIS technology for large datasets).#* Polygons <25 ha can be present along national borders and along 'adaptive tilling' tiles boundaries.## for full information about the coverage of this version.## for full information about all sub-versions of this version.##Version 17 (V17)#Release date: 02-12-2013#Main purpose of the release: Maintenance / Increased European coverage of CLC time series data.#Changes from previous release (V16): #* Full CLC and CLCC data time series (from CLC 1990 to CLC 2006 including all CLCC datasets) has been included for the Autonomous Region of the Azores (PT). ##Version 16 (V16)#Release date: 15-04-2012 #Main purpose: Maintenance / Increased and improved European coverage of CLC time series data.#Changes from previous release (V15): #* CLC 1990 coverage: TR has been delivered CLC 1990 and CLCC (1990, 2000) data. Still missing CLC 1990 data: AL, BA, CH, CY, FI, IS, MK, NO, SE, UK and the XK.#* CLC 2000_revised layer covering 27 countries was included (CLC 2000 data revised during production of CLC 2006).#* Shift in MT geographic position has been corrected. All CLC layers for MT have been re-projected.#* A few coding inconsistences were corrected.##Version 15 (V5) #Release date: 20-07-2011 #Main purpose: Publication of final CLC2 006 data.#The 3rd CLC inventory for the reference year of 2006 was produced under GMES Fast Track Service on Land Monitoring. The CLCC database was considered as the primary product, and a uniform change mapping methodology was agreed. Dual date satellite imagery (SPOT-4/5 and IRS P6) taken in 2005-2007 provided enhanced change mapping capabilities. Some of the countries newly entering CLC have produced CLC 2000 datasets also during the project time frame. Scanned topographic maps and digital aerial ortho-imagery have become commonly available. CAPI was the prevailing method applied in interpreting of satellite images. Nevertheless, FI, IS, NO, SE and the UK applied a semiautomatic methodology. Most of the European QC was conducted by visiting national teams (see Version 2). In some cases, remote verification was applied (without mission to countries). ES and IT were verified by regions. #Changes from previous release (V14 (V4)): #* CLC 2006 data covering Great Britain (part of UK) and TR were delivered. Thus, CLC 2006 European coverage includes 38 countries of the EEA39. Still missing CLC 2006 data for Greece.#* A simplified border matching was applied for countries new in CLC: XK, NO, CH and Türkiye: 1) <25 ha polygons along the borders are not removed systematically; 2) sliver-like polygons (area < cca. 5 ha) are generalised to largest or thematically most similar neighbour. #* For the rest of CLC 2006 countries a simple border-matching was applied. Code differences along two sides of borders are not changed. Only polygons with area ≤ 0,1 ha (sliver polygons) are eliminated. #* Data dissemination: CLC data become freely accessible from the EEA to any person or legal entity.##Version 14 (V4)#Release date: 25-10-2010#Main purpose: Maintenance / Increased European coverage of CLC 2006 and CLC 2000 data.#Changes from previous release (V13 (V3)): #* CLC 2006 European coverage includes 37 full countries of EEA39. New data for Northern Ireland (part of the UK), Madeira Islands (part of PT), CH, IS and TR were added to CLC 2006 data. Still missing CLC 2006: GR and the UK (except Northern Ireland).#* New data for Madeira Islands (PT), CH and IS were added into the European CLC 2000 coverage, which includes already the EE39. However, CLCC (1990, 2000) is available for 28 countries only.#* New data for Madeira Islands (PT) were added into CLC 1990 and CLCC (1990, 2000). Still missing CLC 1990 data: AL, BA, CH, CY, FI, IS, MK, NO, SE, TR, UK and XK.##The seamless European database has been further improved addressing feedback from the EEA on V13 (V3):#* No-data buffer (code 999) outside of valid data area was deleted.#* Small gaps identified in V13 were corrected by tolerance adaptation in ArcGIS v10 geodatabase.#* Remaining neighbour polygons with the same code were resolved by additional dissolve operation.##Version 13 (V3)#Release date: 02/2010 #Main purpose: Publication of initial European coverage of CLC 2006 data. #Changes from previous release (V2): #* Version numbering was changed to harmonise vector data (V3) and derived raster data (V13) releases. #* First seamless release in ESRI Geodatabase format.#* Initial coverage of CLC 2006 including 35 countries and Northern Ireland (part of the UK). Missing countries in CLC 2006: GR, CH, TR and the UK (except Northern Ireland).#* Two updates added to CLC 2000: a new version for NO and the first CLC dataset for TR.#* Sea buffer around land has been introduced (15 km as proxy to 12 nautical miles’ sea zone).##Version 2 (V2)#Release date: 09/2009#Main purpose: Publication of final CLC 2000 coverages.#The 2nd CLC inventory for the reference year of 2000 (CLC 2000) was carried out in the frames of I&CLC 2000 project. A single date Landsat-7 ETM satellite imagery taken in 1999-2001 was provided by JRC. The technology of drawing the interpretation on transparencies was discarded and replaced by CAPI (computer-assisted photo-interpretation). Prior to mapping changes CLC 1990 data had to be corrected: 1) bulk geometric mistakes removed and residual geometric errors >100 m and coding mistakes were corrected; 2) polygons smaller than the 25 ha MMU were generalised. European QC was conducted by visiting national teams (usually at the start and towards the end of the project). Computer-assisted verification has provided written, geo-located explanations regarding the mistakes and supported harmonized production of the database all over Europe. #Changes from previous release (V1): #* It was to deliver a single seamless layer, but was not feasible in ESRI environment. Therefore, seamless ESRI ArcInfo Librarian map tiles were produced again (but free of tiling artefacts reported in V1). #* New country deliveries integrated into European CLC 2000 ME, RS (incl. XK), IS and NO. Simple harmonization along national borders of these countries was done (small artefacts cleaned only). #* CLC 2000 data for MT have been updated to reflect changed geometry in CLC 2006 delivery.#* The dissemination and use of products was defined in an agreement between the EEA, the EC and the participating countries.##Version 1 (V1)#Release date: 08/2005 #Main purpose: Publication of initial European coverage of CLC 2000 and CLCC (1990, 2000) data.#Changes from previous release (V0): #* The first consolidated version of European CLC data have been produced as integrated and harmonised seamless layer in ESRI ArcInfo Workstation Librarian map tiles.#* The production of the first CLCC database has started, but no consolidated methodology was available.#* Initial CLC 2000 coverage included 32 countries: AL, AT, BE, BA, BG, CY, CZ, DE, DK, EE, ES, FI, FR, GR, HR, HU, IE, IT, LV, LI, LT, LU, MK, MT, NL, PL, PT, RO, SI, SK, SE and the UK. Missing countries in CLC 2000: CH, IS, ME, NO, RS (including XK) and TR.#* CLC 1990 for most of the countries has been replaced by revised CLC 1990. Some additional countries have produced CLC 1990. Still missing in CLC 1990 European coverage: CY, LI, MT, SE and UK. #* Full harmonization (visual re-interpretation by keeping the 25 ha MMU) inside a 5-km wide strip along national borders was done including 32 countries for CLC 2000 and 24 countries for CLCC (1990, 2000). #* Semi-automatic harmonisation of 2-km wide strip along national borders was done for CLC 1990. #* Vector to raster conversion: “cell centre” method was applied.#* The 25 ha MMU is considered as hard limit. Polygons <25 ha were generalised.#* Dual ownership of CLC and CLCC data (EEA and the country) was introduced. ##Version 0 (V0)#Release dates: up to 12/2000#Main purpose: Distribution of country-level CLC 1990 data and creation of European raster products.#The period of the first CLC inventory was rather long (1985-1996) and 1990 is considered as reference year. CLC 1990 data delivered by countries became part of GISCO database. Releases were provided bi-annually. Following political changes in Central and Eastern Europe 10 additional countries joined. The methodology was visual photointerpretation by drawing the CLC map on transparency, placed on top of satellite image hardcopy at scale 1:100.000.#* CLC 1990 vector and raster data were initially available for 12 countries: AT, BE, DE, DK, ES, FR, GR, IE, IT, LU, NL and PT. Raster only data were available for FI and UK.#* The EC Phare programme supported the implementation of CLC 1990 in 11 countries of Central and Eastern Europe between 1992 and 1998: BG, CZ and SK, EE, LV, LT, HU, PL, RO and SI.#* Integrated European vector dataset was available as ESRI ArcInfo Librarian and derived raster products as ESRI grids in 100m and 250m resolution.#* Data dissemination policy was unclear.
916c0ee7-9711-4996-9876-95ea45ce1d27|Corine Land Cover 2012 (CLC2012) is one of the Corine Land Cover (CLC) datasets produced within the frame the Copernicus Land Monitoring Service referring to land cover / land use status of year 2012. ##CLC service has a long-time heritage (formerly known as "CORINE Land Cover Programme"), coordinated by the European Environment Agency (EEA). It provides consistent and thematically detailed information on land cover and land cover changes across Europe.##CLC datasets are based on the classification of satellite images produced by the national teams of the participating countries - the EEA members and cooperating countries (EEA39). National CLC inventories are then further integrated into a seamless land cover map of Europe. The resulting European database relies on standard methodology and nomenclature with following base parameters: 44 classes in the hierarchical 3-level CLC nomenclature; minimum mapping unit (MMU) for status layers is 25 hectares; minimum width of linear elements is 100 metres. Change layers have higher resolution, i.e. minimum mapping unit (MMU) is 5 hectares for Land Cover Changes (LCC), and the minimum width of linear elements is 100 metres. The CLC service delivers important data sets supporting the implementation of key priority areas of the Environment Action Programmes of the European Union as e.g. protecting ecosystems, halting the loss of biological diversity, tracking the impacts of climate change, monitoring urban land take, assessing developments in agriculture or dealing with water resources directives. part of the European Copernicus Programme coordinated by the European Environment Agency, providing environmental information from a combination of air- and space-based observation systems and in-situ monitoring.|Version 2020_20u1#Release date: 24-02-2020#File naming conventions simplified and better described. New file naming convention has been introduced based on user feedback on version 20. Filename is composed of combination of information about update campaign, data theme and reference year and version specification (including release year and release number).##The French DOMs are provided in separate databases (files both for vector and raster version of data).##All raster layers are back in 8 bit GeoTIFF. Modification is introduced based on the user feedback on version 20. In order to keep 8 bit resolution for raster change layers, they are divided into two files - representing consumption (from) and formation (to) part of change.##Version 20#Release date: 14-06-2019#Vector CLC database was provided by National Teams within original CLC1990, I&CLC2000 update, FTSP/CLC2006 update, CLC2012 update and CLC2018 update projects. All features in original vector database were classified and digitised based on satellite images with 100 m positional accuracy (according to CLC specifications) and 25 ha minimum mapping unit into the standardized CLC nomenclature (44 CLC classes).##European Corine Land Cover seamless DBs represent the final product of European data integration. The process of data integration started when national deliveries have been accepted and the Database Acceptance Report (DBTA) delivered . Delivered national data were produced in local national systems of all participating countries. Each national Coordinate Reference System (CRS) definition had to be known precisely together with its geometric relationship to a standard system in order to accurately transfer all national data into a standard European coordinate reference - ETRS89/LAEA1052.#Mostly, the process itself was carried out by global equation-based transformation to ETRS89 (e.g. seven-parameters Bursa-Wolf methods). The accuracy of a particular transformation ranges from centimetres to meters depending on the method and the quality and number of control points available to define the transformation parameters, but, in any case, the accuracy is far above the actual CLC data resolution (for more details see the DBTA reports for particular country). National data, when transformed into the common European reference, are introduced into tiled pan-European structure and as final step seamless dataset is produced.##In order to achieve production of the real seamless European database, the integration step includes also harmonization of database along country borders. It consists from edge-matching of land cover polygons from the national databases across national borders done by a verification / re-interpretation of the satellite images in the border regions (2 km wide strip along borders). The satellite images from IMAGE2000. CLC1990, CHA9000 and CLC2000 database were harmonized this way, but the order to priority was as following: CLC2000, both geometric and thematic adaptations of all polygons in a 2 km strip along national boundary lines; CHA9000 database to ensure that#changes in CLC2000 are consistent with the change database; corrected CLC90 (if provided by the MS); corrections were focused to geometric adaptations in semi-automatical way based on CLC00 and CHA00 databases. Border harmonization step has been skipped for CHA0006, CHA0612, CLC2012 and CLC2018 datasets. Simplified border harmonization step for CLC2006 dataset has been created for these countries: CH, NO, KO, TR, IE.#A simplified border matching has been applied:#- <25 ha polygons are NOT systematically removed (see next bullet).#- Sliver-like polygons (area < cca. 5 ha - soft limit) are generalised to largest or thematically most similar neighbour.#- CLC-code differences in polygons along two sides of the border are NOT changed#Only polygons with area <= 0,1ha were eliminated in CHA0006, CHA0612, CLC2012 and for CLC2018 datasets and CLC2006 dataset (besides the above-mentioned cases) and in parts newly added in campaigns 2006 and 2012 too##Note: Some artificial lines (dividing polygons with the same code) can be still present in database due to technical constraints of current ArcGIS technology, but has no impact for dataset contents and can be dissolved for data extracts.##Version 18 (V18)#Release date: 19-09-2016 (see V18_5_1)#Main purpose of the release: Publication of the final, corrected CLC 2012 data.#The 4th CLC inventory for the reference year of 2012 was produced under the Copernicus Initial Operations (GIO). It has the shortest production time in history of CLC. Two high-resolution satellite image coverages (IRS Resourcesat-1/2, SPOT-4/5, RapidEye constellation) taken in 2011-2012 provided multi-temporal information to support the update. Computer Assisted Photointerpretation (CAPI) was the prevailing methodology applied in interpreting of satellite images. FI, DE, IC, IE, NO, ES and SE applied a semi-automatic methodology. UK has turned from semiautomatic processing to CAPI because no national hi-res dataset was available for 2012. Most of the QC was conducted in remote verifications. IT and ES were verified by regions. In producing the European products, a simplified border matching was applied (see Version 15).# Changes from previous main release (Version 17): #* Inclusion of CLC 2012 layers for all the EEA39 countries.#* Production of CLC 2006 for Greece (in V18_3) and all CLCs for Channel Islands (V18_1).#* Revised CLC 2000 and CLC 2006 layers were made available (V18_5).#* Change in rasterization algorithm (V18_2).#Known problems: #* Some redundant lines between neighbouring polygons with the same code are still present, but only as result of persisting ‘adaptive tilling’ procedure (limitation of ESRI ArcGIS technology for large datasets).#* Polygons <25 ha can be present along national borders and along 'adaptive tilling' tiles boundaries.## for full information about the coverage of this version.## for full information about all sub-versions of this version.##Version 17 (V17)#Release date: 02-12-2013#Main purpose of the release: Maintenance / Increased European coverage of CLC time series data.#Changes from previous release (V16): #* Full CLC and CLCC data time series (from CLC 1990 to CLC 2006 including all CLCC datasets) has been included for the Autonomous Region of the Azores (PT). ##Version 16 (V16)#Release date: 15-04-2012 #Main purpose: Maintenance / Increased and improved European coverage of CLC time series data.#Changes from previous release (V15): #* CLC 1990 coverage: TR has been delivered CLC 1990 and CLCC (1990, 2000) data. Still missing CLC 1990 data: AL, BA, CH, CY, FI, IS, MK, NO, SE, UK and the XK.#* CLC 2000_revised layer covering 27 countries was included (CLC 2000 data revised during production of CLC 2006).#* Shift in MT geographic position has been corrected. All CLC layers for MT have been re-projected.#* A few coding inconsistences were corrected.##Version 15 (V5) #Release date: 20-07-2011 #Main purpose: Publication of final CLC2 006 data.#The 3rd CLC inventory for the reference year of 2006 was produced under GMES Fast Track Service on Land Monitoring. The CLCC database was considered as the primary product, and a uniform change mapping methodology was agreed. Dual date satellite imagery (SPOT-4/5 and IRS P6) taken in 2005-2007 provided enhanced change mapping capabilities. Some of the countries newly entering CLC have produced CLC 2000 datasets also during the project time frame. Scanned topographic maps and digital aerial ortho-imagery have become commonly available. CAPI was the prevailing method applied in interpreting of satellite images. Nevertheless, FI, IS, NO, SE and the UK applied a semiautomatic methodology. Most of the European QC was conducted by visiting national teams (see Version 2). In some cases, remote verification was applied (without mission to countries). ES and IT were verified by regions. #Changes from previous release (V14 (V4)): #* CLC 2006 data covering Great Britain (part of UK) and TR were delivered. Thus, CLC 2006 European coverage includes 38 countries of the EEA39. Still missing CLC 2006 data for Greece.#* A simplified border matching was applied for countries new in CLC: XK, NO, CH and Türkiye: 1) <25 ha polygons along the borders are not removed systematically; 2) sliver-like polygons (area < cca. 5 ha) are generalised to largest or thematically most similar neighbour. #* For the rest of CLC 2006 countries a simple border-matching was applied. Code differences along two sides of borders are not changed. Only polygons with area ≤ 0,1 ha (sliver polygons) are eliminated. #* Data dissemination: CLC data become freely accessible from the EEA to any person or legal entity.##Version 14 (V4)#Release date: 25-10-2010#Main purpose: Maintenance / Increased European coverage of CLC 2006 and CLC 2000 data.#Changes from previous release (V13 (V3)): #* CLC 2006 European coverage includes 37 full countries of EEA39. New data for Northern Ireland (part of the UK), Madeira Islands (part of PT), CH, IS and TR were added to CLC 2006 data. Still missing CLC 2006: GR and the UK (except Northern Ireland).#* New data for Madeira Islands (PT), CH and IS were added into the European CLC 2000 coverage, which includes already the EE39. However, CLCC (1990, 2000) is available for 28 countries only.#* New data for Madeira Islands (PT) were added into CLC 1990 and CLCC (1990, 2000). Still missing CLC 1990 data: AL, BA, CH, CY, FI, IS, MK, NO, SE, TR, UK and XK.##The seamless European database has been further improved addressing feedback from the EEA on V13 (V3):#* No-data buffer (code 999) outside of valid data area was deleted.#* Small gaps identified in V13 were corrected by tolerance adaptation in ArcGIS v10 geodatabase.#* Remaining neighbour polygons with the same code were resolved by additional dissolve operation.##Version 13 (V3)#Release date: 02/2010 #Main purpose: Publication of initial European coverage of CLC 2006 data. #Changes from previous release (V2): #* Version numbering was changed to harmonise vector data (V3) and derived raster data (V13) releases. #* First seamless release in ESRI Geodatabase format.#* Initial coverage of CLC 2006 including 35 countries and Northern Ireland (part of the UK). Missing countries in CLC 2006: GR, CH, TR and the UK (except Northern Ireland).#* Two updates added to CLC 2000: a new version for NO and the first CLC dataset for TR.#* Sea buffer around land has been introduced (15 km as proxy to 12 nautical miles’ sea zone).##Version 2 (V2)#Release date: 09/2009#Main purpose: Publication of final CLC 2000 coverages.#The 2nd CLC inventory for the reference year of 2000 (CLC 2000) was carried out in the frames of I&CLC 2000 project. A single date Landsat-7 ETM satellite imagery taken in 1999-2001 was provided by JRC. The technology of drawing the interpretation on transparencies was discarded and replaced by CAPI (computer-assisted photo-interpretation). Prior to mapping changes CLC 1990 data had to be corrected: 1) bulk geometric mistakes removed and residual geometric errors >100 m and coding mistakes were corrected; 2) polygons smaller than the 25 ha MMU were generalised. European QC was conducted by visiting national teams (usually at the start and towards the end of the project). Computer-assisted verification has provided written, geo-located explanations regarding the mistakes and supported harmonized production of the database all over Europe. #Changes from previous release (V1): #* It was to deliver a single seamless layer, but was not feasible in ESRI environment. Therefore, seamless ESRI ArcInfo Librarian map tiles were produced again (but free of tiling artefacts reported in V1). #* New country deliveries integrated into European CLC 2000 ME, RS (incl. XK), IS and NO. Simple harmonization along national borders of these countries was done (small artefacts cleaned only). #* CLC 2000 data for MT have been updated to reflect changed geometry in CLC 2006 delivery.#* The dissemination and use of products was defined in an agreement between the EEA, the EC and the participating countries.##Version 1 (V1)#Release date: 08/2005 #Main purpose: Publication of initial European coverage of CLC 2000 and CLCC (1990, 2000) data.#Changes from previous release (V0): #* The first consolidated version of European CLC data have been produced as integrated and harmonised seamless layer in ESRI ArcInfo Workstation Librarian map tiles.#* The production of the first CLCC database has started, but no consolidated methodology was available.#* Initial CLC 2000 coverage included 32 countries: AL, AT, BE, BA, BG, CY, CZ, DE, DK, EE, ES, FI, FR, GR, HR, HU, IE, IT, LV, LI, LT, LU, MK, MT, NL, PL, PT, RO, SI, SK, SE and the UK. Missing countries in CLC 2000: CH, IS, ME, NO, RS (including XK) and TR.#* CLC 1990 for most of the countries has been replaced by revised CLC 1990. Some additional countries have produced CLC 1990. Still missing in CLC 1990 European coverage: CY, LI, MT, SE and UK. #* Full harmonization (visual re-interpretation by keeping the 25 ha MMU) inside a 5-km wide strip along national borders was done including 32 countries for CLC 2000 and 24 countries for CLCC (1990, 2000). #* Semi-automatic harmonisation of 2-km wide strip along national borders was done for CLC 1990. #* Vector to raster conversion: “cell centre” method was applied.#* The 25 ha MMU is considered as hard limit. Polygons <25 ha were generalised.#* Dual ownership of CLC and CLCC data (EEA and the country) was introduced. ##Version 0 (V0)#Release dates: up to 12/2000#Main purpose: Distribution of country-level CLC 1990 data and creation of European raster products.#The period of the first CLC inventory was rather long (1985-1996) and 1990 is considered as reference year. CLC 1990 data delivered by countries became part of GISCO database. Releases were provided bi-annually. Following political changes in Central and Eastern Europe 10 additional countries joined. The methodology was visual photointerpretation by drawing the CLC map on transparency, placed on top of satellite image hardcopy at scale 1:100.000.#* CLC 1990 vector and raster data were initially available for 12 countries: AT, BE, DE, DK, ES, FR, GR, IE, IT, LU, NL and PT. Raster only data were available for FI and UK.#* The EC Phare programme supported the implementation of CLC 1990 in 11 countries of Central and Eastern Europe between 1992 and 1998: BG, CZ and SK, EE, LV, LT, HU, PL, RO and SI.#* Integrated European vector dataset was available as ESRI ArcInfo Librarian and derived raster products as ESRI grids in 100m and 250m resolution.#* Data dissemination policy was unclear.
960998c1-1870-4e82-8051-6485205ebbac|Corine Land Cover 2018 (CLC2018) is one of the Corine Land Cover (CLC) datasets produced within the frame the Copernicus Land Monitoring Service referring to land cover / land use status of year 2018.##CLC service has a long-time heritage (formerly known as "CORINE Land Cover Programme"), coordinated by the European Environment Agency (EEA). It provides consistent and thematically detailed information on land cover and land cover changes across Europe.##CLC datasets are based on the classification of satellite images produced by the national teams of the participating countries - the EEA members and cooperating countries (EEA39). National CLC inventories are then further integrated into a seamless land cover map of Europe. The resulting European database relies on standard methodology and nomenclature with following base parameters: 44 classes in the hierarchical 3-level CLC nomenclature; minimum mapping unit (MMU) for status layers is 25 hectares; minimum width of linear elements is 100 metres. Change layers have higher resolution, i.e. minimum mapping unit (MMU) is 5 hectares for Land Cover Changes (LCC), and the minimum width of linear elements is 100 metres. The CLC service delivers important data sets supporting the implementation of key priority areas of the Environment Action Programmes of the European Union as e.g. protecting ecosystems, halting the loss of biological diversity, tracking the impacts of climate change, monitoring urban land take, assessing developments in agriculture or dealing with water resources directives. part of the European Copernicus Programme coordinated by the European Environment Agency, providing environmental information from a combination of air- and space-based observation systems and in-situ monitoring.|Version 2020_20u1#Release date: 24-02-2020#File naming conventions simplified and better described. New file naming convention has been introduced based on user feedback on version 20. Filename is composed of combination of information about update campaign, data theme and reference year and version specification (including release year and release number).##The French DOMs are provided in separate databases (files both for vector and raster version of data).##All raster layers are back in 8 bit GeoTIFF. Modification is introduced based on the user feedback on version 20. In order to keep 8 bit resolution for raster change layers, they are divided into two files - representing consumption (from) and formation (to) part of change.##Version 20#Release date: 14-06-2019#Vector CLC database was provided by National Teams within original CLC1990, I&CLC2000 update, FTSP/CLC2006 update, CLC2012 update and CLC2018 update projects. All features in original vector database were classified and digitised based on satellite images with 100 m positional accuracy (according to CLC specifications) and 25 ha minimum mapping unit into the standardized CLC nomenclature (44 CLC classes).##European Corine Land Cover seamless DBs represent the final product of European data integration. The process of data integration started when national deliveries have been accepted and the Database Acceptance Report (DBTA) delivered . Delivered national data were produced in local national systems of all participating countries. Each national Coordinate Reference System (CRS) definition had to be known precisely together with its geometric relationship to a standard system in order to accurately transfer all national data into a standard European coordinate reference - ETRS89/LAEA1052.#Mostly, the process itself was carried out by global equation-based transformation to ETRS89 (e.g. seven-parameters Bursa-Wolf methods). The accuracy of a particular transformation ranges from centimetres to meters depending on the method and the quality and number of control points available to define the transformation parameters, but, in any case, the accuracy is far above the actual CLC data resolution (for more details see the DBTA reports for particular country). National data, when transformed into the common European reference, are introduced into tiled pan-European structure and as final step seamless dataset is produced.##In order to achieve production of the real seamless European database, the integration step includes also harmonization of database along country borders. It consists from edge-matching of land cover polygons from the national databases across national borders done by a verification / re-interpretation of the satellite images in the border regions (2 km wide strip along borders). The satellite images from IMAGE2000. CLC1990, CHA9000 and CLC2000 database were harmonized this way, but the order to priority was as following: CLC2000, both geometric and thematic adaptations of all polygons in a 2 km strip along national boundary lines; CHA9000 database to ensure that#changes in CLC2000 are consistent with the change database; corrected CLC90 (if provided by the MS); corrections were focused to geometric adaptations in semi-automatical way based on CLC00 and CHA00 databases. Border harmonization step has been skipped for CHA0006, CHA0612, CLC2012 and CLC2018 datasets. Simplified border harmonization step for CLC2006 dataset has been created for these countries: CH, NO, KO, TR, IE.#A simplified border matching has been applied:#- <25 ha polygons are NOT systematically removed (see next bullet).#- Sliver-like polygons (area < cca. 5 ha - soft limit) are generalised to largest or thematically most similar neighbour.#- CLC-code differences in polygons along two sides of the border are NOT changed#Only polygons with area <= 0,1ha were eliminated in CHA0006, CHA0612, CLC2012 and for CLC2018 datasets and CLC2006 dataset (besides the above-mentioned cases) and in parts newly added in campaigns 2006 and 2012 too##Note: Some artificial lines (dividing polygons with the same code) can be still present in database due to technical constraints of current ArcGIS technology, but has no impact for dataset contents and can be dissolved for data extracts.##Version 18 (V18)#Release date: 19-09-2016 (see V18_5_1)#Main purpose of the release: Publication of the final, corrected CLC 2012 data.#The 4th CLC inventory for the reference year of 2012 was produced under the Copernicus Initial Operations (GIO). It has the shortest production time in history of CLC. Two high-resolution satellite image coverages (IRS Resourcesat-1/2, SPOT-4/5, RapidEye constellation) taken in 2011-2012 provided multi-temporal information to support the update. Computer Assisted Photointerpretation (CAPI) was the prevailing methodology applied in interpreting of satellite images. FI, DE, IC, IE, NO, ES and SE applied a semi-automatic methodology. UK has turned from semiautomatic processing to CAPI because no national hi-res dataset was available for 2012. Most of the QC was conducted in remote verifications. IT and ES were verified by regions. In producing the European products, a simplified border matching was applied (see Version 15).# Changes from previous main release (Version 17): #* Inclusion of CLC 2012 layers for all the EEA39 countries.#* Production of CLC 2006 for Greece (in V18_3) and all CLCs for Channel Islands (V18_1).#* Revised CLC 2000 and CLC 2006 layers were made available (V18_5).#* Change in rasterization algorithm (V18_2).#Known problems: #* Some redundant lines between neighbouring polygons with the same code are still present, but only as result of persisting ‘adaptive tilling’ procedure (limitation of ESRI ArcGIS technology for large datasets).#* Polygons <25 ha can be present along national borders and along 'adaptive tilling' tiles boundaries.## for full information about the coverage of this version.## for full information about all sub-versions of this version.##Version 17 (V17)#Release date: 02-12-2013#Main purpose of the release: Maintenance / Increased European coverage of CLC time series data.#Changes from previous release (V16): #* Full CLC and CLCC data time series (from CLC 1990 to CLC 2006 including all CLCC datasets) has been included for the Autonomous Region of the Azores (PT). ##Version 16 (V16)#Release date: 15-04-2012 #Main purpose: Maintenance / Increased and improved European coverage of CLC time series data.#Changes from previous release (V15): #* CLC 1990 coverage: TR has been delivered CLC 1990 and CLCC (1990, 2000) data. Still missing CLC 1990 data: AL, BA, CH, CY, FI, IS, MK, NO, SE, UK and the XK.#* CLC 2000_revised layer covering 27 countries was included (CLC 2000 data revised during production of CLC 2006).#* Shift in MT geographic position has been corrected. All CLC layers for MT have been re-projected.#* A few coding inconsistences were corrected.##Version 15 (V5) #Release date: 20-07-2011 #Main purpose: Publication of final CLC2 006 data.#The 3rd CLC inventory for the reference year of 2006 was produced under GMES Fast Track Service on Land Monitoring. The CLCC database was considered as the primary product, and a uniform change mapping methodology was agreed. Dual date satellite imagery (SPOT-4/5 and IRS P6) taken in 2005-2007 provided enhanced change mapping capabilities. Some of the countries newly entering CLC have produced CLC 2000 datasets also during the project time frame. Scanned topographic maps and digital aerial ortho-imagery have become commonly available. CAPI was the prevailing method applied in interpreting of satellite images. Nevertheless, FI, IS, NO, SE and the UK applied a semiautomatic methodology. Most of the European QC was conducted by visiting national teams (see Version 2). In some cases, remote verification was applied (without mission to countries). ES and IT were verified by regions. #Changes from previous release (V14 (V4)): #* CLC 2006 data covering Great Britain (part of UK) and TR were delivered. Thus, CLC 2006 European coverage includes 38 countries of the EEA39. Still missing CLC 2006 data for Greece.#* A simplified border matching was applied for countries new in CLC: XK, NO, CH and Türkiye: 1) <25 ha polygons along the borders are not removed systematically; 2) sliver-like polygons (area < cca. 5 ha) are generalised to largest or thematically most similar neighbour. #* For the rest of CLC 2006 countries a simple border-matching was applied. Code differences along two sides of borders are not changed. Only polygons with area ≤ 0,1 ha (sliver polygons) are eliminated. #* Data dissemination: CLC data become freely accessible from the EEA to any person or legal entity.##Version 14 (V4)#Release date: 25-10-2010#Main purpose: Maintenance / Increased European coverage of CLC 2006 and CLC 2000 data.#Changes from previous release (V13 (V3)): #* CLC 2006 European coverage includes 37 full countries of EEA39. New data for Northern Ireland (part of the UK), Madeira Islands (part of PT), CH, IS and TR were added to CLC 2006 data. Still missing CLC 2006: GR and the UK (except Northern Ireland).#* New data for Madeira Islands (PT), CH and IS were added into the European CLC 2000 coverage, which includes already the EE39. However, CLCC (1990, 2000) is available for 28 countries only.#* New data for Madeira Islands (PT) were added into CLC 1990 and CLCC (1990, 2000). Still missing CLC 1990 data: AL, BA, CH, CY, FI, IS, MK, NO, SE, TR, UK and XK.##The seamless European database has been further improved addressing feedback from the EEA on V13 (V3):#* No-data buffer (code 999) outside of valid data area was deleted.#* Small gaps identified in V13 were corrected by tolerance adaptation in ArcGIS v10 geodatabase.#* Remaining neighbour polygons with the same code were resolved by additional dissolve operation.##Version 13 (V3)#Release date: 02/2010 #Main purpose: Publication of initial European coverage of CLC 2006 data. #Changes from previous release (V2): #* Version numbering was changed to harmonise vector data (V3) and derived raster data (V13) releases. #* First seamless release in ESRI Geodatabase format.#* Initial coverage of CLC 2006 including 35 countries and Northern Ireland (part of the UK). Missing countries in CLC 2006: GR, CH, TR and the UK (except Northern Ireland).#* Two updates added to CLC 2000: a new version for NO and the first CLC dataset for TR.#* Sea buffer around land has been introduced (15 km as proxy to 12 nautical miles’ sea zone).##Version 2 (V2)#Release date: 09/2009#Main purpose: Publication of final CLC 2000 coverages.#The 2nd CLC inventory for the reference year of 2000 (CLC 2000) was carried out in the frames of I&CLC 2000 project. A single date Landsat-7 ETM satellite imagery taken in 1999-2001 was provided by JRC. The technology of drawing the interpretation on transparencies was discarded and replaced by CAPI (computer-assisted photo-interpretation). Prior to mapping changes CLC 1990 data had to be corrected: 1) bulk geometric mistakes removed and residual geometric errors >100 m and coding mistakes were corrected; 2) polygons smaller than the 25 ha MMU were generalised. European QC was conducted by visiting national teams (usually at the start and towards the end of the project). Computer-assisted verification has provided written, geo-located explanations regarding the mistakes and supported harmonized production of the database all over Europe. #Changes from previous release (V1): #* It was to deliver a single seamless layer, but was not feasible in ESRI environment. Therefore, seamless ESRI ArcInfo Librarian map tiles were produced again (but free of tiling artefacts reported in V1). #* New country deliveries integrated into European CLC 2000 ME, RS (incl. XK), IS and NO. Simple harmonization along national borders of these countries was done (small artefacts cleaned only). #* CLC 2000 data for MT have been updated to reflect changed geometry in CLC 2006 delivery.#* The dissemination and use of products was defined in an agreement between the EEA, the EC and the participating countries.##Version 1 (V1)#Release date: 08/2005 #Main purpose: Publication of initial European coverage of CLC 2000 and CLCC (1990, 2000) data.#Changes from previous release (V0): #* The first consolidated version of European CLC data have been produced as integrated and harmonised seamless layer in ESRI ArcInfo Workstation Librarian map tiles.#* The production of the first CLCC database has started, but no consolidated methodology was available.#* Initial CLC 2000 coverage included 32 countries: AL, AT, BE, BA, BG, CY, CZ, DE, DK, EE, ES, FI, FR, GR, HR, HU, IE, IT, LV, LI, LT, LU, MK, MT, NL, PL, PT, RO, SI, SK, SE and the UK. Missing countries in CLC 2000: CH, IS, ME, NO, RS (including XK) and TR.#* CLC 1990 for most of the countries has been replaced by revised CLC 1990. Some additional countries have produced CLC 1990. Still missing in CLC 1990 European coverage: CY, LI, MT, SE and UK. #* Full harmonization (visual re-interpretation by keeping the 25 ha MMU) inside a 5-km wide strip along national borders was done including 32 countries for CLC 2000 and 24 countries for CLCC (1990, 2000). #* Semi-automatic harmonisation of 2-km wide strip along national borders was done for CLC 1990. #* Vector to raster conversion: “cell centre” method was applied.#* The 25 ha MMU is considered as hard limit. Polygons <25 ha were generalised.#* Dual ownership of CLC and CLCC data (EEA and the country) was introduced. ##Version 0 (V0)#Release dates: up to 12/2000#Main purpose: Distribution of country-level CLC 1990 data and creation of European raster products.#The period of the first CLC inventory was rather long (1985-1996) and 1990 is considered as reference year. CLC 1990 data delivered by countries became part of GISCO database. Releases were provided bi-annually. Following political changes in Central and Eastern Europe 10 additional countries joined. The methodology was visual photointerpretation by drawing the CLC map on transparency, placed on top of satellite image hardcopy at scale 1:100.000.#* CLC 1990 vector and raster data were initially available for 12 countries: AT, BE, DE, DK, ES, FR, GR, IE, IT, LU, NL and PT. Raster only data were available for FI and UK.#* The EC Phare programme supported the implementation of CLC 1990 in 11 countries of Central and Eastern Europe between 1992 and 1998: BG, CZ and SK, EE, LV, LT, HU, PL, RO and SI.#* Integrated European vector dataset was available as ESRI ArcInfo Librarian and derived raster products as ESRI grids in 100m and 250m resolution.#* Data dissemination policy was unclear.
71c95a07-e296-44fc-b22b-415f42acfdf0|Corine Land Cover 2018 (CLC2018) is one of the Corine Land Cover (CLC) datasets produced within the frame the Copernicus Land Monitoring Service referring to land cover / land use status of year 2018. ##CLC service has a long-time heritage (formerly known as "CORINE Land Cover Programme"), coordinated by the European Environment Agency (EEA). It provides consistent and thematically detailed information on land cover and land cover changes across Europe.##CLC datasets are based on the classification of satellite images produced by the national teams of the participating countries - the EEA members and cooperating countries (EEA39). National CLC inventories are then further integrated into a seamless land cover map of Europe. The resulting European database relies on standard methodology and nomenclature with following base parameters: 44 classes in the hierarchical 3-level CLC nomenclature; minimum mapping unit (MMU) for status layers is 25 hectares; minimum width of linear elements is 100 metres. Change layers have higher resolution, i.e. minimum mapping unit (MMU) is 5 hectares for Land Cover Changes (LCC), and the minimum width of linear elements is 100 metres. The CLC service delivers important data sets supporting the implementation of key priority areas of the Environment Action Programmes of the European Union as e.g. protecting ecosystems, halting the loss of biological diversity, tracking the impacts of climate change, monitoring urban land take, assessing developments in agriculture or dealing with water resources directives. part of the European Copernicus Programme coordinated by the European Environment Agency, providing environmental information from a combination of air- and space-based observation systems and in-situ monitoring.|Version 2020_20u1#Release date: 24-02-2020#File naming conventions simplified and better described. New file naming convention has been introduced based on user feedback on version 20. Filename is composed of combination of information about update campaign, data theme and reference year and version specification (including release year and release number).##The French DOMs are provided in separate databases (files both for vector and raster version of data).##All raster layers are back in 8 bit GeoTIFF. Modification is introduced based on the user feedback on version 20. In order to keep 8 bit resolution for raster change layers, they are divided into two files - representing consumption (from) and formation (to) part of change.##Version 20#Release date: 14-06-2019#Vector CLC database was provided by National Teams within original CLC1990, I&CLC2000 update, FTSP/CLC2006 update, CLC2012 update and CLC2018 update projects. All features in original vector database were classified and digitised based on satellite images with 100 m positional accuracy (according to CLC specifications) and 25 ha minimum mapping unit into the standardized CLC nomenclature (44 CLC classes).##European Corine Land Cover seamless DBs represent the final product of European data integration. The process of data integration started when national deliveries have been accepted and the Database Acceptance Report (DBTA) delivered . Delivered national data were produced in local national systems of all participating countries. Each national Coordinate Reference System (CRS) definition had to be known precisely together with its geometric relationship to a standard system in order to accurately transfer all national data into a standard European coordinate reference - ETRS89/LAEA1052.#Mostly, the process itself was carried out by global equation-based transformation to ETRS89 (e.g. seven-parameters Bursa-Wolf methods). The accuracy of a particular transformation ranges from centimetres to meters depending on the method and the quality and number of control points available to define the transformation parameters, but, in any case, the accuracy is far above the actual CLC data resolution (for more details see the DBTA reports for particular country). National data, when transformed into the common European reference, are introduced into tiled pan-European structure and as final step seamless dataset is produced.##In order to achieve production of the real seamless European database, the integration step includes also harmonization of database along country borders. It consists from edge-matching of land cover polygons from the national databases across national borders done by a verification / re-interpretation of the satellite images in the border regions (2 km wide strip along borders). The satellite images from IMAGE2000. CLC1990, CHA9000 and CLC2000 database were harmonized this way, but the order to priority was as following: CLC2000, both geometric and thematic adaptations of all polygons in a 2 km strip along national boundary lines; CHA9000 database to ensure that#changes in CLC2000 are consistent with the change database; corrected CLC90 (if provided by the MS); corrections were focused to geometric adaptations in semi-automatical way based on CLC00 and CHA00 databases. Border harmonization step has been skipped for CHA0006, CHA0612, CLC2012 and CLC2018 datasets. Simplified border harmonization step for CLC2006 dataset has been created for these countries: CH, NO, KO, TR, IE.#A simplified border matching has been applied:#- <25 ha polygons are NOT systematically removed (see next bullet).#- Sliver-like polygons (area < cca. 5 ha - soft limit) are generalised to largest or thematically most similar neighbour.#- CLC-code differences in polygons along two sides of the border are NOT changed#Only polygons with area <= 0,1ha were eliminated in CHA0006, CHA0612, CLC2012 and for CLC2018 datasets and CLC2006 dataset (besides the above-mentioned cases) and in parts newly added in campaigns 2006 and 2012 too##Note: Some artificial lines (dividing polygons with the same code) can be still present in database due to technical constraints of current ArcGIS technology, but has no impact for dataset contents and can be dissolved for data extracts.##Version 18 (V18)#Release date: 19-09-2016 (see V18_5_1)#Main purpose of the release: Publication of the final, corrected CLC 2012 data.#The 4th CLC inventory for the reference year of 2012 was produced under the Copernicus Initial Operations (GIO). It has the shortest production time in history of CLC. Two high-resolution satellite image coverages (IRS Resourcesat-1/2, SPOT-4/5, RapidEye constellation) taken in 2011-2012 provided multi-temporal information to support the update. Computer Assisted Photointerpretation (CAPI) was the prevailing methodology applied in interpreting of satellite images. FI, DE, IC, IE, NO, ES and SE applied a semi-automatic methodology. UK has turned from semiautomatic processing to CAPI because no national hi-res dataset was available for 2012. Most of the QC was conducted in remote verifications. IT and ES were verified by regions. In producing the European products, a simplified border matching was applied (see Version 15).# Changes from previous main release (Version 17): #* Inclusion of CLC 2012 layers for all the EEA39 countries.#* Production of CLC 2006 for Greece (in V18_3) and all CLCs for Channel Islands (V18_1).#* Revised CLC 2000 and CLC 2006 layers were made available (V18_5).#* Change in rasterization algorithm (V18_2).#Known problems: #* Some redundant lines between neighbouring polygons with the same code are still present, but only as result of persisting ‘adaptive tilling’ procedure (limitation of ESRI ArcGIS technology for large datasets).#* Polygons <25 ha can be present along national borders and along 'adaptive tilling' tiles boundaries.## for full information about the coverage of this version.## for full information about all sub-versions of this version.##Version 17 (V17)#Release date: 02-12-2013#Main purpose of the release: Maintenance / Increased European coverage of CLC time series data.#Changes from previous release (V16): #* Full CLC and CLCC data time series (from CLC 1990 to CLC 2006 including all CLCC datasets) has been included for the Autonomous Region of the Azores (PT). ##Version 16 (V16)#Release date: 15-04-2012 #Main purpose: Maintenance / Increased and improved European coverage of CLC time series data.#Changes from previous release (V15): #* CLC 1990 coverage: TR has been delivered CLC 1990 and CLCC (1990, 2000) data. Still missing CLC 1990 data: AL, BA, CH, CY, FI, IS, MK, NO, SE, UK and the XK.#* CLC 2000_revised layer covering 27 countries was included (CLC 2000 data revised during production of CLC 2006).#* Shift in MT geographic position has been corrected. All CLC layers for MT have been re-projected.#* A few coding inconsistences were corrected.##Version 15 (V5) #Release date: 20-07-2011 #Main purpose: Publication of final CLC2 006 data.#The 3rd CLC inventory for the reference year of 2006 was produced under GMES Fast Track Service on Land Monitoring. The CLCC database was considered as the primary product, and a uniform change mapping methodology was agreed. Dual date satellite imagery (SPOT-4/5 and IRS P6) taken in 2005-2007 provided enhanced change mapping capabilities. Some of the countries newly entering CLC have produced CLC 2000 datasets also during the project time frame. Scanned topographic maps and digital aerial ortho-imagery have become commonly available. CAPI was the prevailing method applied in interpreting of satellite images. Nevertheless, FI, IS, NO, SE and the UK applied a semiautomatic methodology. Most of the European QC was conducted by visiting national teams (see Version 2). In some cases, remote verification was applied (without mission to countries). ES and IT were verified by regions. #Changes from previous release (V14 (V4)): #* CLC 2006 data covering Great Britain (part of UK) and TR were delivered. Thus, CLC 2006 European coverage includes 38 countries of the EEA39. Still missing CLC 2006 data for Greece.#* A simplified border matching was applied for countries new in CLC: XK, NO, CH and Türkiye: 1) <25 ha polygons along the borders are not removed systematically; 2) sliver-like polygons (area < cca. 5 ha) are generalised to largest or thematically most similar neighbour. #* For the rest of CLC 2006 countries a simple border-matching was applied. Code differences along two sides of borders are not changed. Only polygons with area ≤ 0,1 ha (sliver polygons) are eliminated. #* Data dissemination: CLC data become freely accessible from the EEA to any person or legal entity.##Version 14 (V4)#Release date: 25-10-2010#Main purpose: Maintenance / Increased European coverage of CLC 2006 and CLC 2000 data.#Changes from previous release (V13 (V3)): #* CLC 2006 European coverage includes 37 full countries of EEA39. New data for Northern Ireland (part of the UK), Madeira Islands (part of PT), CH, IS and TR were added to CLC 2006 data. Still missing CLC 2006: GR and the UK (except Northern Ireland).#* New data for Madeira Islands (PT), CH and IS were added into the European CLC 2000 coverage, which includes already the EE39. However, CLCC (1990, 2000) is available for 28 countries only.#* New data for Madeira Islands (PT) were added into CLC 1990 and CLCC (1990, 2000). Still missing CLC 1990 data: AL, BA, CH, CY, FI, IS, MK, NO, SE, TR, UK and XK.##The seamless European database has been further improved addressing feedback from the EEA on V13 (V3):#* No-data buffer (code 999) outside of valid data area was deleted.#* Small gaps identified in V13 were corrected by tolerance adaptation in ArcGIS v10 geodatabase.#* Remaining neighbour polygons with the same code were resolved by additional dissolve operation.##Version 13 (V3)#Release date: 02/2010 #Main purpose: Publication of initial European coverage of CLC 2006 data. #Changes from previous release (V2): #* Version numbering was changed to harmonise vector data (V3) and derived raster data (V13) releases. #* First seamless release in ESRI Geodatabase format.#* Initial coverage of CLC 2006 including 35 countries and Northern Ireland (part of the UK). Missing countries in CLC 2006: GR, CH, TR and the UK (except Northern Ireland).#* Two updates added to CLC 2000: a new version for NO and the first CLC dataset for TR.#* Sea buffer around land has been introduced (15 km as proxy to 12 nautical miles’ sea zone).##Version 2 (V2)#Release date: 09/2009#Main purpose: Publication of final CLC 2000 coverages.#The 2nd CLC inventory for the reference year of 2000 (CLC 2000) was carried out in the frames of I&CLC 2000 project. A single date Landsat-7 ETM satellite imagery taken in 1999-2001 was provided by JRC. The technology of drawing the interpretation on transparencies was discarded and replaced by CAPI (computer-assisted photo-interpretation). Prior to mapping changes CLC 1990 data had to be corrected: 1) bulk geometric mistakes removed and residual geometric errors >100 m and coding mistakes were corrected; 2) polygons smaller than the 25 ha MMU were generalised. European QC was conducted by visiting national teams (usually at the start and towards the end of the project). Computer-assisted verification has provided written, geo-located explanations regarding the mistakes and supported harmonized production of the database all over Europe. #Changes from previous release (V1): #* It was to deliver a single seamless layer, but was not feasible in ESRI environment. Therefore, seamless ESRI ArcInfo Librarian map tiles were produced again (but free of tiling artefacts reported in V1). #* New country deliveries integrated into European CLC 2000 ME, RS (incl. XK), IS and NO. Simple harmonization along national borders of these countries was done (small artefacts cleaned only). #* CLC 2000 data for MT have been updated to reflect changed geometry in CLC 2006 delivery.#* The dissemination and use of products was defined in an agreement between the EEA, the EC and the participating countries.##Version 1 (V1)#Release date: 08/2005 #Main purpose: Publication of initial European coverage of CLC 2000 and CLCC (1990, 2000) data.#Changes from previous release (V0): #* The first consolidated version of European CLC data have been produced as integrated and harmonised seamless layer in ESRI ArcInfo Workstation Librarian map tiles.#* The production of the first CLCC database has started, but no consolidated methodology was available.#* Initial CLC 2000 coverage included 32 countries: AL, AT, BE, BA, BG, CY, CZ, DE, DK, EE, ES, FI, FR, GR, HR, HU, IE, IT, LV, LI, LT, LU, MK, MT, NL, PL, PT, RO, SI, SK, SE and the UK. Missing countries in CLC 2000: CH, IS, ME, NO, RS (including XK) and TR.#* CLC 1990 for most of the countries has been replaced by revised CLC 1990. Some additional countries have produced CLC 1990. Still missing in CLC 1990 European coverage: CY, LI, MT, SE and UK. #* Full harmonization (visual re-interpretation by keeping the 25 ha MMU) inside a 5-km wide strip along national borders was done including 32 countries for CLC 2000 and 24 countries for CLCC (1990, 2000). #* Semi-automatic harmonisation of 2-km wide strip along national borders was done for CLC 1990. #* Vector to raster conversion: “cell centre” method was applied.#* The 25 ha MMU is considered as hard limit. Polygons <25 ha were generalised.#* Dual ownership of CLC and CLCC data (EEA and the country) was introduced. ##Version 0 (V0)#Release dates: up to 12/2000#Main purpose: Distribution of country-level CLC 1990 data and creation of European raster products.#The period of the first CLC inventory was rather long (1985-1996) and 1990 is considered as reference year. CLC 1990 data delivered by countries became part of GISCO database. Releases were provided bi-annually. Following political changes in Central and Eastern Europe 10 additional countries joined. The methodology was visual photointerpretation by drawing the CLC map on transparency, placed on top of satellite image hardcopy at scale 1:100.000.#* CLC 1990 vector and raster data were initially available for 12 countries: AT, BE, DE, DK, ES, FR, GR, IE, IT, LU, NL and PT. Raster only data were available for FI and UK.#* The EC Phare programme supported the implementation of CLC 1990 in 11 countries of Central and Eastern Europe between 1992 and 1998: BG, CZ and SK, EE, LV, LT, HU, PL, RO and SI.#* Integrated European vector dataset was available as ESRI ArcInfo Librarian and derived raster products as ESRI grids in 100m and 250m resolution.#* Data dissemination policy was unclear.
9d6c471c-d585-4997-9b73-345c55feb0c2|EU-Hydro is a dataset for all EEA38 countries and United Kingdom providing photo-interpreted river network, consistent of surface interpretation of water bodies (lakes and wide rivers), and a drainage model (also called Drainage Network), derived from EU-DEM, with catchments and drainage lines and nodes. #This metadata refers to the EU-Hydro coastline, which is disseminated as one shapefile merged for all 35 basins. The coastline is also included for each basin in the EU-Hydro River Network Database. #The production of EU-Hydro and the derived layers was coordinated by the European Environment Agency in the frame of the EU Copernicus programme.|Space imagery SP05 (resolution 2.5 m) and SP06 (resolution 2.5 m), space imagery IMAGE2009 (resolution 20 m), EEA member countries WFD reporting data on water bodies: for Türkiye (EEA member), Albania, Bosnia-Herzegovina, North Macedonia, Montenegro, Kosovo (UNSCR 1244/99) and Serbia (all EEA cooperating countries) no spatial data for any category of water bodies was available, European Catchments and Rivers Network System (ECRINS); ancillary data: European Lakes and Reservoirs database (Eldred), Russian topographic maps. The upgrade of the EU-Hydro beta version includes improvements of the usability of the dataset, of its topological and logical consistency and the River network characteristics. Catchments layers were also modified to fit the River networks. Topological overlapping and gaps between River Basin Districts were corrected. The EU-Hydro V1.1 upgrade includes the reclassification of polygons between InlandWater, Coastal-p, Transit_p and River_Net_p classes, the upgrade of the WFD codes using the WISE geospatial dataset for these feature classes, the improvement of logical consistency of attribute tables (deletion of irrelevant fields, recalculation of OBJECT_ID field, recalculation of geometry properties field). In Version 1.2 the Drainage network derived from EUDEM was incorporated to the river network of EU hydro: four feature classes were generated: River_Net_l_DN, Canals_l_DN, Ditches_l_DN and Nodes_DN. River names were updated using WISE geospatial database, except for Thames, Tweed and Türkiye where ECRINS was used instead. In version 1.3, "River_Net_l" topology was adjusted to fit Coastal_p and Transit_p: polylines were deleted for Gota, Skjern, Shannon, Tweed. Polylines were added in Skjern, Mesima and Tajo on areas overlapping Transit_p. Nodes were modified accordingly. CUM_LEN, LONGPATH, LENGTH GEO fields were recalculated.
5752e8b5-ecda-4013-8eb9-e27f8515b87e|The Aggregated Water and Ice (AWIC) product is a spatially aggregated information on surface water conditions of rivers and lakes. AWIC information is stored in a geodatabase, enriched every day from the different Water/Ice Cover products (WIC S1, WIC S1, WIC S1+S2) for the entire EEA38 and the United Kingdom. It provides percent coverage of snow-covered or snow-free ice on lakes and on 10 km river sections described by the EU-HYDRO river and lake network database.##AWIC data is stored in a PostGIS persistent geodatabase. They can be retrieved by using a specific REST API. Users can query ice sheet summary information of river segments and lakes (AWIC statistics) together with the geometry and caracteristics of the features on which these statistics were estimated. All geometry features are delivered in the ETRS89 LAEA (EPSG:3035) coordinate reference system.##AWIC is one of the products of the pan-European High-Resolution Water, Snow and Ice service (HR-WSI), which are provided at high spatial resolution from the Sentinel-2 and Sentinel-1 constellations data from September 1, 2016 onwards.|Comprehensive information about the product and its documentation can be accessed by following the links provided in the Links section.
b0bd43c6-1fa1-4d88-9c45-98b13a95d0b2|This metadata refers to the Corine Land Cover plus Backbone (CLCplus Backbone), a spatially detailed, large-scale, Earth Observation-based land cover inventory which is produced by the Copernicus Land Monitoring Service (CLMS). The CLCplus Backbone is a high-resolution raster land cover map based on Sentinel-2 satellite time series. Each 10m-pixel contains the dominant land cover among the 11 basic land cover classes. See pixel class codes in the 'Additional Information' section below.##The product is available from the 2018 reference year, with a first update produced for the 2021 reference year and moved to an update cycle of 2 years from 2021 onwards.|CLCplus Backbone Raster Product is primarily based on a supervised classification of satellite image time-series.##Input data: #Copernicus Sentinel-2 imagery (L2A) including all scenes with a cloud cover below 80% and acquired between October 2022 and March 2024. ##Training and test data: #Based on the sample data base created for reference year 2018 which was originally compiled from various sources (i.e. adjusted and filtered Eurostat LUCAS 2018 data, stratified automated land cover class annotations based on existing land use/land cover maps, visual sample point photo-interpretation from VHR imagery, NDVI time series and further auxiliary datasets).##Classification: #A Temporal Convolutional Neural Network (TempCNN) with four hierarchical layers was calibrated on the collected training data and input time-series / features. Given the heterogeneity of the addressed European landscapes, all classifier training, testing and, finally, land cover classification, was performed along substrata (i.e. 132 production units) that are based on biogeographical regions and existing land cover layers.##Postprocessing: #Steps applied comprise 1) bilateral filtering of the class probabilities, 2) blending of the probabilities along production unit borders and 3) a crosscalibration with the class probabilities from the 2018 and 2021 production to ensure best possible product consistency, while still allowing for changes in the land cover.##Changes to previous release (2021):#- Area of Interest: inclusion of UK territory (EEA38+UK)#- Biennial update cycle#- Tile-based data dissemination (100km EEA reference grid)
d45d5114-fb86-4265-9c5a-a7225a511f7c|This metadata refers to the 'Corine Land Cover Plus Backbone' (CLCplus Backbone), a spatially detailed, large-scale, Earth Observation-based land cover inventory which is produced by the Copernicus Land Monitoring Service (CLMS). The CLCplus Backbone vector is a land cover map that contains vector polygon geometries (minimum mapping unit: 0.5 ha; minimum mapping width: 20 m) and is based on Sentinel satellite time series and a combination of existing reference datasets for geometries containing transportation and hydrological networks. Each polygon represents aggregated landscape objects and contains their dominant land cover among the 18 basic land cover classes. See polygon class codes in the additional information section. In addition, polygons are enriched with land cover fractions from the CLCplus Backbone raster as well as aggregated attributes based on other CLMS and Copernicus products (e.g. topography). ##CLCplus Backbone vector is an independent product and its thematic and geometric contents differ from CLCplus Backbone raster and Corine Land Cover.##The CLCplus Backbone vector is available for the 2018 reference year.|CLCplus Backbone vector 2018 is a land cover map that contains vector polygon geometries (minimum mapping unit: 0.5. ha; minimum mapping width: 20 m) and is based on image segmentation techniques of Sentinel satellite time series (Softbone) and a combination of existing reference datasets for geometries containing transportation and hydrological networks (Hardbone). Each polygon represents aggregated landscape objects and contains their dominant land cover among the 18 basic land cover classes. In addition, polygons are enriched with land cover fractions from the CLCplus Backbone raster as well as aggregated attributes based on other CLMS and Copernicus products (e.g. topography). ##Input data:#1) Softbone: landscape objects obtained from image segmentation techniques of Sentinel-2 L2A data acquired from 2018-04-01 to 2018-10-31.#2) Hardbone: persistent linear landscape objects such as transportation network (i.e. roads, railways) and hydrological waterways (i.e. rivers, lakes, canals) from several external sources (e.g. Open Street Map, CLMS EU-Hydro river and canal network, Water Information System for Europe (WISE) surface waterbody lines, national/regional road and hydrology data).##Processing and Attributes:#1) Landscape objects are generated by combining two levels of objects - level 1 and level 2 objects - so called “Hardbone” and “Softbone”, respectively. Hardbone represents a geometric skeleton of persistent linear landscape objects such as transportation network (i.e. roads, railways) and hydrological waterways (i.e. rivers, lakes, canals), which comprises of various line vector data. Softbone further delineates landscape objects in a controlled automatic manner based on the image segmentation technique, which generates landscape object polygons by their spectral response and variation throughout a year within the frame of Hardbone.#2) Each polygon is assigned with its dominant land cover class (based on majority rule) and the areal fractions (in percent of the total area of the respective polygon) of the three most abundant underlying CLCplus Backbone raster 2018 classes. In addition, CLCplus Backbone vector 2018 is enriched with 58 attributes derived from other CLMS and Copernicus products: CLMS Urban Atlas, CLMS Riparian Zones, CLMS Coastal Zones, CLMS Tree Cover Density, CLMS Imperviousness Density, CLMS Water and Wetness, CLMS High-Resolution Vegetation Phenology and Productivity (HR-VPP), CEMS European Forest Fire Information System (EFFIS) and Copernicus DEM 10m.##Postprocessing:#Steps applied comprise 1) smoothing of Softbone geometries, 2) reintroduction of Hardbone lines, 3) snapping vertices, 4) cleaning the remaining MMU errors and topological consistency (gaps and overlaps).##Changes to previous release:#Not available
71fc9d1b-479f-4da1-aa66-662a2fff2cf7|This metadata refers to the 'Corine Land Cover plus Backbone' (CLCplus Backbone), a spatially detailed, large-scale, Earth Observation-based land cover inventory which is produced by the Copernicus Land Monitoring Service (CLMS). The CLCplus Backbone is a 10m pixel-based land cover map based on Sentinel satellite time series. Each pixel contains the dominant land cover among the 11 basic land cover classes. See pixel class codes in the additional information section. ##The product has an update cycle of three years and starting from the 2018 reference year. The update cycle for future products (from 2021 reference year onwards) will be 2 years.|CLCplus Backbone Raster Product is primarily based on a supervised classification of satellite image time-series.##Input data: #Copernicus Sentinel-2 L2A including all scenes with a cloud cover below 80% and acquired between October 2020 and March 2022. ##Training and test data: #Based on the sample data base created for reference year 2018 which was compiled from various sources, such as adjusted and filtered Eurostat LUCAS 2018 data, stratified automated LC class annotations based on existing land use/land cover maps, visual sample point photo-interpretation from VHR imagery, NDVI time series and auxiliary datasets.##Classification: #A Temporal Convolutional Neural Network (TempCNN) with four hierarchical layers was calibrated on the collected training data and input time-series / features. Given the heterogeneity of the addressed European landscapes, all classifier training, testing and, finally, LC classification, was performed along substrata based on biogeographical regions and existing LC layers (i.e. 132 production units).##Postprocessing: #Steps applied comprise 1) bilateral filtering of the class probabilities, 2) blending of the probabilities along production unit borders and 3) an interannual calibration with the class probabilities from the 2018 production to ensure best possible product consistency, while still allowing for changes in the land cover.##Changes to previous release (2018):#- Area of Interest: EEA38 (exclusion of UK territory) #- Implementation of a Coastal Seawater buffer (class code: 253) #- Input time-series reduced to reference year +/- three months #- Minor updates of production units
f6628606-6552-4d3b-8d3a-df19f827ac56|The High Resolution Layer Imperviousness Change (IMC) 2015-2018 is a raster dataset showing change in imperviousness between 2015 and 2018 reference years, produced in the frame of the EU Copernicus programme. This metadata refers to the derived product 100 meter aggregated raster (fully conformant with EEA reference grid) provided as a full mosaic of the EEA38 countries and the United Kingdom.##The high resolution imperviousness products capture the percentage and change of soil sealing. Built-up areas are characterized by the substitution of the original (semi-) natural land cover or water surface with an artificial, often impervious cover. These artificial surfaces are usually maintained over long periods of time. A series of high resolution imperviousness datasets (for the 2006, 2009, 2012, 2015 and 2018 reference years) with all artificially sealed areas was produced using automatic derivation based on calibrated Normalized Difference Vegetation Index (NDVI). This series of imperviousness layers constitutes the main status layers. They are per-pixel estimates of impermeable cover of soil (soil sealing) and are mapped as the degree of imperviousness (0-100%). Imperviousness change layers were produced as a difference between the reference years (2006-2009, 2009-2012, 2012-2015, 2015-2018 and additionally 2006-2012, to fully match the CORINE Land Cover production cycle) and are presented 1) as degree of imperviousness change (-100% -- +100%), in 20m and 100m pixel size, and 2) a classified (categorical) 20m change product.|Quality assurance follows the ISO9000 standards for Quality Management and comprises of dedicated procedures of ongoing quality checks (QA breakpoints) during implementation of the production chain, in order to keep persistent control over the various stages of production, assure fitness-for-purpose of the end-products and that all quality requirements are fulfilled. Priority has been given to the target thematic accuracies to be achieved by each product, as well as to the issues of product consistency (spatial, thematic, temporal) and homogeneity. Quality Assessment: The quality assessment has been performed according to INSPIRE Data Specifications. The data quality elements considered are:#(i) Completeness,#(ii) Logical Consistency,#(iii) Thematic Accuracy,#(iv) Temporal quality and#(v) Usability.#Each of them (excl. the Thematic Accuracy hereafter) forms a section in the QA/QC Procedures.##IMPORTANT: Please be aware that we are currently investigating the reliability of the magnitude of imperviousness increase that was mapped for the 2015-2018 period. The change products (as mapped) show a significant increase of the speed to soil sealing/imperviousness as compared to the previous periods for which we have change data (2006-2009, 2009-2012 and 2012-2015). We are confident that the spatial pattern of the trend reflects reality, but the magnitude of the increase needs to be further investigated.
65f095af-5225-490b-8a29-4500d4c31b8a|This metadata refers to the Plant Phenology Index (PPI) dataset, one of the near real-time (NRT) Vegetation Index products of the pan-European High Resolution Vegetation Phenology and Productivity (HR-VPP), component of the Copernicus Land Monitoring Service (CLMS).##The Plant Phenology Index (PPI) is a physically based vegetation index for improved monitoring of plant phenology, that is developed from a simplified solution to the radiative transfer equation by Jin and Eklundh (2014). PPI has a linear relationship with green leaf area index, a strong correlation with gross primary productivity, and is capable of disentangling remotely sensed plant phenology from snow seasonality. It is reported to be superior to other indices for spring phenology retrieval over the northern latitudes and for GPP estimation in African semi-arid ecosystems. Comparison of satellite-derived PPI to ground observations of plant phenology and gross primary productivity (GPP) shows strong similarity of temporal patterns over several Nordic boreal forest sites.# #The PPI dataset is made available as raster files with 10 x 10m resolution, in UTM/WGS84 projection corresponding to the Sentinel-2 tiling grid, for those tiles that cover the EEA38 countries and the United Kingdom and for the period from October 2016 until today, with daily updates.##Each file has an associated quality indicator (QFLAG2) to assist users with the screening of clouds, shadows from clouds and topography, snow and water surfaces.|Comprehensive information about the product and its documentation can be accessed by following the links provided in the Links section.
886b22ee-b16c-4f7e-a82c-5c905a89f896|This metadata refers to the Fraction of Absorbed Photosynthetically Active Radiation (FAPAR) dataset, one of the near real-time (NRT) Vegetation Index products of the pan-European High Resolution Vegetation Phenology and Productivity (HR-VPP), component of the Copernicus Land Monitoring Service (CLMS).##The Fraction of Absorbed Photosynthetically Active Radiation (FAPAR) quantifies the fraction of the solar radiation absorbed by live leaves for the photosynthesis activity. Then, it refers only to the green and alive elements of the canopy. The FAPAR depends on the canopy structure, vegetation element optical properties, and illumination conditions. # #The FAPAR dataset is made available as raster files with 10 x 10m resolution, in UTM/WGS84 projection corresponding to the Sentinel-2 tiling grid, for those tiles that cover the EEA38 countries and the United Kingdom and for the period from October 2016 until today, with daily updates.##Each file has an associated quality indicator (QFLAG2) to assist users with the screening of clouds, shadows from clouds and topography, snow and water surfaces.|Comprehensive information about the product and its documentation can be accessed by following the links provided in the Links section.
c8ebe58d-c91d-4a79-a9e4-1b5570708e05|This metadata refers to the Quality Flag (QFLAG2) dataset, one of the near real-time (NRT) Vegetation Index products of the pan-European High Resolution Vegetation Phenology and Productivity (HR-VPP), component of the Copernicus Land Monitoring Service (CLMS).##The Quality Flag (QFLAG2) is a quality indicator that assists users with the screening of clouds, shadows from clouds and topography, other dark areas, snow and water surfaces in their analysis of the four related Vegetation Indices datasets: the Plant Phenology Index (PPI), the Normalized Difference Vegetation Index (NDVI), the Leaf Area Index (LAI) and the Fraction of Absorbed Photosynthetically Active Radiation (FAPAR).# #The QFLAG2 dataset is made available as raster files with 10 x 10m resolution, in UTM/WGS84 projection corresponding to the Sentinel-2 tiling grid, for those tiles that cover the EEA38 countries and the United Kingdom and for the period from October 2016 until today, with daily updates.|Comprehensive information about the product and its documentation can be accessed by following the links provided in the Links section.
8174a95b-29ad-4d9c-95e7-a1e0a6d94aca|This metadata refers to the Leaf Area Index (LAI) dataset, one of the near real-time (NRT) Vegetation Index products of the pan-European High Resolution Vegetation Phenology and Productivity (HR-VPP), component of the Copernicus Land Monitoring Service (CLMS).##The Leaf Area Index (LAI) is defined as half the total area of green elements of the canopy per unit horizontal ground area. ##The satellite-derived value corresponds to the total green LAI of all the canopy layers, including the understory which may represent a very significant contribution, particularly for forests.# #The LAI dataset is made available as raster files with 10 x 10m resolution, in UTM/WGS84 projection corresponding to the Sentinel-2 tiling grid, for those tiles that cover the EEA38 countries and the United Kingdom and for the period from October 2016 until today, with daily updates.##Each file has an associated quality indicator (QFLAG2) to assist users with the screening of clouds, shadows from clouds and topography, snow and water surfaces.|Comprehensive information about the product and its documentation can be accessed by following the links provided in the Links section.
5d5f72ce-80bc-4c90-80ed-f135596533e2|This metadata refers to the Normalized Difference Vegetation Index (NDVI) dataset, one of the near real-time (NRT) Vegetation Index products of the pan-European High Resolution Vegetation Phenology and Productivity (HR-VPP), component of the Copernicus Land Monitoring Service (CLMS).##The Normalized Difference Vegetation Index (NDVI) is a widely used, dimensionless vegetation index that is indicative for vegetation density. It is defined as NDVI=(NIR-Red)/(NIR+Red) where NIR corresponds to the reflectance in the near infrared band, and Red to the reflectance in the red bands.# #The NDVI dataset is made available as raster files with 10 x 10m resolution, in UTM/WGS84 projection corresponding to the Sentinel-2 tiling grid, for those tiles that cover the EEA38 countries and the United Kingdom and for the period from October 2016 until today, with daily updates.##Each file has an associated quality indicator (QFLAG2) to assist users with the screening of clouds, shadows from clouds and topography, snow and water surfaces.|Comprehensive information about the product and its documentation can be accessed by following the links provided in the Links section.
7d3b6dde-5884-45ee-82b2-611e7b2efd1f|This metadata refers to CLMS N2K 2018 product, the Copernicus Land Cover/Land Use (LC/LU) status map, with 2018 as reference year for the classification, tailored to the needs of biodiversity monitoring in selected Natura2000 sites: 4790 sites of natural and semi-natural grassland formations listed in Annex I of the Habitats Directive, including a 2 km buffer zone surrounding the sites and covering an area of 631.820 km² across Europe (EU27, the United Kingdom and Switzerland). The product includes three Emerald sites in Switzerland. LC/LU has been extracted from VHR satellite data and other available data.#The production of N2K updates was coordinated by the European Environment Agency (EEA) in the frame of the EU Copernicus programme.|Generation of a Land Cover/Land Use (LC/LU) dataset by visual image interpretation and delineation based on Very High Resolution (VHR) satellite data from 2018 ±1 year. Additional in-situ and ancillary datasets relevant for the production were also integrated into the workflow to support the LC/LU analysis. The classification provides 55 distinct thematic classes. The class definitions follow a pre-defined nomenclature based on the Mapping and Assessment of Ecosystems and their Services (MAES) typology of ecosystems (at level 1) and are further harmonised with Corine Land Cover and adapted to the specific characteristics of grasslands habitats (levels 2 to 4). The Minimum Mapping Unit (MMU) is 0.5 ha and the Minimum Mapping Width (MMW) is 10 m. The positional accuracy is less than 5 m (according to geo-location accuracy of satellite imagery delivered by ESA: less than 5m RMSE). Producer’s accuracy assessment approach: stratified random point sampling. Interpretation of sampling points was performed on the best available reference data. The overall accuracy is higher than 85%.
46b3da3f-7f15-444e-bff4-d04ddfd58506|This metadata refers to the CLMS N2K Change 2006-2012 product, the Copernicus Land Cover/Land Use (LC/LU) change map tailored to the needs of biodiversity monitoring in selected Natura2000 sites: 4790 sites of natural and semi-natural grassland formations listed in Annex I of the Habitats Directive, including a 2km buffer zone surrounding the sites. The change mapping exercise between the reference years 2006 and 2012, based on the outputs of the status layers, occurred over an area of 631.800 km² across Europe (i.e. EU27, the United Kingdom and Switzerland). The change dataset only shows the areas that have changed between 2006 and 2012, covering an area of 1.054.684 ha.#LC/LU is extracted from VHR satellite data and other available data. Change detection is based on the analysis of VHR satellite data from the reference years 2006 ±2 years and 2012 ±2 years.#The production of N2K updates was coordinated by the European Environment Agency (EEA) in the frame of the EU Copernicus programme.|Computer assisted change detection of LC/LU between the reference years 2006 and 2012 extracted from VHR satellite data and other available data. The change mapping exercise between the reference years 2006 and 2012, based on the outputs of the status layers, occurred over an area of 631.800 km² across Europe (i.e. within the selected Natura2000 sites and including a 2 km buffer zone surrounding those). The change dataset only shows the areas that have changed between 2006 and 2012 and covers an area of 1.054.684 ha.##The classification provides 55 distinct thematic classes. The class definitions follow a pre-defined nomenclature based on the Mapping and Assessment of Ecosystems and their Services (MAES) typology of ecosystems (at level 1) and are further harmonised with Corine Land Cover and adapted to the specific characteristics of grasslands habitats (levels 2 to 4). Each change polygon is identified with a change code that shows the initial class and the change class. The Minimum Mapping Unit (MMU) is 0.5 ha and the Minimum Mapping Width (MMW) is 10 m. The positional accuracy is less than 5 m (according to geo-location accuracy of satellite imagery delivered by ESA: less than 5m RMSE). Producer’s accuracy assessment approach: stratified random point sampling. Interpretation of sampling points was performed on the best available reference data. The overall accuracy is higher than 80%.
4962b7d3-b836-49d9-8e84-e72aba4837e9|This metadata refers to CLMS N2K 2012 product, the Copernicus Land Cover/Land Use (LC/LU) status map, with 2012 as reference year for the classification, tailored to the needs of biodiversity monitoring in selected Natura2000 sites: 4790 sites of natural and semi-natural grassland formations listed in Annex I of the Habitats Directive, including a 2 km buffer zone surrounding the sites and covering an area of 631.820 km² across Europe (EU27, the United Kingdom and Switzerland). The product includes three Emerald sites in Switzerland. LC/LU has been extracted from VHR satellite data and other available data.#This metadata specifically refers to the revision of the 2012 N2K status map carried out during the production of the 2018 update.#The production of N2K updates was coordinated by the European Environment Agency (EEA) in the frame of the EU Copernicus programme.|Generation of a Land Cover/Land Use (LC/LU) dataset by visual image interpretation and delineation based on Very High Resolution (VHR) satellite data from 2012 ±2 years. Additional in situ and ancillary datasets relevant for the production were also integrated into the workflow to support the LC/LU analysis. During the production of the 2018 update the 2012 status map was revised and improved: thematic and geometric errors were corrected, and thematic accuracy was improved. The classification provides 55 distinct thematic classes. The class definitions follow a pre-defined nomenclature based on the Mapping and Assessment of Ecosystems and their Services (MAES) typology of ecosystems (at level 1) and are further harmonised with Corine Land Cover and adapted to the specific characteristics of grasslands habitats (levels 2 to 4). The Minimum Mapping Unit (MMU) is 0.5 ha and the Minimum Mapping Width (MMW) is 10 m. The positional accuracy is less than 5 m (according to geo-location accuracy of satellite imagery delivered by ESA: less than 5m RMSE). Producer’s accuracy assessment approach: stratified random point sampling. Interpretation of sampling points was performed on the best available reference data. The overall accuracy is higher than 85%.
2fff6d41-eeb6-430e-8740-090f0d4284a2|This metadata refers to the CLMS N2K Change 2012-2018 product, the Copernicus Land Cover/Land Use (LC/LU) change map tailored to the needs of biodiversity monitoring in selected Natura2000 sites: 4790 sites of natural and semi-natural grassland formations listed in Annex I of the Habitats Directive, including a 2km buffer zone surrounding the sites. The change mapping exercise between the reference years 2012 and 2018, was based on the comparison of VHR satellite data and occurred over an area of 631.800 km² across Europe (i.e. EU27, the United Kingdom and Switzerland). The change dataset only shows the areas that have changed between 2012 and 2018 and covers an area of 1.199.652 ha.#LC/LU is extracted from VHR satellite data and other available data. Change detection is based on the analysis of VHR satellite data from the reference years 2012 ±2 years and 2018 ±1 year.#The production of N2K updates was coordinated by the European Environment Agency (EEA) in the frame of the EU Copernicus programme.|Computer assisted change detection of LC/LU between the reference years 2012 and 2018 extracted from VHR satellite data and other available data. The change mapping exercise between the reference years 2012 and 2018, was based on the comparison of VHR satellite data and occurred over an area of 631.800 km² across Europe (i.e. within the selected Natura2000 sites and including a 2km buffer zone surrounding those). The change dataset only shows the areas that have changed between 2012 and 2018 and covers an area of 1.199.652 ha. The production of this dataset is the basis for the status map 2018 as well as for the revision of the previous time steps 2012 and 2006.#The classification provides 55 distinct thematic classes. The class definitions follow a pre-defined nomenclature based on the Mapping and Assessment of Ecosystems and their Services (MAES) typology of ecosystems (at level 1) and are further harmonised with Corine Land Cover and adapted to the specific characteristics of grasslands habitats (levels 2 to 4). Each change polygon is identified with a change code that shows the initial class and the change class. The Minimum Mapping Unit (MMU) is 0.5 ha and the Minimum Mapping Width (MMW) is 10 m. The positional accuracy is less than 5 m (according to geo-location accuracy of satellite imagery delivered by ESA: less than 5m RMSE). Producer’s accuracy assessment approach: stratified random point sampling. Interpretation of sampling points was performed on the best available reference data. The overall accuracy is higher than 80%.
2e98c4d3-45dc-4b30-81ec-6ad4903f04cb|This metadata refers to CLMS N2K 2006 product, the Copernicus Land Cover/Land Use (LC/LU) status map, with 2006 as reference year for the classification, tailored to the needs of biodiversity monitoring in selected Natura2000 sites: 4790 sites of natural and semi-natural grassland formations listed in Annex I of the Habitats Directive, including a 2 km buffer zone surrounding the sites and covering an area of 631.820 km² across Europe (EU27, the United Kingdom and Switzerland). The product includes three Emerald sites in Switzerland. LC/LU has been extracted from VHR satellite data and other available data. #This metadata specifically refers to the revision of the 2006 N2K status map carried out during the production of the 2018 update. #The production of N2K updates was coordinated by the European Environment Agency (EEA) in the frame of the EU Copernicus programme.|Generation of a Land Cover/Land Use (LC/LU) dataset by visual image interpretation and delineation based on Very High Resolution (VHR) satellite data from 2006 ±2 years. Additional in situ and ancillary datasets relevant for the production were also integrated into the workflow to support the LC/LU analysis. During the production of the 2018 update the 2006 status map was revised and improved: thematic and geometric errors were corrected, and thematic accuracy was improved. The classification provides 55 distinct thematic classes. The class definitions follow a pre-defined nomenclature based on the Mapping and Assessment of Ecosystems and their Services (MAES) typology of ecosystems (at level 1) and are further harmonised with Corine Land Cover and adapted to the specific characteristics of grasslands habitats (levels 2 to 4). The Minimum Mapping Unit (MMU) is 0.5 ha and the Minimum Mapping Width (MMW) is 10 m. The positional accuracy is less than 5 m (according to geo-location accuracy of satellite imagery delivered by ESA: less than 5m RMSE). Producer’s accuracy assessment approach: stratified random point sampling. Interpretation of sampling points was performed on the best available reference data. The overall accuracy is higher than 85%.
3bf542bd-eebd-4d73-b53c-a0243f2ed862|The High Resolution Layer on Imperviousness Density 2018 is a thematic product showing the sealing density in the range from 0-100% for the period 2018 (including data from 2017-2019) for the EEA-38 area and the United Kingdom. The production of the high resolution imperviousness layers is coordinated by EEA in the frame of the EU Copernicus programme.##The high resolution imperviousness products capture the percentage and change of soil sealing. Built-up areas are characterized by the substitution of the original (semi-) natural land cover or water surface with an artificial, often impervious cover. These artificial surfaces are usually maintained over long periods of time. A series of high resolution imperviousness datasets (for the 2006, 2009, 2012, 2015 and 2018 reference years) with all artificially sealed areas was produced using automatic derivation based on calibrated Normalized Difference Vegetation Index (NDVI). This series of imperviousness layers constitutes the main status layers. They are per-pixel estimates of impermeable cover of soil (soil sealing) and are mapped as the degree of imperviousness (0-100%). Imperviousness change layers were produced as a difference between the reference years (2006-2009, 2009-2012, 2012-2015, 2015-2018 and additionally 2006-2012, to fully match the CORINE Land Cover production cycle) and are presented 1) as degree of imperviousness change (-100% -- +100%), in 20m and 100m pixel size, and 2) a classified (categorical) 20m change product.##Data is provided as 10 meter rasters (fully conformant with the EEA reference grid) in 100 x 100 km tiles grouped according to the EEA38 countries and the United Kingdom.|Quality assurance follows the ISO9000 standards for Quality Management and comprises of dedicated procedures of on-going quality checks (QA breakpoints) during implementation of the production chain, in order to keep persistent control over the various stages of production, assure fitness-for-purpose of the end-products and that all quality requirements are fulfilled. Priority will be given to the target thematic accuracies to be achieved by each product, as well as to the issues of product consistency (spatial, thematic, temporal) and homogeneity.#Quality Assessment: The quality assessment has been performed according to INSPIRE Data Specifications. The data quality elements considered are:#Completeness,#Logical Consistency,#Thematic Accuracy,#Temporal quality and#Usability.#Each of them (excl. the Thematic Accuracy hereafter) forms a section in the QA/QC Procedures.
524fa72f-61d7-4364-801e-3e271d7b10bc|The High Resolution Layer on Imperviousness Density 2018 with 100 m resolution is a thematic product showing the sealing density in the range from 0-100% in an aggregated version (100m) for the period 2018 (including data from 2017-2019) for the EEA-38 area and the United Kingdom. The production of the high resolution imperviousness layers is coordinated by EEA in the frame of the EU Copernicus programme.##The high resolution imperviousness products capture the percentage and change of soil sealing. Built-up areas are characterized by the substitution of the original (semi-) natural land cover or water surface with an artificial, often impervious cover. These artificial surfaces are usually maintained over long periods of time. A series of high resolution imperviousness datasets (for the 2006, 2009, 2012, 2015 and 2018 reference years) with all artificially sealed areas was produced using automatic derivation based on calibrated Normalized Difference Vegetation Index (NDVI). This series of imperviousness layers constitutes the main status layers. They are per-pixel estimates of impermeable cover of soil (soil sealing) and are mapped as the degree of imperviousness (0-100%). Imperviousness change layers were produced as a difference between the reference years (2006-2009, 2009-2012, 2012-2015, 2015-2018 and additionally 2006-2012, to fully match the CORINE Land Cover production cycle) and are presented 1) as degree of imperviousness change (-100% -- +100%), in 20m and 100m pixel size, and 2) a classified (categorical) 20m change product.##The dataset in 100 meter aggregate raster (fully conformant with the EEA reference grid) is provided as a full EEA38 and United Kingdom mosaic.|Quality assurance follows the ISO9000 standards for Quality Management and comprises of dedicated procedures of on-going quality checks (QA breakpoints) during implementation of the production chain, in order to keep persistent control over the various stages of production, assure fitness-for-purpose of the end-products and that all quality requirements are fulfilled. Priority will be given to the target thematic accuracies to be achieved by each product, as well as to the issues of product consistency (spatial, thematic, temporal) and homogeneity.#Quality Assessment: The quality assessment has been performed according to INSPIRE Data Specifications. The data quality elements considered are:#Completeness,#Logical Consistency,#Thematic Accuracy,#Temporal quality and#Usability.#Each of them (excl. the Thematic Accuracy hereafter) forms a section in the QA/QC Procedures.
a807e528-431a-4dca-a6cd-0e8947563fce|The Share of Built-up (SBU) layer for the reference year 2018 represents share (percentage) of built-up (IBU) for the reference year 2018 in an aggregated version of 100m spatial resolution for the EEA38 countries and the United Kingdom. The production of the high resolution imperviousness layers is coordinated by the EEA in the frame of the EU Copernicus programme. ##The high resolution imperviousness products capture the percentage and change of soil sealing. Built-up areas are characterized by the substitution of the original (semi-) natural land cover or water surface with an artificial, often impervious cover. These artificial surfaces are usually maintained over long periods of time. A series of high resolution imperviousness datasets (for the 2006, 2009, 2012, 2015 and 2018 reference years) with all artificially sealed areas was produced using automatic derivation based on calibrated Normalized Difference Vegetation Index (NDVI). This series of imperviousness layers constitutes the main status layers. They are per-pixel estimates of impermeable cover of soil (soil sealing) and are mapped as the degree of imperviousness (0-100%). Imperviousness change layers were produced as a difference between the reference years (2006-2009, 2009-2012, 2012-2015, 2015-2018 and additionally 2006-2012, to fully match the CORINE Land Cover production cycle) and are presented 1) as degree of imperviousness change (-100% -- +100%), in 20m and 100m pixel size, and 2) a classified (categorical) 20m change product.##The 100 meter aggregate raster (fully conformant with the EEA reference grid) is provided as a full EEA38 and United Kingdom mosaic.|Quality assurance follows the ISO9000 standards for Quality Management and comprises of dedicated procedures of on-going quality checks (QA breakpoints) during implementation of the production chain, in order to keep persistent control over the various stages of production, assure fitness-for-purpose of the end-products and that all quality requirements are fulfilled. Priority will be given to the target thematic accuracies to be achieved by each product, as well as to the issues of product consistency (spatial, thematic, temporal) and homogeneity.#Quality Assessment: The quality assessment has been performed according to INSPIRE Data Specifications. The data quality elements considered are:#Completeness,#Logical Consistency,#Thematic Accuracy,#Temporal quality and#Usability.#Each of them (excl. the Thematic Accuracy hereafter) forms a section in the QA/QC Procedures.
3e412def-a4e6-4413-98bb-42b571afd15e|The Impervious Built-up (IBU) layer for the reference year 2018 is a thematic product showing the binary information of building (class 1) and no building (class 0) within the sealing outline derived from the Imperviousness Density layer for the period 2018 for the EEA38 countries and the United Kingdom. The production of the high resolution imperviousness layers is coordinated by the EEA in the frame of the EU Copernicus programme.##The high resolution imperviousness products capture the percentage and change of soil sealing. Built-up areas are characterized by the substitution of the original (semi-) natural land cover or water surface with an artificial, often impervious cover. These artificial surfaces are usually maintained over long periods of time. A series of high resolution imperviousness datasets (for the 2006, 2009, 2012, 2015 and 2018 reference years) with all artificially sealed areas was produced using automatic derivation based on calibrated Normalized Difference Vegetation Index (NDVI). This series of imperviousness layers constitutes the main status layers. They are per-pixel estimates of impermeable cover of soil (soil sealing) and are mapped as the degree of imperviousness (0-100%). Imperviousness change layers were produced as a difference between the reference years (2006-2009, 2009-2012, 2012-2015, 2015-2018 and additionally 2006-2012, to fully match the CORINE Land Cover production cycle) and are presented 1) as degree of imperviousness change (-100% -- +100%), in 20m and 100m pixel size, and 2) a classified (categorical) 20m change product.##The dataset is provided as 10 meter rasters (fully conformant with the EEA reference grid) in 100 x 100 km tiles grouped according to the EEA38 and the United Kingdom.|Quality assurance follows the ISO9000 standards for Quality Management and comprises of dedicated procedures of on-going quality checks (QA breakpoints) during implementation of the production chain, in order to keep persistent control over the various stages of production, assure fitness-for-purpose of the end-products and that all quality requirements are fulfilled. Priority will be given to the target thematic accuracies to be achieved by each product, as well as to the issues of product consistency (spatial, thematic, temporal) and homogeneity.#Quality Assessment: The quality assessment has been performed according to INSPIRE Data Specifications. The data quality elements considered are:#Completeness,#Logical Consistency,#Thematic Accuracy,#Temporal quality and#Usability.#Each of them (excl. the Thematic Accuracy hereafter) forms a section in the QA/QC Procedures.
e3284161-abef-4a2e-a291-cd8ce1cab54e|The High Resolution Layer Imperviousness Change (IMC) 2015-2018 is a 20m raster dataset showing change in imperviousness between 2015 and 2018 reference years, produced in the frame of the EU Copernicus programme.##The high resolution imperviousness products capture the percentage and change of soil sealing. Built-up areas are characterized by the substitution of the original (semi-) natural land cover or water surface with an artificial, often impervious cover. These artificial surfaces are usually maintained over long periods of time. A series of high resolution imperviousness datasets (for the 2006, 2009, 2012, 2015 and 2018 reference years) with all artificially sealed areas was produced using automatic derivation based on calibrated Normalized Difference Vegetation Index (NDVI). This series of imperviousness layers constitutes the main status layers. They are per-pixel estimates of impermeable cover of soil (soil sealing) and are mapped as the degree of imperviousness (0-100%). Imperviousness change layers were produced as a difference between the reference years (2006-2009, 2009-2012, 2012-2015, 2015-2018 and additionally 2006-2012, to fully match the CORINE Land Cover production cycle) and are presented 1) as degree of imperviousness change (-100% -- +100%), in 20m and 100m pixel size, and 2) a classified (categorical) 20m change product. ##This dataset is provided as 20 meter rasters (fully conformant with EEA reference grid) in 100 x 100 km tiles grouped according to the EEA38 countries and the United Kingdom.|Quality assurance follows the ISO9000 standards for Quality Management and comprises of dedicated procedures of ongoing quality checks (QA breakpoints) during implementation of the production chain, in order to keep persistent control over the various stages of production, assure fitness-for-purpose of the end-products and that all quality requirements are fulfilled. Priority has been given to the target thematic accuracies to be achieved by each product, as well as to the issues of product consistency (spatial, thematic, temporal) and homogeneity. Quality Assessment: The quality assessment has been performed according to INSPIRE Data Specifications. The data quality elements considered are:#(i) Completeness,#(ii) Logical Consistency,#(iii) Thematic Accuracy,#(iv) Temporal quality and#(v) Usability.#Each of them (excl. the Thematic Accuracy hereafter) forms a section in the QA/QC Procedures.##IMPORTANT: Please be aware that we are currently investigating the reliability of the magnitude of imperviousness increase that was mapped for the 2015-2018 period. The change products (as mapped) show a significant increase of the speed to soil sealing/imperviousness as compared to the previous periods for which we have change data (2006-2009, 2009-2012 and 2012-2015). We are confident that the trend and the spatial pattern of the trend reflects reality, but the magnitude of the increase needs to be further investigated.
205e2db2-4e35-4b1b-bf84-271c4a82248c|The Coastal Zones (CZ) LC/LU product for 2018 is providing a detailed Land Cover / Land Use (LC/ LU) dataset for areas along the coastline of the EEA38 countries and the United Kingdom, with reference year 2018 for the classification. This product monitors landscape dynamics in European coastal territory to an inland depth of 10 km with a total area of approximately 730,000 km², with all the relevant areas (estuaries, coastal lowlands, nature reserves). The production of the coastal zone layers was coordinated by the European Environment Agency (EEA) in the frame of the EU Copernicus programme, as part of the Copernicus Land Monitoring Service (CLMS) Local Component.##The Coastal Zones product covers a buffer zone of coastline derived from EU-Hydro v1.1. Land Cover/Land Use (LC/LU) layer is extracted from Very High Resolution (VHR) satellite data and other available data. The class definitions follow the pre-defined nomenclature on the basis of Mapping and Assessment of Ecosystems and their Services (MAES) typology of ecosystems (Level 1 to Level 4) and CORINE Land Cover adapted to the specific characteristics of coastal zones. The classification provides 71 distinct thematic classes with a Minimum Mapping Unit (MMU) of 0.5 ha and a Minimum Mapping Width (MMW) of 10 m. The product is available for the 2012 and 2018 reference year including change mapping.##This CZ dataset is distributed in vector format, in a single OGC GeoPackage SQLite file covering the area of interest.|Computer assisted visual mapping of LC/LU for reference year 2018. The main dataset for visual image interpretation of reference year 2018 was the VHR_IMAGE_2018 dataset (Optical VHR coverage of EEA-39 2017-2019), consisting of 2m Pléiades, Kompsat 3/3A, SuperView-1 and 4m SPOT-6/7, TripleSat, PlanetScope and Deimos satellite data. The nomenclature is the basis of the MAES typology of ecosystems adapted to the specific needs of coastal zones monitoring and it is composed by 71 classes.#Positional Accuracy: less than 5 m (according to geo-location accuracy of satellite imagery delivered by ESA: less than 5m RMSE). Thematic accuracy (area-corrected Overall Accuracy): 97.7%. Accuracy Assessment approach: Stratified Random Point Sampling with 60001 sampling points. Interpretation of sampling points has been performed on the best available reference data.#The Minimum Mapping Unit is 0.5 ha.#The Minimum Mapping Width is 10 m.
fe8d5d51-36ab-46d4-be61-dcfad7c308f1|The Coastal Zones (CZ) LC/LU product for 2012 is providing a detailed Land Cover / Land Use (LC/ LU) dataset for areas along the coastline of the EEA38 countries and the United Kingdom, with reference year 2012 for the classification. This product monitors landscape dynamics in European coastal territory to an inland depth of 10 km with a total area of approximately 730,000 km², with all the relevant areas (estuaries, coastal lowlands, nature reserves). The production of the coastal zone layers was coordinated by the European Environment Agency (EEA) in the frame of the EU Copernicus programme, as part of the Copernicus Land Monitoring Service (CLMS) Local Component.##The Coastal Zones product covers a buffer zone of coastline derived from EU-Hydro v1.1. Land Cover/Land Use (LC/LU) layer is extracted from Very High Resolution (VHR) satellite data and other available data. The class definitions follow the pre-defined nomenclature on the basis of Mapping and Assessment of Ecosystems and their Services (MAES) typology of ecosystems (Level 1 to Level 4) and CORINE Land Cover adapted to the specific characteristics of coastal zones. The classification provides 71 distinct thematic classes with a Minimum Mapping Unit (MMU) of 0.5 ha and a Minimum Mapping Width (MMW) of 10 m. The product is available for the 2012 and 2018 reference year including change mapping. ##This CZ dataset is distributed in vector format, in a single OGC GeoPackage SQLite file covering the area of interest.|Computer assisted visual mapping of LC/LU for reference year 2012. The main dataset for visual image interpretation of reference year 2012 was the DWH_MG2b_CORE_03 dataset (Optical VHR2 coverage over EU 2011-2013), mainly consisting of 1.5m VHR2 SPOT-6 and 2.5m VHR2 SPOT-5 HRG and 2m Pléiades satellite data. The nomenclature is the basis of the MAES typology of ecosystems adapted to the specific needs of coastal zones monitoring and it is composed by 71 classes.#Positional Accuracy: less than 5 m (according to geo-location accuracy of satellite imagery delivered by ESA: less than 5m RMSE). Thematic accuracy (area-corrected Overall Accuracy): 97.9%. Accuracy Assessment approach: Stratified Random Point Sampling with 60001 sampling points. Interpretation of sampling points has been performed on the best available reference data.#The Minimum Mapping Unit is 0.5 ha.#The Minimum Mapping Width is 10 m.
c88e743d-e838-49e1-8c80-54f26bcf4ab8|The Coastal Zones LC/LU Change (CZC) 2012-2018 is providing the Land Cover / Land Use (LC/ LU) change for areas along the coastline of the EEA38 countries and the United Kingdom, between the reference years 2012 and 2018. The Coastal Zones product monitors landscape dynamics in European coastal territory to an inland depth of 10 km with a total area of approximately 730,000 km², with all the relevant areas (estuaries, coastal lowlands, nature reserves). The production of the coastal zone layers was coordinated by the European Environment Agency (EEA) in the frame of the EU Copernicus programme, as part of the Copernicus Land Monitoring Service (CLMS) Local Component.##The Coastal Zones Change product covers a buffer zone of coastline derived from EU-Hydro v1.1. The Land Cover/Land Use (LC/LU) Change layer is extracted from Very High Resolution (VHR) satellite data and other available data. The reference years for the change are 2012 and 2018. The class definitions follow the pre-defined nomenclature on the basis of Mapping and Assessment of Ecosystems and their Services (MAES) typology of ecosystems (Level 1 to Level 4) and CORINE Land Cover adapted to the specific characteristics of coastal zones. The classification provides 71 distinct thematic classes with a Minimum Mapping Unit (MMU) of 0.5 ha and a Minimum Mapping Width (MMW) of 10 m. The status product is available for the 2012 and 2018 reference years. ##This CZC dataset is distributed in vector format, in a single OGC GeoPackage file covering the area of interest.|Computer assisted visual mapping of LC/LU change between the reference years 2012 and 2018. The main dataset for visual image interpretation of reference year 2012 was the DWH_MG2b_CORE_03 dataset (Optical VHR2 coverage over EU 2011-2013) while for reference year 2018 was the VHR_IMAGE_2018 dataset (Optical VHR coverage of EEA-39 2017-2019), consisting of 2m Pléiades, Kompsat 3/3A, SuperView-1 and 4m SPOT-6/7, TripleSat, PlanetScope and Deimos satellite data. The nomenclature is the basis of the MAES typology of ecosystems adapted to the specific needs of coastal zones monitoring and it is composed by 71 classes.#Positional Accuracy: less than 5 m (according to geo-location accuracy of satellite imagery delivered by ESA: less than 5m RMSE). Thematic accuracy (area-corrected Overall Accuracy): 99.6%. Accuracy Assessment approach: Stratified Random Point Sampling with 11619 sampling points. Interpretation of sampling points has been performed on the best available reference data.#The Minimum Mapping Unit is 0.5 ha.#The Minimum Mapping Width is 10 m.
debc1869-a4a2-4611-ae95-daeefce23490|The European Urban Atlas provides reliable, inter-comparable, high-resolution land use and land cover data for 785 Functional Urban Area (FUA) for the 2012 reference year in EEA38 countries (EU, EFTA and Western Balkan countries as well as Türkiye) and United Kingdom. The spatial data can be downloaded together with a map for each FUA covered and a report with the metadata for the respective area. ##Urban Atlas is a joint initiative of the Commission Directorate-General for Regional and Urban Policy and the Directorate-General for Defence Industry and Space (DEFIS) in the frame of the EU Copernicus programme, with the support of the European Space Agency and the European Environment Agency.|The Urban Atlas is mainly based on the combination of (statistical) image classification and visual interpretation of Very High Resolution (VHR) satellite imagery. Multispectral SPOT 5 & 6 and Formosat-2 pan-sharpened imagery with a 2 to 2.5m spatial resolution is used as input data. The built-up classes are combined with density information on the level of sealed soil derived from the High Resolution Layer imperviousness to provide more detail in the density of the urban fabric. Finally, the Urban Atlas product is complemented and enriched with functional information (road network, services, utilities etc…) using ancillary data sources such as local city maps or online map services.##During the mapping campaign for the update of Urban Atlas 2018, the LCLU status product of Urban Atlas 2012 was revised. #Version 021 marks the new revised FUAs with the population estimates added as attribute Pop2012.##Typology: ##11100 Continuous Urban Fabric (S.L. > 80%)#11210 Discontinuous Dense Urban Fabric (S.L. : 50% - 80%)#11220 Discontinuous Medium Density Urban Fabric (S.L. : 30% - 50%)#11230 Discontinuous Low Density Urban Fabric (S.L. : 10% - 30%)#11240 Discontinuous Very Low Density Urban Fabric (S.L. < 10%)#11300 Isolated Structures#12100 Industrial, commercial, public, military and private units#12210 Fast transit roads and associated land#12220 Other roads and associated land#12230 Railways and associated land#12300 Port areas#12400 Airports#13100 Mineral extraction and dump sites#13300 Construction sites#13400 Land without current use#14100 Green urban areas#14200 Sports and leisure facilities#21000 Arable land (annual crops)#22000 Permanent crops (vineyards, fruit trees, olive groves)#23000 Pastures#24000 Complex and mixed cultivation patterns#25000 Orchards at the fringe of urban classes#31000 Forests#32000 Herbaceous vegetation associations (natural grassland, moors...)#33000 Open spaces with little or no vegetations (beaches, dunes, bare rocks, glaciers)#40000 Wetland#50000 Water bodies##External Quality control realized by IGNFI.
949683b7-5795-4c72-845f-77d049010649|The European Urban Atlas provides reliable, inter-comparable, high-resolution land use and land cover change data for 785 Functional Urban Areas (FUA) with more than 50,000 inhabitants between the reference years 2012 and 2018 in EEA38 countries (EU, EFTA, Western Balkan countries as well as Türkiye) and United Kingdom. The spatial data can be downloaded together with a map for each FUA covered and a report with the metadata for the respective area. The Urban Atlas Change layers have become available as of 2012.##Urban Atlas is a joint initiative of the European Commission Directorate-General for Regional and Urban Policy and the Directorate-General for Defence Industry and Space in the frame of the EU Copernicus programme, with the support of the European Space Agency and the European Environment Agency.|Cartography based on satellite images Interpretation (2012: SPOT 5 or ALOS - resolution 2,5 meters ; 2018: Pléiades, KOMPSAT, Planet, SPOT 6, SuperView, etc. - resolution 2 or 4 meters)#Use of ancillary data (Google Earth, OpenStreet Map).#Production land use/cover maps for Functional Urban Area in Europe.##Typology:#11100 Continuous Urban Fabric (S.L. > 80%)#11210 Discontinuous Dense Urban Fabric (S.L. : 50% - 80%)#11220 Discontinuous Medium Density Urban Fabric (S.L. : 30% - 50%)#11230 Discontinuous Low Density Urban Fabric (S.L. : 10% - 30%)#11240 Discontinuous Very Low Density Urban Fabric (S.L. < 10%)#11300 Isolated Structures#12100 Industrial, commercial, public, military and private units#12210 Fast transit roads and associated land#12220 Other roads and associated land#12230 Railways and associated land#12300 Port areas#12400 Airports#13100 Mineral extraction and dump sites#13300 Construction sites#13400 Land without current use#14100 Green urban areas#14200 Sports and leisure facilities#21000 Arable land (annual crops)#22000 Permanent crops (vineyards, fruit trees, olive groves)#23000 Pastures#24000 Complex and mixed cultivation patterns#25000 Orchards at the fringe of urban classes#31000 Forests#32000 Herbaceous vegetation associations (natural grassland, moors...)#33000 Open spaces with little or no vegetations (beaches, dunes, bare rocks, glaciers)#40000 Wetland#50000 Water bodies##External Quality control realized by IGNFI.##The Minimum Mapping Unit is as follows:#Class 1 to Class 1: 0.1 ha;#Class 2 - 5 to Class 1: 0.1 ha;#Class 2 - 5 to Class 2 - 5: 0.25 ha;#Class 1 to Class 2 - 5: 0.25 ha.#The Minimum Mapping Width is 10 m.
205691b3-7ae9-41dd-abf1-1fbf60d72c8c|The Urban Atlas provides pan-European comparable land use and land cover data for Functional Urban Areas (FUA) across EEA38 countries (EU, EFTA, Western Balkan countries as well as Türkiye) and United Kingdom. The Street Tree Layer (STL) is a separate layer from the Urban Atlas 2018 LU/LC layer produced within the level 1 urban mask for each FUA. It includes contiguous rows or a patches of trees covering 500 m² or more and with a minimum width of 10 meter over "Artificial surfaces" (nomenclature class 1) inside FUA (i.e. rows of trees along the road network outside urban areas or forest adjacent to urban areas should not be included).##Urban Atlas is a joint initiative of the European Commission Directorate-General for Regional and Urban Policy and the Directorate-General for Defence Industry and Space in the frame of the EU Copernicus programme, with the support of the European Space Agency and the European Environment Agency.|Cartography based on satellite images Interpretation (Pléiades, KOMPSAT, Planet, SPOT6, SuperView, etc. - resolution 2 or 4 meters)#Use of ancillary data (Google Earth, OpenStreet Map).#Production Street Tree Layer for Functional Urban Area in Europe.#The Minimum Mapping Unit is 500 m2. The Minimum Mapping Width is 10 m.
73f0e3eb-ea21-4083-9b49-9c345c766775|The High Resolution Layer: Imperviousness Change Classified (IMCC) 2015-2018 is a 20m raster dataset showing the classified change in imperviousness between 2015 and 2018 reference years. The dataset was produced in the frame of the EU Copernicus programme.##The high resolution imperviousness products capture the percentage and change of soil sealing. Built-up areas are characterized by the substitution of the original (semi-) natural land cover or water surface with an artificial, often impervious cover. These artificial surfaces are usually maintained over long periods of time. A series of high resolution imperviousness datasets (for the 2006, 2009, 2012, 2015 and 2018 reference years) with all artificially sealed areas was produced using automatic derivation based on calibrated Normalized Difference Vegetation Index (NDVI). This series of imperviousness layers constitutes the main status layers. They are per-pixel estimates of impermeable cover of soil (soil sealing) and are mapped as the degree of imperviousness (0-100%). Imperviousness change layers were produced as a difference between the reference years (2006-2009, 2009-2012, 2012-2015, 2015-2018 and additionally 2006-2012, to fully match the CORINE Land Cover production cycle) and are presented 1) as degree of imperviousness change (-100% -- +100%), in 20m and 100m pixel size, and 2) a classified (categorical) 20m change product.##The dataset is provided as 20 meter rasters (fully conformant with EEA reference grid) in 100 x 100 km tiles grouped according to the EEA38 countries and the United Kingdom.|Quality assurance follows the ISO9000 standards for Quality Management and comprises of dedicated procedures of ongoing quality checks (QA breakpoints) during implementation of the production chain, in order to keep persistent control over the various stages of production, assure fitness-for-purpose of the end-products and that all quality requirements are fulfilled. Priority has been given to the target thematic accuracies to be achieved by each product, as well as to the issues of product consistency (spatial, thematic, temporal) and homogeneity. Quality Assessment: The quality assessment has been performed according to INSPIRE Data Specifications. The data quality elements considered are:#(i) Completeness,#(ii) Logical Consistency,#(iii) Thematic Accuracy,#(iv) Temporal quality and#(v) Usability.#Each of them (excl. the Thematic Accuracy hereafter) forms a section in the QA/QC Procedures.
f6628606-6552-4d3b-8d3a-df19f827ac56|The High Resolution Layer Imperviousness Change (IMC) 2015-2018 is a raster dataset showing change in imperviousness between 2015 and 2018 reference years, produced in the frame of the EU Copernicus programme. This metadata refers to the derived product 100 meter aggregated raster (fully conformant with EEA reference grid) provided as a full mosaic of the EEA38 countries and the United Kingdom.##The high resolution imperviousness products capture the percentage and change of soil sealing. Built-up areas are characterized by the substitution of the original (semi-) natural land cover or water surface with an artificial, often impervious cover. These artificial surfaces are usually maintained over long periods of time. A series of high resolution imperviousness datasets (for the 2006, 2009, 2012, 2015 and 2018 reference years) with all artificially sealed areas was produced using automatic derivation based on calibrated Normalized Difference Vegetation Index (NDVI). This series of imperviousness layers constitutes the main status layers. They are per-pixel estimates of impermeable cover of soil (soil sealing) and are mapped as the degree of imperviousness (0-100%). Imperviousness change layers were produced as a difference between the reference years (2006-2009, 2009-2012, 2012-2015, 2015-2018 and additionally 2006-2012, to fully match the CORINE Land Cover production cycle) and are presented 1) as degree of imperviousness change (-100% -- +100%), in 20m and 100m pixel size, and 2) a classified (categorical) 20m change product.|Quality assurance follows the ISO9000 standards for Quality Management and comprises of dedicated procedures of ongoing quality checks (QA breakpoints) during implementation of the production chain, in order to keep persistent control over the various stages of production, assure fitness-for-purpose of the end-products and that all quality requirements are fulfilled. Priority has been given to the target thematic accuracies to be achieved by each product, as well as to the issues of product consistency (spatial, thematic, temporal) and homogeneity. Quality Assessment: The quality assessment has been performed according to INSPIRE Data Specifications. The data quality elements considered are:#(i) Completeness,#(ii) Logical Consistency,#(iii) Thematic Accuracy,#(iv) Temporal quality and#(v) Usability.#Each of them (excl. the Thematic Accuracy hereafter) forms a section in the QA/QC Procedures.##IMPORTANT: Please be aware that we are currently investigating the reliability of the magnitude of imperviousness increase that was mapped for the 2015-2018 period. The change products (as mapped) show a significant increase of the speed to soil sealing/imperviousness as compared to the previous periods for which we have change data (2006-2009, 2009-2012 and 2012-2015). We are confident that the spatial pattern of the trend reflects reality, but the magnitude of the increase needs to be further investigated.
fb4dffa1-6ceb-4cc0-8372-1ed354c285e6|Urban Atlas 2018 provides reliable, inter-comparable, high-resolution land use and land cover data with integrated population estimates for 788 Functional Urban Areas (FUA) with more than 50,000 inhabitants for the 2018 reference year in EEA38 countries (EU, EFTA, Western Balkans countries, as well as Türkiye) and the United Kingdom. ##Urban Atlas is a joint initiative of the European Commission Directorate-General for Regional and Urban Policy and the Directorate-General for Defence Industry and Space in the frame of the EU Copernicus programme, with the support of the European Space Agency and the European Environment Agency.##Per each of the FUAs, a ZIP is provided which includes: (1) the vector data in OGC GeoPackage SQLite format (ETRS89-LAEA, EPSG:3035); (2) PDF document with a high-resolution map of the area; (3) PDF document with the delivery report; (4) symbology files in .lyr, .qml and .sld formats; and (5) a xml document with metadata.|Version v013 marks the Functional Urban Areas (FUA) where population estimates for reference year 2018 has been added to each polygon in the attribute table as Pop2018. Two FUAs (FR030L1 - Fort De France, FR028L1 - Saint Denis) are still in version v012 since no population estimates are available.##Cartography based on satellite images Interpretation (Pléiades, KOMPSAT, Planet, SPOT6, SuperView, etc. - resolution 2 or 4 meters)#Use of ancillary data (Google Earth, OpenStreet Map).#Production land use/cover maps for Functional Urban Area in Europe.##Typology:#11100 Continuous Urban Fabric (S.L. &amp;gt; 80%)#11210 Discontinuous Dense Urban Fabric (S.L. : 50% - 80%)#11220 Discontinuous Medium Density Urban Fabric (S.L. : 30% - 50%)#11230 Discontinuous Low Density Urban Fabric (S.L. : 10% - 30%)#11240 Discontinuous Very Low Density Urban Fabric (S.L. &amp;lt; 10%)#11300 Isolated Structures#12100 Industrial, commercial, public, military and private units#12210 Fast transit roads and associated land#12220 Other roads and associated land#12230 Railways and associated land#12300 Port areas#12400 Airports#13100 Mineral extraction and dump sites#13300 Construction sites#13400 Land without current use#14100 Green urban areas#14200 Sports and leisure facilities#21000 Arable land (annual crops)#22000 Permanent crops (vineyards, fruit trees, olive groves)#23000 Pastures#24000 Complex and mixed cultivation patterns#25000 Orchards at the fringe of urban classes#31000 Forests#32000 Herbaceous vegetation associations (natural grassland, moors...)#33000 Open spaces with little or no vegetations (beaches, dunes, bare rocks, glaciers)#40000 Wetland#50000 Water bodies##External Quality control realized by IGNFI.#Class 1: 0.25 ha#Class 2 - 5: 1 ha.#The Minimum Mapping Width is 10 m.
6ad89038-76c3-4ce4-9125-5c0b59816438|The European Ground Motion Service (EGMS) is a component of the Copernicus Land Monitoring Service. EGMS provides consistent, regular, standardised, harmonised and reliable information regarding natural and anthropogenic ground motion phenomena over the Copernicus Participating States and across national borders, with millimetre accuracy. This set of metadata describes the third product level of EGMS: Ortho. ## to derive two further layers; one of purely vertical displacements, the other of purely east-west displacements (the one described by this metadata). Both layers are resampled to a 100 m grid. The Ortho product eases the interpretation process of non-experts since the viewing geometry has not to be considered anymore.#EGMS Ortho is visualised as a vector map of measurement points colour-coded by average velocity (vertical or east-west components) and distributed to users in comma-separated values format. Each point is associated with a time series of displacement, i.e. a plot with values of displacement per acquisition of the satellite. The product covers the Copernicus Participating States and United Kingdom.|The Ortho product is based on the decomposition of the Calibrated product to provide two discrete geospatial layers containing purely vertical (the one described in this metadata) and purely east-west displacements resampled to a 100 m grid. In summary, the process involves the following tasks: #i) identify all the cells with at least one measurement point per orbit, #ii) average the time series per orbit, #iii) interpolate ascending and descending time series to a common six-day sampling and #iv) estimate the vertical and east-west components following equations weighted on the estimated accuracy of the input measurements.
9abe5dd1-3639-4aeb-a8de-ec2eb2f7fc93|The European Ground Motion Service (EGMS) is a component of the Copernicus Land Monitoring Service. EGMS provides consistent, regular, standardised, harmonised and reliable information regarding natural and anthropogenic ground motion phenomena over the Copernicus Participating States and across national borders, with millimetre accuracy. This set of metadata describes the third product level of EGMS: Ortho. ## to derive two further layers; one of purely vertical displacements (the one described by this metadata), the other of purely east-west displacements. Both layers are resampled to a 100 m grid. The Ortho product eases the interpretation process of non-experts since the viewing geometry has not to be considered anymore.#EGMS Ortho is visualised as a vector map of measurement points colour-coded by average velocity (vertical or east-west components) and distributed to users in comma-separated values format. Each point is associated with a time series of displacement, i.e. a plot with values of displacement per acquisition of the satellite.|The Ortho product is based on the decomposition of the Calibrated product to provide two discrete geospatial layers containing purely vertical (the one described in this metadata) and purely east-west displacements resampled to a 100 m grid. In summary, the process involves the following tasks: #i) identify all the cells with at least one measurement point per orbit, #ii) average the time series per orbit, #iii) interpolate ascending and descending time series to a common six-day sampling and #iv) estimate the vertical and east-west components following equations weighted on the estimated accuracy of the input measurements.
8889e0a7-a6df-47a8-b4e7-a9cb32cbbf6b|The European Ground Motion Service (EGMS) is a component of the Copernicus Land Monitoring Service. EGMS provides consistent, regular, standardised, harmonised and reliable information regarding natural and anthropogenic ground motion phenomena over the Copernicus Participating States and across national borders, with millimetre accuracy. This set of metadata describes the second product level of EGMS: Calibrated. ##This product is considered the main EGMS product as it serves the needs of most users. but the measurement points are referenced to a model derived from global navigation satellite system data. Thus, the measurements are not relative anymore and are considered as absolute. The calibrated product makes it possible to compare ground motion measurements from adjacent areas belonging to different products of the same level.##EGMS Calibrated is visualised as a vector map of measurement points, colour-coded by average velocity, and distributed to users in comma-separated values format. Each point is associated with a time series of displacement, i.e. a plot with values of displacement per acquisition of the satellite. The product is generated for both ascending and descending orbits.|The Calibrated product has been produced by calibrating the Basic product with a reference velocity model derived from global navigation satellite system data. The model is transformed to the reference frame of the interferometric data, projected to the radar line-of-sight, interpolated at each measurement point, and used to provide the information needed to harmonize all the different reference points that characterise the Basic product.
fef95698-bcb5-4e68-9575-f7dbbf835dd7|The European Ground Motion Service (EGMS) is a component of the Copernicus Land Monitoring Service. EGMS provides consistent, regular, standardised, harmonised and reliable information regarding natural and anthropogenic ground motion phenomena over the Copernicus Participating States and across national borders, with millimetre accuracy. This set of metadata describes the third product level of EGMS: Ortho. ## to derive two further layers; one of purely vertical displacements, the other of purely east-west displacements (the one described by this metadata). Both layers are resampled to a 100 m grid. The Ortho product eases the interpretation process of non-experts since the viewing geometry has not to be considered anymore.#EGMS Ortho is visualised as a vector map of measurement points colour-coded by average velocity (vertical or east-west components) and distributed to users in comma-separated values format. Each point is associated with a time series of displacement, i.e. a plot with values of displacement per acquisition of the satellite. The product covers the Copernicus Participating States and United Kingdom.|The Ortho product is based on the decomposition of the Calibrated product to provide two discrete geospatial layers containing purely vertical (the one described in this metadata) and purely east-west displacements resampled to a 100 m grid. In summary, the process involves the following tasks: #i) identify all the cells with at least one measurement point per orbit, #ii) average the time series per orbit, #iii) interpolate ascending and descending time series to a common six-day sampling and #iv) estimate the vertical and east-west components following equations weighted on the estimated accuracy of the input measurements.
538ebcde-a5cb-4911-ab61-f97b661a3193|The European Ground Motion Service (EGMS) is a component of the Copernicus Land Monitoring Service. EGMS provides consistent, regular, standardised, harmonised and reliable information regarding natural and anthropogenic ground motion phenomena over the Copernicus Participating States and across national borders, with millimetre accuracy. ## This layer is produced based on GNSS data from various sources, with the EUREF Densification network as the main entry point. After filtering and quality control, a total of 3770 stations are used to generate the GNSS model which contains average velocities in east, north and up directions displayed on a 50-km grid. The grid dimension is determined by the average distance between well-maintained GNSS stations over continental Europe.#The GNSS model is distributed to users in a single comma-separated values file. Each cell of the model is associated to a value of vertical and horizontal velocity. The product covers the Copernicus Participating States (except for DROMs) and United Kingdom.|The GNSS model is obtained from the analysis of 3770 GNSS stations mainly part of the EUREF Densification network. The stations were selected based on the following criteria: #i) minimum length of time series >3 years, #ii) stations should not record time series with artificial artifacts and #iii) stations should not record strong non-linear motion except for seasonality. #The GNSS model is then derived following the least-squares collocation concept. The principle behind this approach is to use the correlations of GNSS station velocities to predict new values at any new point within the covered area, together with associated uncertainties.
8780c353-e01e-4b51-bbb3-e1e01a597033|The European Ground Motion Service (EGMS) is a component of the Copernicus Land Monitoring Service. EGMS provides consistent, regular, standardised, harmonised and reliable information regarding natural and anthropogenic ground motion phenomena over the Copernicus Participating States and across national borders, with millimetre accuracy. ## This layer is produced based on GNSS data from various sources, with the EUREF Densification network as the main entry point. After filtering and quality control, a total of 3770 stations are used to generate the GNSS model which contains average velocities in east, north and up directions displayed on a 50-km grid. The grid dimension is determined by the average distance between well-maintained GNSS stations over continental Europe.#The GNSS model is distributed to users in a single comma-separated values file. Each cell of the model is associated to a value of vertical and horizontal velocity. The product covers the Copernicus Participating States (except for DROMs) and United Kingdom.|The GNSS model is obtained from the analysis of 3770 GNSS stations mainly part of the EUREF Densification network. The stations were selected based on the following criteria: #i) minimum length of time series >3 years, #ii) stations should not record time series with artificial artifacts and #iii) stations should not record strong non-linear motion except for seasonality. #The GNSS model is then derived following the least-squares collocation concept. The principle behind this approach is to use the correlations of GNSS station velocities to predict new values at any new point within the covered area, together with associated uncertainties.
a1db49f0-1ca1-40fe-8307-16f8f8e38a0f|The Minimum Value (MINV), one of the Vegetation Phenology and Productivity (VPP) parameters, is a product of the pan-European High Resolution Vegetation Phenology and Productivity (HR-VPP) component of the Copernicus Land Monitoring Service (CLMS).##The Minimum Value (MINV) is the average Plant Phenology Index (PPI) value of the minima before the growing season.##The Plant Phenology Index (PPI) is a physically based vegetation index, developed for improving the monitoring of the vegetation growth cycle. The PPI index values, with 5-day satellite revisit cycle, are first used in a function fitting to derive the PPI Seasonal Trajectories, which is a filtered time series with regular 10-day time step. From these Seasonal Trajectories, a suite of 13 Vegetation Phenology and Productivity (VPP) parameters are then computed and provided, for up to two seasons each year. The Minimum Value is one of the 13 parameters.##A complementary quality indicator (QFLAG) provides a confidence level, that is described in table 4 of the same manual.##The MINV dataset is made available as raster files with 10 x 10m resolution, in UTM/WGS84 projection corresponding to the Sentinel-2 tiling grid, for those tiles that cover the EEA38 countries and the United Kingdom and for two seasons in each year from 2017 onwards. It is updated in the first quarter of each year.|Vegetation Phenology and Productivity parameters (VPP) are based on Plant Phenology Index (PPI) seasonal trajectories and are yearly produced for two seasons using the Timesat software. One of the parameters is the average PPI value of minima before the growing season (Minimum Value - MINV).
430c008c-7298-473e-a4b0-7c0a287446a6|The Season Length (LENGTH), one of the Vegetation Phenology and Productivity (VPP) parameters, is a product of the pan-European High Resolution Vegetation Phenology and Productivity (HR-VPP) component of the Copernicus Land Monitoring Service (CLMS).##The Season Length is the number of days between the start and end dates of the vegetation growing season in the time profile of the Plant Phenology Index (PPI).##The Plant Phenology Index (PPI) is a physically based vegetation index, developed for improving the monitoring of the vegetation growth cycle. The PPI index values, with 5-day satellite revisit cycle, are first used in a function fitting to derive the PPI Seasonal Trajectories, which is a filtered time series with regular 10-day time step. From these Seasonal Trajectories, a suite of 13 Vegetation Phenology and Productivity (VPP) parameters are then computed and provided, for up to two seasons each year. The Season Length is one of the 13 parameters.##A complementary quality indicator (QFLAG) provides a confidence level, that is described in table 4 of the same manual.##The LENGTH dataset is made available as raster files with 10 x 10m resolution, in UTM/WGS84 projection corresponding to the Sentinel-2 tiling grid, for those tiles that cover the EEA38 countries and the United Kingdom and for two seasons in each year from 2017 onwards. It is updated in the first quarter of each year.|Vegetation Phenology and Productivity parameters (VPP) are based on Plant Phenology Index (PPI) seasonal trajectories and are yearly produced for two seasons using the Timesat software. One of the parameters is the the number of days between the start and end dates of the vegetation growing season (season length - LENGTH). The related start and end dates and the PPI values for those dates are available as well.
201ee90c-1971-4bdc-855e-9c9bcbc2c647|The Season Amplitude (AMPL), one of the Vegetation Phenology and Productivity (VPP) parameters, is a product of the pan-European High Resolution Vegetation Phenology and Productivity (HR-VPP) component of the Copernicus Land Monitoring Service (CLMS).##The Season Amplitude (AMPL) is the difference between the maximum and minimum Plant Phenology Index (PPI) values reached during the season. ##The Plant Phenology Index (PPI) is a physically based vegetation index, developed for improving the monitoring of the vegetation growth cycle. The PPI index values, with 5-day satellite revisit cycle, are first used in a function fitting to derive the PPI Seasonal Trajectories, which is a filtered time series with regular 10-day time step. From these Seasonal Trajectories, a suite of 13 Vegetation Phenology and Productivity (VPP) parameters are then computed and provided, for up to two seasons each year. The Amplitude is one of the 13 parameters.##A complementary quality indicator (QFLAG) provides a confidence level, that is described in table 4 of the same manual. ##The AMPL dataset is made available as raster files with 10 x 10m resolution, in UTM/WGS84 projection corresponding to the Sentinel-2 tiling grid, for those tiles that cover the EEA38 countries and the United Kingdom and for two seasons in each year from 2017 onwards. It is updated in the first quarter of each year.|Vegetation Phenology and Productivity parameters (VPP) are based on Plant Phenology Index (PPI) seasonal trajectories and are yearly produced for two seasons using the Timesat software. One of the parameters is the Seasonal Amplitude (AMPL), the difference between the maximum PPI value of the season (MAXV, also referred to as peak value) and the minimum PPI value of the season (MINV, aka base Value). Both MINV and MAXV values are provided as well.
50c90c7c-2e1c-4894-8c0d-b9e1ec4457c6|The End-of-Season Value (EOSV), one of the Vegetation Phenology and Productivity (VPP) parameters, is a product of the pan-European High Resolution Vegetation Phenology and Productivity (HR-VPP) component of the Copernicus Land Monitoring Service (CLMS).##The End-of-Season Value (EOSV) provides the value of the Plant Phenology Index (PPI) at the end of the vegetation growing season.##The Plant Phenology Index (PPI) is a physically based vegetation index, developed for improving the monitoring of the vegetation growth cycle. The PPI index values, with 5-day satellite revisit cycle, are first used in a function fitting to derive the PPI Seasonal Trajectories, which is a filtered time series with regular 10-day time step. From these Seasonal Trajectories, a suite of 13 Vegetation Phenology and Productivity (VPP) parameters are then computed and provided, for up to two seasons each year. The End-of-Season Value is one of the 13 parameters.##A complementary quality indicator (QFLAG) provides a confidence level, that is described in table 4 of the same manual.##The EOSV dataset is made available as raster files with 10 x 10m resolution, in UTM/WGS84 projection corresponding to the Sentinel-2 tiling grid, for those tiles that cover the EEA38 countries and the United Kingdom and for two seasons in each year from 2017 onwards. It is updated in the first quarter of each year.|Vegetation Phenology and Productivity parameters (VPP) are based on Plant Phenology Index (PPI) seasonal trajectories and are yearly produced for two seasons using the Timesat software. One of the parameters is PPI value at the end date of the vegetation growing season (End-of-Season Value - EOSV). The related date and slope (rate of PPI value change) at end-of-season are available as well.
774f56fc-e0e3-4918-aaea-c181bab0c2a3|The Season Maximum Value (MAXV), one of the Vegetation Phenology and Productivity (VPP) parameters, is a product of the pan-European High Resolution Vegetation Phenology and Productivity (HR-VPP) component of the Copernicus Land Monitoring Service (CLMS).##The Season Maximum Value (MAXV) provides the maximum (peak) value that the Plant Phenology Index (PPI) reaches during the vegetation growing season. ##The Plant Phenology Index (PPI) is a physically based vegetation index, developed for improving the monitoring of the vegetation growth cycle. The PPI index values, with 5-day satellite revisit cycle, are first used in a function fitting to derive the PPI Seasonal Trajectories, which is a filtered time series with regular 10-day time step. From these Seasonal Trajectories, a suite of 13 Vegetation Phenology and Productivity (VPP) parameters are then computed and provided, for up to two seasons each year. The Season Maximum Value is one of the 13 parameters.##A complementary quality indicator (QFLAG) provides a confidence level, that is described in table 4 of the same manual.##The MAXV dataset is made available as raster files with 10 x 10m resolution, in UTM/WGS84 projection corresponding to the Sentinel-2 tiling grid, for those tiles that cover the EEA38 countries and the United Kingdom and for two seasons in each year from 2017 onwards. It is updated in the first quarter of each year.|Vegetation Phenology and Productivity parameters (VPP) are based on Plant Phenology Index (PPI) seasonal trajectories and are yearly produced for two seasons using the Timesat software. One of the parameters is the PPI value at the maximum (peak) of the vegetation growing season (Season Maximum Value - MAXV). The related date when the maximum is reached and the season minimum value are available as well.
21807826-d6ef-4aaa-b9c1-2cd1691ba966|The End-of-Season Date (EOSD), one of the Vegetation Phenology and Productivity (VPP) parameters, is a product of the pan-European High Resolution Vegetation Phenology and Productivity (HR-VPP) component of the Copernicus Land Monitoring Service (CLMS).##The End-of-Season Date (EOSD) marks the date when the vegetation growing season ends in the time profile of the Plant Phenology Index (PPI). The end-of-season occurs, by definition, when the PPI value reaches 15% of the season amplitude during the green-down period.##The Plant Phenology Index (PPI) is a physically based vegetation index, developed for improving the monitoring of the vegetation growth cycle. The PPI index values, with 5-day satellite revisit cycle, are first used in a function fitting to derive the PPI Seasonal Trajectories, which is a filtered time series with regular 10-day time step. From these Seasonal Trajectories, a suite of 13 Vegetation Phenology and Productivity (VPP) parameters are then computed and provided, for up to two seasons each year. The End-of-Season Date is one of the 13 parameters.##A complementary quality indicator (QFLAG) provides a confidence level, that is described in table 4 of the same manual.##The EOSD dataset is made available as raster files with 10 x 10m resolution, in UTM/WGS84 projection corresponding to the Sentinel-2 tiling grid, for those tiles that cover the EEA38 countries and the United Kingdom and for two seasons in each year from 2017 onwards. It is updated in the first quarter of each year.|Vegetation Phenology and Productivity parameters (VPP) are based on Plant Phenology Index (PPI) seasonal trajectories and are yearly produced for two seasons using the Timesat software. One of the parameters is the end date of the vegetation growing season (End-of-Season Date - EOSD). The related PPI value and slope (rate of PPI change) for this date are available as well.
977e4bb8-407f-48ec-b4c4-403bca5a6a3b|The Total Productivity (TPROD), one of the Vegetation Phenology and Productivity (VPP) parameters, is a product of the pan-European High Resolution Vegetation Phenology and Productivity (HR-VPP) component of the Copernicus Land Monitoring Service (CLMS).##The Total Productivity (TPROD), or large integral, is the growing season integral computed as the sum of all daily Plant Phenology Index values between the dates of the season start (SOSD) and end (EOSD). ##The Plant Phenology Index (PPI) is a physically based vegetation index, developed for improving the monitoring of the vegetation growth cycle. The PPI index values, with 5-day satellite revisit cycle, are first used in a function fitting to derive the PPI Seasonal Trajectories, which is a filtered time series with regular 10-day time step. From these Seasonal Trajectories, a suite of 13 Vegetation Phenology and Productivity (VPP) parameters are then computed and provided, for up to two seasons each year. The Total Productivity is one of the 13 parameters.##A complementary quality indicator (QFLAG) provides a confidence level, that is described in table 4 of the same manual.##The TPROD dataset is made available as raster files with 10 x 10m resolution, in UTM/WGS84 projection corresponding to the Sentinel-2 tiling grid, for those tiles that cover the EEA38 countries and the United Kingdom and for two seasons in each year from 2017 onwards. It is updated in the first quarter of each year.|Vegetation Phenology and Productivity parameters (VPP) are based on Plant Phenology Index (PPI) seasonal trajectories and are yearly produced for two seasons using the Timesat software. One of the parameters is the Total Productivity (TPROD): the growing season integral computed as the sum of all daily PPI values between the dates of the season start (SOSD) and end (EOSD).
2512bab8-9221-422c-acbf-08167ed90649|This metadata refers to the Plant Phenology Index (PPI) Seasonal Trajectories, is one of the products of the pan-European High Resolution Vegetation Phenology and Productivity (HR-VPP) component of the Copernicus Land Monitoring Service (CLMS).##The Plant Phenology Index (PPI) is a physically based vegetation index for improved monitoring of plant phenology, that is developed from a simplified solution to the radiative transfer equation by Jin and Eklundh (2014) and that has a linear relationship with green leaf area index. The PPI Seasonal Trajectories (ST) product is derived from a TIMESAT-based function fitting of the time series of the PPI vegetation index and thus provides a filtered time series of Plant Phenology Index (PPI), with regular 10-day time step. ##The PPI dataset is made available as raster files with 10 x 10m resolution, in UTM/WGS84 projection corresponding to the Sentinel-2 tiling grid, for those tiles that cover the EEA38 countries and the United Kingdom and for the period from 2017 until today. It is updated in the first quarter of each year.##Each file has an associated quality indicator (QFLAG) that provides a confidence level.|Comprehensive information about the product and its documentation can be accessed by following the links provided in the Links section.
b11b3dcb-28dc-4f10-bd54-be0d50eb326a|The Start-of-Season Value (SOSV), one of the Vegetation Phenology and Productivity (VPP) parameters, is a product of the pan-European High Resolution Vegetation Phenology and Productivity (HR-VPP) component of the Copernicus Land Monitoring Service (CLMS).##The Start-of-Season Value (SOSV) provides the value of the Plant Phenology Index (PPI) at the start of the vegetation growing season. ##The Plant Phenology Index (PPI) is a physically based vegetation index, developed for improving the monitoring of the vegetation growth cycle. The PPI index values, with 5-day satellite revisit cycle, are first used in a function fitting to derive the PPI Seasonal Trajectories, which is a filtered time series with regular 10-day time step. From these Seasonal Trajectories, a suite of 13 Vegetation Phenology and Productivity (VPP) parameters are then computed and provided, for up to two seasons each year. The Start-of-Season Value is one of the 13 parameters.##A complementary quality indicator (QFLAG) provides a confidence level, that is described in table 4 of the same manual.##The SOSV dataset is made available as raster files with 10 x 10m resolution, in UTM/WGS84 projection corresponding to the Sentinel-2 tiling grid, for those tiles that cover the EEA38 countries and the United Kingdom and and for two seasons in each year from 2017 onwards. It is updated in the first quarter of each year.|Vegetation Phenology and Productivity parameters (VPP) are based on Plant Phenology Index (PPI) seasonal trajectories and are yearly produced for two seasons using the Timesat software. One of the parameters is PPI value at the start date of the vegetation growing season (Start-of-Season Value - SOSV). The related date and slope (rate of PPI value change) at start-of-season are available as well.
ecba54a6-bdc3-429e-8474-d8dcd0f20971|The Slope of the green-up period (Left Slope, LSLOPE), one of the Vegetation Phenology and Productivity (VPP) parameters, is a product of the pan-European High Resolution Vegetation Phenology and Productivity (HR-VPP) component of the Copernicus Land Monitoring Service (CLMS).##The slope of the green-up period (LSLOPE) expresses the rate of change in the values of the Plant Phenology Index (PPI) at the day when the vegetation growing season starts.##The Plant Phenology Index (PPI) is a physically based vegetation index, developed for improving the monitoring of the vegetation growth cycle. The PPI index values, with 5-day satellite revisit cycle, are first used in a function fitting to derive the PPI Seasonal Trajectories, which is a filtered time series with regular 10-day time step. From these Seasonal Trajectories, a suite of 13 Vegetation Phenology and Productivity (VPP) parameters are then computed and provided, for up to two seasons each year. The green-up period slope is one of the 13 parameters.##A complementary quality indicator (QFLAG) provides a confidence level, that is described in table 4 of the same manual.##The LSLOPE dataset is made available as raster files with 10 x 10m resolution, in UTM/WGS84 projection corresponding to the Sentinel-2 tiling grid, for those tiles that cover the EEA38 countries and the United Kingdom and for two seasons in each year from 2017 onwards. It is updated in the first quarter of each year.|Vegetation Phenology and Productivity parameters (VPP) are based on Plant Phenology Index (PPI) seasonal trajectories and are yearly produced for two seasons using the Timesat software. One of the parameters is the slope of the green-up period (Left Slope - LSLOPE), that expresses the rate of PPI value change at the day when the growing season starts. The date and PPI value for the season start are available as well.
a04554dd-74be-4ce7-8dfc-5effca405eaa|The slope of the green-down or senescent period (Right Slope, RSLOPE), one of the Vegetation Phenology and Productivity (VPP) parameters, is a product of the pan-European High Resolution Vegetation Phenology and Productivity (HR-VPP) component of the Copernicus Land Monitoring Service (CLMS).##The slope of the green-down or senescent period (RSLOPE) expresses the rate of change in the values of the Plant Phenology Index (PPI) at the day when the vegetation growing season ends.##The Plant Phenology Index (PPI) is a physically based vegetation index, developed for improving the monitoring of the vegetation growth cycle. The PPI index values, with 5-day satellite revisit cycle, are first used in a function fitting to derive the PPI Seasonal Trajectories, which is a filtered time series with regular 10-day time step. From these Seasonal Trajectories, a suite of 13 Vegetation Phenology and Productivity (VPP) parameters are then computed and provided, for up to two seasons each year. The green-down period slope is one of the 13 parameters.##A complementary quality indicator (QFLAG) provides a confidence level, that is described in table 4 of the same manual.##The RSLOPE dataset is made available as raster files with 10 x 10m resolution, in UTM/WGS84 projection corresponding to the Sentinel-2 tiling grid, for those tiles that cover the EEA38 countries and the United Kingdom and for two seasons in each year from 2017 onwards. It is updated in the first quarter of each year.|Vegetation Phenology and Productivity parameters (VPP) are based on Plant Phenology Index (PPI) seasonal trajectories and are yearly produced for two seasons using the Timesat software. One of the parameters is the slope of the green-down period (Right Slope - RSLOPE), that expresses the slope or rate of change in the PPI vegetation index values at the day when the season ends. The date and PPI value for the season end are available as well.
c1c46cb2-b02b-4013-aae5-a54a8c018b1e|The Start-of-Season Date (SOSD), one of the Vegetation Phenology and Productivity (VPP) parameters, is a product of the pan-European High Resolution Vegetation Phenology and Productivity (HR-VPP) component of the Copernicus Land Monitoring Service (CLMS).##The Start-of-Season Date (SOSD) marks the date when the vegetation growing season starts in the time profile of the Plant Phenology Index (PPI). The start-of-season occurs, by definition, when the PPI value reaches 25% of the season amplitude during the green-up period.##The Plant Phenology Index (PPI) is a physically based vegetation index, developed for improving the monitoring of the vegetation growth cycle. The PPI index values, with 5-day satellite revisit cycle, are first used in a function fitting to derive the PPI Seasonal Trajectories, which is a filtered time series with regular 10-day time step. From these Seasonal Trajectories, a suite of 13 Vegetation Phenology and Productivity (VPP) parameters are then computed and provided, for up to two seasons each year. The Start-of-Season Date is one of the 13 parameters.##A complementary quality indicator (QFLAG) provides a confidence level, that is described in table 4 of the same manual.##The SOSD dataset is made available as raster files with 10 x 10m resolution, in UTM/WGS84 projection corresponding to the Sentinel-2 tiling grid, for those tiles that cover the EEA38 countries and the United Kingdom and for two seasons in each year from 2017 onwards. It is updated in the first quarter of each year.|Vegetation Phenology and Productivity parameters (VPP) are based on Plant Phenology Index (PPI) seasonal trajectories and are yearly produced for two seasons using the Timesat software. One of the parameters is the start date of the vegetation growing season (Start-of-Season Date - SOSD). The related PPI value and slope (rate of PPI change) for this date are available as well.
e2f5fae4-7efc-440b-b04f-4f6ee1c48e69|The Season Maximum Date (MAXD), one of the Vegetation Phenology and Productivity (VPP) parameters, is a product of the pan-European High Resolution Vegetation Phenology and Productivity (HR-VPP) component of the Copernicus Land Monitoring Service (CLMS).##The Season Maximum Date (MAXD) is the date in the vegetation growing season when the maximum Plant Phenology Index (PPI) value is reached.##The Plant Phenology Index (PPI) is a physically based vegetation index, developed for improving the monitoring of the vegetation growth cycle. The PPI index values, with 5-day satellite revisit cycle, are first used in a function fitting to derive the PPI Seasonal Trajectories, which is a filtered time series with regular 10-day time step. From these Seasonal Trajectories, a suite of 13 Vegetation Phenology and Productivity (VPP) parameters are then computed and provided, for up to two seasons each year. The Season Maximum Date is one of the 13 parameters.##A complementary quality indicator (QFLAG) provides a confidence level, that is described in table 4 of the same manual.##The MAXD dataset is made available as raster files with 10 x 10m resolution, in UTM/WGS84 projection corresponding to the Sentinel-2 tiling grid, for those tiles that cover the EEA38 countries and the United Kingdom and for two seasons in each year from 2017 onwards. It is updated in the first quarter of each year.|Vegetation Phenology and Productivity parameters (VPP) are based on Plant Phenology Index (PPI) seasonal trajectories and are yearly produced for two seasons using the Timesat software. One of the parameters is the date in the vegetation growing season when the maximum PPI value is reached (Season Maximum Date - MAXD). The related PPI value for this date and season minimum value are available as well.
f0fd46fb-bd19-4e37-b6be-a3f75c84ccb9|The pan-European High Resolution (HR) Image Mosaic 2018 provides cloud-free high resolution false colour imagery for EEA39 countries. The mosaic has been produced using Sentinel-2 data in 10 meter resolution, at a Sentinel 2 tile level, and consists of 1079 Sentinel-2 tiles. The imagery for each state is acquired within a predefined window corresponding to the vegetation season in 2018.##The false colour composite consists of a three band stack and includes the following bands:#Band 8 – NIR (0.842 μm)#Band 4 – Red (0.665 μm)#Band 3 – Green (0.560 μm)##The mosaic primarily is used as input data in the production of various Copernicus Land Monitoring Service (CLMS) datasets and services, such as land cover maps and high resolution layers on land cover characteristic and can be also useful for CLMS users for visualizations and classifications on land.## can be also used to automatically create mosaics over the area of interest.|Presence of perennial snow and glaciers is to be expected in products.#Haze: acceptability assessed by EEA.#The sun elevation angle is higher than 20° to ensure sufficient illumination and to minimize the effect of shadows#The off-nadir viewing angle is less than 25°.#Pixel alignment: The values of the coordinates for the upper-left corner (x and y) of the upper-left pixel of an image dataset shall be an integer multiple of the pixel size (resolution) in the corresponding direction (x and y)#Time window:#A narrow time window for the 2018 growing season was respected where possible. If too many clouds, gaps, or cloud shadow artefacts were observed in the tile, the time window was extended to utilize a slightly wider time window. This was fully utilized in Iceland and the UK and Ireland. Various other tiles within the dataset were also processed using the wide time window. Iceland was an extreme case, and around Vatnajökull National Park data from 2017 was used to gapfill. In this area the 2018 composite was overlayed on top of a clearest image from 2017 to avoid no-data gaps. The 2017 and 2019 data usage is minimal throughout the coverage.
f97a2763-748c-4687-a141-685e954eb2dd|The pan-European High Resolution (HR) Image Mosaic 2018 provides cloud-free high resolution true colour imagery for EEA39 countries. The mosaic has been produced using Sentinel-2 data in 10 meter resolution, at a Sentinel 2 tile level, and consists of 1079 Sentinel-2 tiles. The imagery for each state is acquired within a predefined window corresponding to the vegetation season in 2018.##The true colour (RGB) composite consists of a three band stack and includes the following bands:#Band 4 – Red (0.665 μm)#Band 3 – Green (0.560 μm)#Band 2 – Blue (0.490 μm)##The mosaic primarily is used as input data in the production of various Copernicus Land Monitoring Service (CLMS) datasets and services, such as land cover maps and high resolution layers on land cover characteristic and can be also useful for CLMS users for visualizations and classifications on land.## can be also used to automatically create mosaics over the area of interest.|Presence of perennial snow and glaciers is to be expected in products.#Haze: acceptability assessed by EEA.#The sun elevation angle is higher than 20° to ensure sufficient illumination and to minimize the effect of shadows#The off-nadir viewing angle is less than 25°.#Pixel alignment: The values of the coordinates for the upper-left corner (x and y) of the upper-left pixel of an image dataset shall be an integer multiple of the pixel size (resolution) in the corresponding direction (x and y)#Time window:#A narrow time window for the 2018 growing season was respected where possible. If too many clouds, gaps, or cloud shadow artefacts were observed in the tile, the time window was extended to utilize a slightly wider time window. This was fully utilized in Iceland and the UK and Ireland. Various other tiles within the dataset were also processed using the wide time window. Iceland was an extreme case, and around Vatnajökull National Park data from 2017 was used to gapfill. In this area the 2018 composite was overlayed on top of a clearest image from 2017 to avoid no-data gaps. The 2017 and 2019 data usage is minimal throughout the coverage.
fc62ff38-d77b-452e-9878-acdd14f91b3b|The Copernicus Land Monitoring Service (CLMS) provides geographical information on land cover and its changes, land use, vegetation state, water cycle and earth surface energy variables to a broad range of users in Europe and across the world in the field of environmental terrestrial applications. CLMS is jointly implemented by the European Environment Agency and the European Commission DG Joint Research Centre (JRC).##Vegetation phenology is the description of periodic plant life cycle events across the growing seasons. Vegetation phenology with remote sensing is typically monitored by means of time series of vegetation indices. Vegetation indices address the amount of green biomass and allow the differentiation of the intensity of photosynthetic activity. This in turn depends on the plant functional types and dynamics during the growing season.##The MR-VPP product suite contains 2 product groups for 23 tiles, concluding to 1612 images per tile for the period 1.1.2000 to 31.12.2021. The three main groups of products, being (in order of production), are:#1) The raw Vegetation Index (VI). Plant Phenology Index (PPI);#2) The Vegetation Phenology Parameters (VPPs) product bundle are derived from the PPI index, on a yearly basis, after the end of the growing season. VPP metrics are provided for up to two growing seasons, being e.g. start of the season, end of season, seasonal productivity, etc.##The Medium-Resolution Vegetation Phenology and Productivity product suite is part of the European Union’s Copernicus Land Monitoring Service.##IMPORTANT: The full on-line access to open and free data for this resource will be made available in the second half of 2025.|
fa80d7e9-dd26-49fa-91f4-9ff4743f2b41|The Start-of-Season Value (SOSV), one of the Vegetation Phenology and Productivity (VPP) parameters, is a product of the pan-European Medium Resolution Vegetation Phenology and Productivity (MR-VPP) component of the Copernicus Land Monitoring Service (CLMS).##The Start-of-Season Value (SOSV) provides the value of the Plant Phenology Index (PPI) at the start of the vegetation growing season.##The Plant Phenology Index (PPI) is a physically based vegetation index, developed for improving the monitoring of the vegetation growth cycle. The PPI index values, with 5-day satellite revisit cycle, are first used in a function fitting to derive the PPI Seasonal Trajectories. From these Seasonal Trajectories, a suite of 13 Vegetation Phenology and Productivity (VPP) parameters are then computed and provided, for up to two seasons each year. The Start-of-Season Value (SOSV) is one of the 13 parameters.##The Start-of-Season Value (SOSV) time series dataset is made available as raster files with 500x 500m resolution, in ETRS89-LAEA projection corresponding to the MCD43 tiling grid, for those tiles that cover the EEA38 countries and the United Kingdom and for two seasons in each year from 2000 onwards. It is updated in the first quarter of each year.##The full on-line access to open and free data for this resource will be made available in the second half of 2025.|Vegetation Phenology and Productivity parameters (VPP) are based on Plant Phenology Index (PPI) seasonal trajectories and are yearly produced for two seasons using the Timesat software. One of the parameters is the Vegetation index value at SOSD: value at the day of start-of-season.
a7b2369b-dd62-4d02-99e2-e5d74a8ec83a|The raster file is the time series of the start of the vegetation growing season. The start of the growing season time-series is based on the time series of the Plant Phenology Index (PPI) derived from the MODIS BRDF-Adjusted Reflectance product (MODIS MCD43 NBAR). The PPI index is optimized for efficient monitoring of vegetation phenology and is derived from the source MODIS data using radiative transfer solutions applied to the reflectance in visible-red and near infrared spectral domains. The start of season indicator is based on calculating the start of the vegetation growing season from the annual PPI temporal curve using the TIMESAT software for each year between and including 2000 and 2021.##The Start-of-Season Date (SOSD), one of the Vegetation Phenology and Productivity (VPP) parameters, is a product of the pan-European High Resolution Vegetation Phenology and Productivity (HR-VPP) component of the Copernicus Land Monitoring Service (CLMS).##The Start-of-Season Date (SOSD) marks the date when the vegetation growing season starts in the time profile of the Plant Phenology Index (PPI). The start-of-season occurs, by definition, when the PPI value reaches 25% of the season amplitude during the green-up period.##The Plant Phenology Index (PPI) is a physically based vegetation index, developed for improving the monitoring of the vegetation growth cycle. The PPI index values, with 5-day satellite revisit cycle, are first used in a function fitting to derive the PPI Seasonal Trajectories. From these Seasonal Trajectories, a suite of 13 Vegetation Phenology and Productivity (VPP) parameters are then computed and provided, for up to two seasons each year. The Start-of-Season Date (SOSD) is one of the 13 parameters.##The Start-of-Season Date (SOSD) time series dataset is made available as raster files with 500x 500m resolution, in ETRS89-LAEA projection corresponding to the MCD43 tiling grid, for those tiles that cover the EEA38 countries and the United Kingdom and for two seasons in each year from 2000 onwards. It is updated in the first quarter of each year.##The full on-line access to open and free data for this resource will be made available in the second half of 2025.|Vegetation Phenology and Productivity parameters (VPP) are based on Plant Phenology Index (PPI) seasonal trajectories and are yearly produced for two seasons using the Timesat software. One of the parameters is the start date of the vegetation growing season (Start-of-Season Date - SOSD). The related PPI value and slope (rate of PPI change) for this date are available as well.
89931f75-901b-439e-ad45-2066e399471f|The small integral (SINT), one of the Vegetation Phenology and Productivity (VPP) parameters, is a product of the pan-European Medium Resolution Vegetation Phenology and Productivity (MR-VPP) component of the Copernicus Land Monitoring Service (CLMS).##The small integral (SINT) expresses the difference between the function describing the season and the base level from season start to season end.##The Plant Phenology Index (PPI) is a physically based vegetation index, developed for improving the monitoring of the vegetation growth cycle. The PPI index values, with 5-day satellite revisit cycle, are first used in a function fitting to derive the PPI Seasonal Trajectories. From these Seasonal Trajectories, a suite of 13 Vegetation Phenology and Productivity (VPP) parameters are then computed and provided, for up to two seasons each year. The small integral for the fitted function during the season is one of the 13 parameters.##The small integral time series dataset is made available as raster files with 500x 500m resolution, in ETRS89-LAEA projection corresponding to the MCD43 tiling grid, for those tiles that cover the EEA38 countries and the United Kingdom and for two seasons in each year from 2000 onwards. It is updated in the first quarter of each year.##The full on-line access to open and free data for this resource will be made available in the second half of 2025.|Vegetation Phenology and Productivity parameters (VPP) are based on Plant Phenology Index (PPI) seasonal trajectories and are yearly produced for two seasons using the Timesat software. One of the parameters is the small integral (SINT) that expresses the difference between the function describing the season and the base level from season start to season end.
3f0c293d-4442-42f1-923e-5269951554d1|The seasonal amplitude, one of the Vegetation Phenology and Productivity (VPP) parameters, is a product of the pan-European Medium Resolution Vegetation Phenology and Productivity (MR-VPP) component of the Copernicus Land Monitoring Service (CLMS).##The seasonal amplitude is the difference between the maximum and minimum Plant Phenology Index (PPI) values reached during the season.##The Plant Phenology Index (PPI) is a physically based vegetation index, developed for improving the monitoring of the vegetation growth cycle. The PPI index values, with 5-day satellite revisit cycle, are first used in a function fitting to derive the PPI Seasonal Trajectories. From these Seasonal Trajectories, a suite of 13 Vegetation Phenology and Productivity (VPP) parameters are then computed and provided, for up to two seasons each year. The seasonal amplitude) is one of the 13 parameters.##The seasonal amplitude time series dataset is made available as raster files with 500x 500m resolution, in ETRS89-LAEA projection corresponding to the MCD43 tiling grid, for those tiles that cover the EEA38 countries and the United Kingdom and for two seasons in each year from 2000 onwards. It is updated in the first quarter of each year.##The full on-line access to open and free data for this resource will be made available in the second half of 2025.|Vegetation Phenology and Productivity parameters (VPP) are based on Plant Phenology Index (PPI) seasonal trajectories and are yearly produced for two seasons using the Timesat software. One of the parameters is the seasonal amplitude which is the difference between the maximum and minimum Plant Phenology Index (PPI) values reached during the season.
14c9a652-cf8e-45cb-89fd-5bc5a2bd1d5d|The raster file is the temporal trend in the length of the vegetation growing season. The length of growing season data set is based on the time series of the Plant Phenology Index (PPI) derived from the MODIS BRDF-Adjusted Reflectance product (MODIS MCD43 NBAR). The PPI index is optimized for efficient monitoring of vegetation phenology and is derived from the source MODIS data using radiative transfer solutions applied to the reflectance in visible-red and near infrared spectral domains. The season length indicator is based on calculating the start and end of the growing season from the annual PPI temporal curve using the TIMESAT software for each year between and including 2000 and 2021. ##The Season Length (LENGTH), one of the Vegetation Phenology and Productivity (VPP) parameters, is a product of the pan-European High Resolution Vegetation Phenology and Productivity (HR-VPP) component of the Copernicus Land Monitoring Service (CLMS).##The Season Length is the number of days between the start and end dates of the vegetation growing season in the time profile of the Plant Phenology Index (PPI).##The Plant Phenology Index (PPI) is a physically based vegetation index, developed for improving the monitoring of the vegetation growth cycle. The PPI index values, with 5-day satellite revisit cycle, are first used in a function fitting to derive the PPI Seasonal Trajectories. From these Seasonal Trajectories, a suite of 13 Vegetation Phenology and Productivity (VPP) parameters are then computed and provided, for up to two seasons each year. The Season Length is one of the 13 parameters.##The Season Length time series dataset is made available as raster files with 500x 500m resolution, in ETRS89-LAEA projection corresponding to the MCD43 tiling grid, for those tiles that cover the EEA38 countries and the United Kingdom and for two seasons in each year from 2000 onwards. It is updated in the first quarter of each year.##The full on-line access to open and free data for this resource will be made available in the second half of 2025.|Vegetation Phenology and Productivity parameters (VPP) are based on Plant Phenology Index (PPI) seasonal trajectories and are yearly produced for two seasons using the Timesat software. One of the parameters is the the number of days between the start and end dates of the vegetation growing season (season length - LENGTH). The related start and end dates and the PPI values for those dates are available as well.
080f0101-b60a-45c8-810f-90b21d36d64c|The increase rate, one of the Vegetation Phenology and Productivity (VPP) parameters, is a product of the pan-European Medium Resolution Vegetation Phenology and Productivity (MR-VPP) component of the Copernicus Land Monitoring Service (CLMS).##The increase rate at the end of the season (decrease rate) expresses the rate of change in the values of the Plant Phenology Index (PPI) at the day when the vegetation growing season starts. It is calculated as the ratio of the difference between the left 20 % and 80 % levels and the corresponding time difference.##The Plant Phenology Index (PPI) is a physically based vegetation index, developed for improving the monitoring of the vegetation growth cycle. The PPI index values, with 5-day satellite revisit cycle, are first used in a function fitting to derive the PPI Seasonal Trajectories. From these Seasonal Trajectories, a suite of 13 Vegetation Phenology and Productivity (VPP) parameters are then computed and provided, for up to two seasons each year. The increase rate is one of the 13 parameters.##The increase rate time series dataset is made available as raster files with 500x 500m resolution, in ETRS89-LAEA projection corresponding to the MCD43 tiling grid, for those tiles that cover the EEA38 countries and the United Kingdom and for two seasons in each year from 2000 onwards. It is updated in the first quarter of each year.##The full on-line access to open and free data for this resource will be made available in the second half of 2025.|Vegetation Phenology and Productivity parameters (VPP) are based on Plant Phenology Index (PPI) seasonal trajectories and are yearly produced for two seasons using the Timesat software. One of the parameters is the increase rate at the end of the season (decrease rate) expresses the rate of change in the values of the Plant Phenology Index (PPI) at the day when the vegetation growing season starts. It is calculated as the ratio of the difference between the left 20 % and 80 % levels and the corresponding time difference.
5b30f8ee-f5e3-4890-894a-eaff8497e2bd|The decrease rate, one of the Vegetation Phenology and Productivity (VPP) parameters, is a product of the pan-European Medium Resolution Vegetation Phenology and Productivity (MR-VPP) component of the Copernicus Land Monitoring Service (CLMS).##The decrease rate at the end of the season (decrease rate) expresses the rate of change in the values of the Plant Phenology Index (PPI) at the day when the vegetation growing season ends. It is calculated as the absolute value of the ratio of the difference between the right 20 % and 80% levels and the corresponding time difference. ##The Plant Phenology Index (PPI) is a physically based vegetation index, developed for improving the monitoring of the vegetation growth cycle. The PPI index values, with 5-day satellite revisit cycle, are first used in a function fitting to derive the PPI Seasonal Trajectories. From these Seasonal Trajectories, a suite of 13 Vegetation Phenology and Productivity (VPP) parameters are then computed and provided, for up to two seasons each year. The decrease rate at the end of the season (decrease rate) is one of the 13 parameters.##The decrease rate at the end of the season (decrease rate) time series dataset is made available as raster files with 500x 500m resolution, in ETRS89-LAEA projection corresponding to the MCD43 tiling grid, for those tiles that cover the EEA38 countries and the United Kingdom and for two seasons in each year from 2000 onwards. It is updated in the first quarter of each year.##The full on-line access to open and free data for this resource will be made available in the second half of 2025.|Vegetation Phenology and Productivity parameters (VPP) are based on Plant Phenology Index (PPI) seasonal trajectories and are yearly produced for two seasons using the Timesat software. One of the parameters is the decrease rate at the end of the season (decrease rate) expressing the rate of change in the values of the Plant Phenology Index (PPI) at the day when the vegetation growing season ends. It is calculated as the absolute value of the ratio of the difference between the right 20 % and 80% levels and the corresponding time difference.
de0bc1e4-5b32-44fa-9690-1eb9e64aff9d|This metadata refers to the Plant Phenology Index (PPI) dataset, one of the near real-time (NRT) Vegetation Index products of the pan-European Medium Resolution Vegetation Phenology and Productivity (MR-VPP), component of the Copernicus Land Monitoring Service (CLMS).##The Plant Phenology Index (PPI) is a physically based vegetation index for improved monitoring of plant phenology, that is developed from a simplified solution to the radiative transfer equation by Jin and Eklundh (2014). PPI has a linear relationship with green leaf area index, a strong correlation with gross primary productivity, and is capable of disentangling remotely sensed plant phenology from snow seasonality. It is reported to be superior to other indices for spring phenology retrieval over the northern latitudes and for GPP estimation in African semi-arid ecosystems. Comparison of satellite-derived PPI to ground observations of plant phenology and gross primary productivity (GPP) shows strong similarity of temporal patterns over several Nordic boreal forest sites.##The PPI time series dataset is made available as raster files with 500 x 500m resolution, in ETRS89-LAEA projection corresponding to the MCD43 tiling grid, for those tiles that cover the EEA38 countries and the United Kingdom and for the period from January 2000 until today.##The full on-line access to open and free data for this resource will be made available in the second half of 2025.|Vegetation Phenology and Productivity parameters (VPP) are based on Plant Phenology Index (PPI) seasonal trajectories and are yearly produced for two seasons using the Timesat software. The Plant Phenology Index (PPI) is a physically based vegetation index for improved monitoring of plant phenology, that is developed from a simplified solution to the radiative transfer equation by Jin and Eklundh (2014). PPI has a linear relationship with green leaf area index, a strong correlation with gross primary productivity, and is capable of disentangling remotely sensed plant phenology from snow seasonality. It is reported to be superior to other indices for spring phenology retrieval over the northern latitudes and for GPP estimation in African semi-arid ecosystems.
84b90dc0-9c84-433c-896f-e686bde561f0|The peak of season (POS), one of the Vegetation Phenology and Productivity (VPP) parameters, is a product of the pan-European Medium Resolution Vegetation Phenology and Productivity (MR-VPP) component of the Copernicus Land Monitoring Service (CLMS).##The peak of season (POS) expresses the maximum Plant Phenology Index (PPI) values reached during the season. It is computed as the mean value of the times for which, respectively, the left edge has increased to the 80 % level and the right edge has decreased to the 80 % level.##The Plant Phenology Index (PPI) is a physically based vegetation index, developed for improving the monitoring of the vegetation growth cycle. The PPI index values, with 5-day satellite revisit cycle, are first used in a function fitting to derive the PPI Seasonal Trajectories. From these Seasonal Trajectories, a suite of 13 Vegetation Phenology and Productivity (VPP) parameters are then computed and provided, for up to two seasons each year. The peak of season (POS) is one of the 13 parameters.##The peak of season (POS) time series dataset is made available as raster files with 500x 500m resolution, in ETRS89-LAEA projection corresponding to the MCD43 tiling grid, for those tiles that cover the EEA38 countries and the United Kingdom and for two seasons in each year from 2000 onwards. It is updated in the first quarter of each year.##The full on-line access to open and free data for this resource will be made available in the second half of 2025.|Vegetation Phenology and Productivity parameters (VPP) are based on Plant Phenology Index (PPI) seasonal trajectories and are yearly produced for two seasons using the Timesat software. One of the parameters is the peak of season (POS) expressing the maximum Plant Phenology Index (PPI) values reached during the season. It is computed as the mean value of the times for which, respectively, the left edge has increased to the 80 % level and the right edge has decreased to the 80 % level.
4388833f-2ae8-4d76-8a4b-7daaf78da2de|The largest value for the fitted function during the season, one of the Vegetation Phenology and Productivity (VPP) parameters, is a product of the pan-European Medium Resolution Vegetation Phenology and Productivity (MR-VPP) component of the Copernicus Land Monitoring Service (CLMS).##The largest value for the fitted function during the season expresses the highest value of the season but may occur on a different date than the peak of season.##The Plant Phenology Index (PPI) is a physically based vegetation index, developed for improving the monitoring of the vegetation growth cycle. The PPI index values, with 5-day satellite revisit cycle, are first used in a function fitting to derive the PPI Seasonal Trajectories. From these Seasonal Trajectories, a suite of 13 Vegetation Phenology and Productivity (VPP) parameters are then computed and provided, for up to two seasons each year. The largest value for the fitted function during the season is one of the 13 parameters.##The largest value time series dataset is made available as raster files with 500x 500m resolution, in ETRS89-LAEA projection corresponding to the MCD43 tiling grid, for those tiles that cover the EEA38 countries and the United Kingdom and for two seasons in each year from 2000 onwards. It is updated in the first quarter of each year.##The full on-line access to open and free data for this resource will be made available in the second half of 2025.|Vegetation Phenology and Productivity parameters (VPP) are based on Plant Phenology Index (PPI) seasonal trajectories and are yearly produced for two seasons using the Timesat software. One of the parameters is the PPI value at the maximum (peak) of the vegetation growing season (Largest value for the fitted function during the season). The related date when the maximum is reached and the season minimum value are available as well.
aae5abaa-a796-4aa6-9b1f-1f87449b1467|The raster file is the temporal trend in above ground vegetation biomass productivity. The vegetation productivity dataset is based on the time series of the Plant Phenology Index (PPI) derived from the MODIS BRDF-Adjusted Reflectance product (MODIS MCD43 NBAR). The PPI index is optimized for efficient monitoring of vegetation phenology and is derived from the source MODIS data using radiative transfer solutions applied to the reflectance in visible-red and near infrared spectral domains. The productivity indicator is based on calculating the area under the PPI temporal curve above the baseline (large integral - LINT) using the TIMESAT software for each year between and including 2000 and 2021.##The Total Productivity (TPROD), one of the Vegetation Phenology and Productivity (VPP) parameters, is a product of the pan-European High Resolution Vegetation Phenology and Productivity (HR-VPP) component of the Copernicus Land Monitoring Service (CLMS).##The Total Productivity (TPROD), or large integral, is the growing season integral computed as the sum of all daily Plant Phenology Index values between the dates of the season start (SOSD) and end (EOSD).##The Plant Phenology Index (PPI) is a physically based vegetation index, developed for improving the monitoring of the vegetation growth cycle. The PPI index values, with 5-day satellite revisit cycle, are first used in a function fitting to derive the PPI Seasonal Trajectories. From these Seasonal Trajectories, a suite of 13 Vegetation Phenology and Productivity (VPP) parameters are then computed and provided, for up to two seasons each year. The Total Productivity (TPROD) is one of the 13 parameters.##The Total Productivity (TPROD) time series dataset is made available as raster files with 500x 500m resolution, in ETRS89-LAEA projection corresponding to the MCD43 tiling grid, for those tiles that cover the EEA38 countries and the United Kingdom and for two seasons in each year from 2000 onwards. It is updated in the first quarter of each year.##The full on-line access to open and free data for this resource will be made available in the second half of 2025.|Vegetation Phenology and Productivity parameters (VPP) are based on Plant Phenology Index (PPI) seasonal trajectories and are yearly produced for two seasons using the Timesat software. One of the parameters is the Total Productivity (TPROD): the growing season integral computed as the sum of all daily PPI values between the dates of the season start (SOSD) and end (EOSD).
ab23f789-4810-4e9b-9ad5-0c4009d0abfc|The End-of-Season Value (EOSV), one of the Vegetation Phenology and Productivity (VPP) parameters, is a product of the pan-European Medium Resolution Vegetation Phenology and Productivity (MR-VPP) component of the Copernicus Land Monitoring Service (CLMS).##The End-of-Season Value (EOSV) provides the value of the Plant Phenology Index (PPI) at the end of the vegetation growing season.##The Plant Phenology Index (PPI) is a physically based vegetation index, developed for improving the monitoring of the vegetation growth cycle. The PPI index values, with 5-day satellite revisit cycle, are first used in a function fitting to derive the PPI Seasonal Trajectories. From these Seasonal Trajectories, a suite of 13 Vegetation Phenology and Productivity (VPP) parameters are then computed and provided, for up to two seasons each year. The End-of-Season Value (EOSV) is one of the 13 parameters.##The End-of-Season Value (EOSV) time series dataset is made available as raster files with 500x 500m resolution, in ETRS89-LAEA projection corresponding to the MCD43 tiling grid, for those tiles that cover the EEA38 countries and the United Kingdom and for two seasons in each year from 2000 onwards. It is updated in the first quarter of each year.##The full on-line access to open and free data for this resource will be made available in the second half of 2025.|Vegetation Phenology and Productivity parameters (VPP) are based on Plant Phenology Index (PPI) seasonal trajectories and are yearly produced for two seasons using the Timesat software. One of the parameters is the end date of the vegetation growing season (End-of-Season Date - EOSD). The related PPI value and slope (rate of PPI change) for this date are available as well.
a3cfb2c4-156a-413c-a73b-15ebbb016557|The raster file is the time series of the end of the vegetation growing season. The end of the growing season time-series is based on the time series of the Plant Phenology Index (PPI) derived from the MODIS BRDF-Adjusted Reflectance product (MODIS MCD43 NBAR). The PPI index is optimized for efficient monitoring of vegetation phenology and is derived from the source MODIS data using radiative transfer solutions applied to the reflectance in visible-red and near infrared spectral domains. The end of season indicator is based on calculating the end of the vegetation growing season from the annual PPI temporal curve using the TIMESAT software for each year between and including 2000 and 2021.##The End-of-Season Date (EOSD), one of the Vegetation Phenology and Productivity (VPP) parameters, is a product of the pan-European High Resolution Vegetation Phenology and Productivity (HR-VPP) component of the Copernicus Land Monitoring Service (CLMS).##The End-of-Season Date (EOSD) marks the date when the vegetation growing season ends in the time profile of the Plant Phenology Index (PPI). The end-of-season occurs, by definition, when the PPI value reaches 15% of the season amplitude during the green-down period.##The Plant Phenology Index (PPI) is a physically based vegetation index, developed for improving the monitoring of the vegetation growth cycle. The PPI index values, with 5-day satellite revisit cycle, are first used in a function fitting to derive the PPI Seasonal Trajectories. From these Seasonal Trajectories, a suite of 13 Vegetation Phenology and Productivity (VPP) parameters are then computed and provided, for up to two seasons each year. The End-of-Season Date (EOSD) is one of the 13 parameters.##The End-of-Season Date (EOSD) time series dataset is made available as raster files with 500x 500m resolution, in ETRS89-LAEA projection corresponding to the MCD43 tiling grid, for those tiles that cover the EEA38 countries and the United Kingdom and for two seasons in each year from 2000 onwards. It is updated in the first quarter of each year.##The full on-line access to open and free data for this resource will be made available in the second half of 2025.|Vegetation Phenology and Productivity parameters (VPP) are based on Plant Phenology Index (PPI) seasonal trajectories and are yearly produced for two seasons using the Timesat software. One of the parameters is the end date of the vegetation growing season (End-of-Season Date - EOSD). The related PPI value and slope (rate of PPI change) for this date are available as well.
4dc0e19a-cf33-4f03-af58-dbe537817249|The Base Level Value (Base level), one of the Vegetation Phenology and Productivity (VPP) parameters, is a product of the pan-European Medium Resolution Vegetation Phenology and Productivity (MR-VPP) component of the Copernicus Land Monitoring Service (CLMS).##The Base Level Value (Base level) is the average Plant Phenology Index (PPI) value of the minima before and after the growing season.##The Plant Phenology Index (PPI) is a physically based vegetation index, developed for improving the monitoring of the vegetation growth cycle. The PPI index values, with 5-day satellite revisit cycle, are first used in a function fitting to derive the PPI Seasonal Trajectories. From these Seasonal Trajectories, a suite of 13 Vegetation Phenology and Productivity (VPP) parameters are then computed and provided, for up to two seasons each year. The Base Level Value (Base level) is one of the 13 parameters.##The Base Level Value (Base level) time series dataset is made available as raster files with 500x 500m resolution, in ETRS89-LAEA projection corresponding to the MCD43 tiling grid, for those tiles that cover the EEA38 countries and the United Kingdom and for two seasons in each year from 2000 onwards. It is updated in the first quarter of each year.##The full on-line access to open and free data for this resource will be made available in the second half of 2025.|Vegetation Phenology and Productivity parameters (VPP) are based on Plant Phenology Index (PPI) seasonal trajectories and are yearly produced for two seasons using the Timesat software. One of the parameters is the average PPI value of minima before the growing season.
f276b6bf-f03d-4d57-9752-d0ae79ff1df3|The Quality Flag (QFLAG), one of the Vegetation Phenology and Productivity (VPP) parameters, is a product of the pan-European High Resolution Vegetation Phenology and Productivity (HR-VPP) component of the Copernicus Land Monitoring Service (CLMS).##The Plant Phenology Index (PPI) is a physically based vegetation index, developed for improving the monitoring of the vegetation growth cycle. The PPI index values, with 5-day satellite revisit cycle, are first used in a function fitting to derive the PPI Seasonal Trajectories, which is a filtered time series with regular 10-day time step. From these Seasonal Trajectories, a suite of 13 Vegetation Phenology and Productivity (VPP) parameters are then computed and provided, for up to two seasons each year. The Seasonal Productivity is one of the 13 parameters.##The Quality Flag (QFLAG) is a quality indicator for the above set of 13 Vegetation Phenology and Productivity (VPP) parameters and provides a confidence level, that is described in table 4 of the same manual.##The QFLAG dataset is made available as raster files with 10 x 10m resolution, in UTM/WGS84 projection corresponding to the Sentinel-2 tiling grid, for those tiles that cover the EEA38 countries and the United Kingdom and for two seasons in each year from 2017 onwards. It is updated in the first quarter of each year.|Vegetation Phenology and Productivity parameters (VPP) are based on Plant Phenology Index (PPI) seasonal trajectories and are yearly produced for two seasons using the Timesat software. The number of available, clear-sky observations in the green up, green peak and green-down parts of each season is used to determine a confidence level for the VPP parameter retrieval. This quality indicator is provided in the Quality Flag.
65f095af-5225-490b-8a29-4500d4c31b8a|This metadata refers to the Plant Phenology Index (PPI) dataset, one of the near real-time (NRT) Vegetation Index products of the pan-European High Resolution Vegetation Phenology and Productivity (HR-VPP), component of the Copernicus Land Monitoring Service (CLMS).##The Plant Phenology Index (PPI) is a physically based vegetation index for improved monitoring of plant phenology, that is developed from a simplified solution to the radiative transfer equation by Jin and Eklundh (2014). PPI has a linear relationship with green leaf area index, a strong correlation with gross primary productivity, and is capable of disentangling remotely sensed plant phenology from snow seasonality. It is reported to be superior to other indices for spring phenology retrieval over the northern latitudes and for GPP estimation in African semi-arid ecosystems. Comparison of satellite-derived PPI to ground observations of plant phenology and gross primary productivity (GPP) shows strong similarity of temporal patterns over several Nordic boreal forest sites.# #The PPI dataset is made available as raster files with 10 x 10m resolution, in UTM/WGS84 projection corresponding to the Sentinel-2 tiling grid, for those tiles that cover the EEA38 countries and the United Kingdom and for the period from October 2016 until today, with daily updates.##Each file has an associated quality indicator (QFLAG2) to assist users with the screening of clouds, shadows from clouds and topography, snow and water surfaces.|Comprehensive information about the product and its documentation can be accessed by following the links provided in the Links section.
886b22ee-b16c-4f7e-a82c-5c905a89f896|This metadata refers to the Fraction of Absorbed Photosynthetically Active Radiation (FAPAR) dataset, one of the near real-time (NRT) Vegetation Index products of the pan-European High Resolution Vegetation Phenology and Productivity (HR-VPP), component of the Copernicus Land Monitoring Service (CLMS).##The Fraction of Absorbed Photosynthetically Active Radiation (FAPAR) quantifies the fraction of the solar radiation absorbed by live leaves for the photosynthesis activity. Then, it refers only to the green and alive elements of the canopy. The FAPAR depends on the canopy structure, vegetation element optical properties, and illumination conditions. # #The FAPAR dataset is made available as raster files with 10 x 10m resolution, in UTM/WGS84 projection corresponding to the Sentinel-2 tiling grid, for those tiles that cover the EEA38 countries and the United Kingdom and for the period from October 2016 until today, with daily updates.##Each file has an associated quality indicator (QFLAG2) to assist users with the screening of clouds, shadows from clouds and topography, snow and water surfaces.|Comprehensive information about the product and its documentation can be accessed by following the links provided in the Links section.
5ae0f2a2-7ad8-4f7c-878d-f1b09d78d7a1|The Seasonal Productivity (SPROD), one of the Vegetation Phenology and Productivity (VPP) parameters, is a product of the pan-European High Resolution Vegetation Phenology and Productivity (HR-VPP) component of the Copernicus Land Monitoring Service (CLMS).##The Seasonal Productivity (SPROD), or small integral, is the growing season integral that is computed as the sum of all daily Plant Phenology Index (PPI) values between the dates of the season start (SOSD) and end (EOSD), minus their base level value.##The Plant Phenology Index (PPI) is a physically based vegetation index, developed for improving the monitoring of the vegetation growth cycle. The PPI index values, with 5-day satellite revisit cycle, are first used in a function fitting to derive the PPI Seasonal Trajectories, which is a filtered time series with regular 10-day time step. From these Seasonal Trajectories, a suite of 13 Vegetation Phenology and Productivity (VPP) parameters are then computed and provided, for up to two seasons each year. The Seasonal Productivity is one of the 13 parameters.##A complementary quality indicator (QFLAG) provides a confidence level, that is described in table 4 of the same manual.##The SPROD dataset is made available as raster files with 10 x 10m resolution, in UTM/WGS84 projection corresponding to the Sentinel-2 tiling grid, for those tiles that cover the EEA38 countries and the United Kingdom and for two seasons in each year from 2017 onwards. It is updated in the first quarter of each year.|Vegetation Phenology and Productivity parameters (VPP) are based on Plant Phenology Index (PPI) seasonal trajectories and are yearly produced for two seasons using the Timesat software. One of the parameters is the Seasonal Productivity (SPROD): the growing season integral that is computed as the sum of all daily PPI values between the dates of the season start (SOSD) and end (EOSD), minus their base level value.
c8ebe58d-c91d-4a79-a9e4-1b5570708e05|This metadata refers to the Quality Flag (QFLAG2) dataset, one of the near real-time (NRT) Vegetation Index products of the pan-European High Resolution Vegetation Phenology and Productivity (HR-VPP), component of the Copernicus Land Monitoring Service (CLMS).##The Quality Flag (QFLAG2) is a quality indicator that assists users with the screening of clouds, shadows from clouds and topography, other dark areas, snow and water surfaces in their analysis of the four related Vegetation Indices datasets: the Plant Phenology Index (PPI), the Normalized Difference Vegetation Index (NDVI), the Leaf Area Index (LAI) and the Fraction of Absorbed Photosynthetically Active Radiation (FAPAR).# #The QFLAG2 dataset is made available as raster files with 10 x 10m resolution, in UTM/WGS84 projection corresponding to the Sentinel-2 tiling grid, for those tiles that cover the EEA38 countries and the United Kingdom and for the period from October 2016 until today, with daily updates.|Comprehensive information about the product and its documentation can be accessed by following the links provided in the Links section.
56e4b64c-1834-4c65-a6f5-ade7af18cb4b|The Quality Flag of the PPI Seasonal Trajectories is one of the products of the pan-European High Resolution Vegetation Phenology and Productivity (HR-VPP) component of the Copernicus Land Monitoring Service (CLMS).##The Plant Phenology Index (PPI) is a physically based vegetation index for improved monitoring of plant phenology, that is developed from a simplified solution to the radiative transfer equation by Jin and Eklundh (2014) and that has a linear relationship with green leaf area index. The PPI Seasonal Trajectories (ST) product is derived from a TIMESAT-based function fitting of the time series of the PPI vegetation index and thus provides a filtered time series of Plant Phenology Index (PPI), with regular 10-day time step. The Quality Flag indicates the quality of the PPI seasonal trajectory computation, in the form of a confidence level.##The QFLAG dataset is made available as raster files with 10 x 10m resolution, in UTM/WGS84 projection corresponding to the Sentinel-2 tiling grid, for those tiles that cover the EEA38 countries and the United Kingdom and for the period from 2017 until today. It is updated in the first quarter of each year.|Comprehensive information about the product and its documentation can be accessed by following the links provided in the Links section.
8174a95b-29ad-4d9c-95e7-a1e0a6d94aca|This metadata refers to the Leaf Area Index (LAI) dataset, one of the near real-time (NRT) Vegetation Index products of the pan-European High Resolution Vegetation Phenology and Productivity (HR-VPP), component of the Copernicus Land Monitoring Service (CLMS).##The Leaf Area Index (LAI) is defined as half the total area of green elements of the canopy per unit horizontal ground area. ##The satellite-derived value corresponds to the total green LAI of all the canopy layers, including the understory which may represent a very significant contribution, particularly for forests.# #The LAI dataset is made available as raster files with 10 x 10m resolution, in UTM/WGS84 projection corresponding to the Sentinel-2 tiling grid, for those tiles that cover the EEA38 countries and the United Kingdom and for the period from October 2016 until today, with daily updates.##Each file has an associated quality indicator (QFLAG2) to assist users with the screening of clouds, shadows from clouds and topography, snow and water surfaces.|Comprehensive information about the product and its documentation can be accessed by following the links provided in the Links section.
5d5f72ce-80bc-4c90-80ed-f135596533e2|This metadata refers to the Normalized Difference Vegetation Index (NDVI) dataset, one of the near real-time (NRT) Vegetation Index products of the pan-European High Resolution Vegetation Phenology and Productivity (HR-VPP), component of the Copernicus Land Monitoring Service (CLMS).##The Normalized Difference Vegetation Index (NDVI) is a widely used, dimensionless vegetation index that is indicative for vegetation density. It is defined as NDVI=(NIR-Red)/(NIR+Red) where NIR corresponds to the reflectance in the near infrared band, and Red to the reflectance in the red bands.# #The NDVI dataset is made available as raster files with 10 x 10m resolution, in UTM/WGS84 projection corresponding to the Sentinel-2 tiling grid, for those tiles that cover the EEA38 countries and the United Kingdom and for the period from October 2016 until today, with daily updates.##Each file has an associated quality indicator (QFLAG2) to assist users with the screening of clouds, shadows from clouds and topography, snow and water surfaces.|Comprehensive information about the product and its documentation can be accessed by following the links provided in the Links section.
cab8b304-dba6-451a-80b1-d146f2017709|The Slope of the green-up period (Left Slope, LSLOPE), one of the Vegetation Phenology and Productivity (VPP) parameters, is a product of the pan-European High Resolution Vegetation Phenology and Productivity (HR-VPP) component of the Copernicus Land Monitoring Service (CLMS).##The slope of the green-up period (LSLOPE) expresses the rate of change in the values of the Plant Phenology Index (PPI) at the day when the vegetation growing season starts.##The Plant Phenology Index (PPI) is a physically based vegetation index, developed for improving the monitoring of the vegetation growth cycle. The PPI index values, with 5-day satellite revisit cycle, are first used in a function fitting to derive the PPI Seasonal Trajectories, which is a filtered time series with regular 10-day time step. From these Seasonal Trajectories, a suite of 13 Vegetation Phenology and Productivity (VPP) parameters are then computed and provided, for up to two seasons each year. The green-up period slope is one of the 13 parameters. The full list is available in the table 3 of the Product User Manual in the below link section.#A complementary quality indicator (QFLAG) provides a confidence level, that is described in table 4 of the same manual.##The LSLOPE dataset is made available as raster files with 10 x 10m and 100 x 100m resolutions, in ETRS89-LAEA projection corresponding to the HRL grid, for those tiles that cover the EEA38 countries and the United Kingdom and for two seasons in each year from 2017 onwards. It is updated in the first quarter of each year.|Vegetation Phenology and Productivity parameters (VPP) are based on Plant Phenology Index (PPI) seasonal trajectories and are yearly produced for two seasons using the Timesat software. One of the parameters is the slope of the green-up period (Left Slope - LSLOPE), that expresses the rate of PPI value change at the day when the growing season starts. The date and PPI value for the season start are available as well.#The data is natively produced in UTM projection, at 10m resolution, and then reprojected to ETRS89-LAEA (EPSG:3035) and resampled to 100m.
88ea692c-d3df-40d2-b8f1-2447f0230121|The Quality Flag (QFLAG), one of the Vegetation Phenology and Productivity (VPP) parameters, is a product of the pan-European High Resolution Vegetation Phenology and Productivity (HR-VPP) component of the Copernicus Land Monitoring Service (CLMS).##The Plant Phenology Index (PPI) is a physically based vegetation index, developed for improving the monitoring of the vegetation growth cycle. The PPI index values, with 5-day satellite revisit cycle, are first used in a function fitting to derive the PPI Seasonal Trajectories, which is a filtered time series with regular 10-day time step. From these Seasonal Trajectories, a suite of 13 Vegetation Phenology and Productivity (VPP) parameters are then computed and provided, for up to two seasons each year. The Seasonal Productivity is one of the 13 parameters. The full list is available in the table 3 of the Product User Manual in the below link section.##The Quality Flag (QFLAG) is a quality indicator for the above set of 13 Vegetation Phenology and Productivity (VPP) parameters and provides a confidence level, that is described in table 4 of the same manual.##The QFLAG dataset is made available as raster files with 10 x 10m and 100 x 100m resolutions, in ETRS89-LAEA projection corresponding to the HRL grid, for those tiles that cover the EEA38 countries and the United Kingdom and for two seasons in each year from 2017 onwards. It is updated in the first quarter of each year.|Vegetation Phenology and Productivity parameters (VPP) are based on Plant Phenology Index (PPI) seasonal trajectories and are yearly produced for two seasons using the Timesat software. The number of available, clear-sky observations in the green up, green peak and green-down parts of each season is used to determine a confidence level for the VPP parameter retrieval. This quality indicator is provided in the Quality Flag.#The data is natively produced in UTM projection, at 10m resolution, and then reprojected to ETRS89-LAEA (EPSG:3035) and resampled to 100m.
d2b3b0fb-5cf8-4a20-815d-be51704b1557|The Total Productivity (TPROD), one of the Vegetation Phenology and Productivity (VPP) parameters, is a product of the pan-European High Resolution Vegetation Phenology and Productivity (HR-VPP) component of the Copernicus Land Monitoring Service (CLMS).##The Total Productivity (TPROD), or large integral, is the growing season integral computed as the sum of all daily Plant Phenology Index values between the dates of the season start (SOSD) and end (EOSD). ##The Plant Phenology Index (PPI) is a physically based vegetation index, developed for improving the monitoring of the vegetation growth cycle. The PPI index values, with 5-day satellite revisit cycle, are first used in a function fitting to derive the PPI Seasonal Trajectories, which is a filtered time series with regular 10-day time step. From these Seasonal Trajectories, a suite of 13 Vegetation Phenology and Productivity (VPP) parameters are then computed and provided, for up to two seasons each year. The Total Productivity is one of the 13 parameters. The full list is available in the table 3 of the Product User Manual in the below link section.##A complementary quality indicator (QFLAG) provides a confidence level, that is described in table 4 of the same manual.##The TPROD dataset is made available as raster files with 10 x 10m and 100 x 100m resolutions, in ETRS89-LAEA projection corresponding to the HRL grid, for those tiles that cover the EEA38 countries and the United Kingdom and for two seasons in each year from 2017 onwards. It is updated in the first quarter of each year.|Vegetation Phenology and Productivity parameters (VPP) are based on Plant Phenology Index (PPI) seasonal trajectories and are yearly produced for two seasons using the Timesat software. One of the parameters is the Total Productivity (TPROD): the growing season integral computed as the sum of all daily PPI values between the dates of the season start (SOSD) and end (EOSD).#The data is natively produced in UTM projection, at 10m resolution, and then reprojected to ETRS89-LAEA (EPSG:3035) and resampled to 100m.
a4fdb695-e3b7-4a9d-bba9-47b8a654e484|The Start-of-Season Value (SOSV), one of the Vegetation Phenology and Productivity (VPP) parameters, is a product of the pan-European High Resolution Vegetation Phenology and Productivity (HR-VPP) component of the Copernicus Land Monitoring Service (CLMS).##The Start-of-Season Value (SOSV) provides the value of the Plant Phenology Index (PPI) at the start of the vegetation growing season. ##The Plant Phenology Index (PPI) is a physically based vegetation index, developed for improving the monitoring of the vegetation growth cycle. The PPI index values, with 5-day satellite revisit cycle, are first used in a function fitting to derive the PPI Seasonal Trajectories, which is a filtered time series with regular 10-day time step. From these Seasonal Trajectories, a suite of 13 Vegetation Phenology and Productivity (VPP) parameters are then computed and provided, for up to two seasons each year. The Start-of-Season Value is one of the 13 parameters. The full list is available in the table 3 of the Product User Manual in the below link section.#A complementary quality indicator (QFLAG) provides a confidence level, that is described in table 4 of the same manual.##The SOSV dataset is made available as raster files with 10 x 10m and 100 x 100m resolutions, in ETRS89-LAEA projection corresponding to the HRL grid, for those tiles that cover the EEA38 countries and the United Kingdom and for two seasons in each year from 2017 onwards. It is updated in the first quarter of each year.|Vegetation Phenology and Productivity parameters (VPP) are based on Plant Phenology Index (PPI) seasonal trajectories and are yearly produced for two seasons using the Timesat software. One of the parameters is PPI value at the start date of the vegetation growing season (Start-of-Season Value - SOSV). The related date and slope (rate of PPI value change) at start-of-season are available as well.#The data is natively produced in UTM projection, at 10m resolution, and then reprojected to ETRS89-LAEA (EPSG:3035) and resampled to 100m.
9d63441b-0ce1-4ef6-a4fa-ecab6af8d506|The Start-of-Season Date (SOSD), one of the Vegetation Phenology and Productivity (VPP) parameters, is a product of the pan-European High Resolution Vegetation Phenology and Productivity (HR-VPP) component of the Copernicus Land Monitoring Service (CLMS).##The Start-of-Season Date (SOSD) marks the date when the vegetation growing season starts in the time profile of the Plant Phenology Index (PPI). The start-of-season occurs, by definition, when the PPI value reaches 25% of the season amplitude during the green-up period.##The Plant Phenology Index (PPI) is a physically based vegetation index, developed for improving the monitoring of the vegetation growth cycle. The PPI index values, with 5-day satellite revisit cycle, are first used in a function fitting to derive the PPI Seasonal Trajectories, which is a filtered time series with regular 10-day time step. From these Seasonal Trajectories, a suite of 13 Vegetation Phenology and Productivity (VPP) parameters are then computed and provided, for up to two seasons each year. The Start-of-Season Date is one of the 13 parameters. The full list is available in the table 3 of the Product User Manual in the below link section.##A complementary quality indicator (QFLAG) provides a confidence level, that is described in table 4 of the same manual.##The SOSD dataset is made available as raster files with 10 x 10m and 100 x 100m resolutions, in ETRS89-LAEA projection corresponding to the HRL grid, for those tiles that cover the EEA38 countries and the United Kingdom and for two seasons in each year from 2017 onwards. It is updated in the first quarter of each year.|Vegetation Phenology and Productivity parameters (VPP) are based on Plant Phenology Index (PPI) seasonal trajectories and are yearly produced for two seasons using the Timesat software. One of the parameters is the start date of the vegetation growing season (Start-of-Season Date - SOSD). The related PPI value and slope (rate of PPI change) for this date are available as well.#The data is natively produced in UTM projection, at 10m resolution, and then reprojected to ETRS89-LAEA (EPSG:3035) and resampled to 100m.
6bea97c5-3295-4acf-af2a-c71d878d4547|The slope of the green-down or senescent period (Right Slope, RSLOPE), one of the Vegetation Phenology and Productivity (VPP) parameters, is a product of the pan-European High Resolution Vegetation Phenology and Productivity (HR-VPP) component of the Copernicus Land Monitoring Service (CLMS).##The slope of the green-down or senescent period (RSLOPE) expresses the rate of change in the values of the Plant Phenology Index (PPI) at the day when the vegetation growing season ends.##The Plant Phenology Index (PPI) is a physically based vegetation index, developed for improving the monitoring of the vegetation growth cycle. The PPI index values, with 5-day satellite revisit cycle, are first used in a function fitting to derive the PPI Seasonal Trajectories, which is a filtered time series with regular 10-day time step. From these Seasonal Trajectories, a suite of 13 Vegetation Phenology and Productivity (VPP) parameters are then computed and provided, for up to two seasons each year. The green-down period slope is one of the 13 parameters. The full list is available in the table 3 of the Product User Manual in the below link section.##A complementary quality indicator (QFLAG) provides a confidence level, that is described in table 4 of the same manual.##The RSLOPE dataset is made available as raster files with 10 x 10m and 100 x 100m resolutions, in ETRS89-LAEA projection corresponding to the HRL grid, for those tiles that cover the EEA38 countries and the United Kingdom and for two seasons in each year from 2017 onwards. It is updated in the first quarter of each year.|Vegetation Phenology and Productivity parameters (VPP) are based on Plant Phenology Index (PPI) seasonal trajectories and are yearly produced for two seasons using the Timesat software. One of the parameters is the slope of the green-down period (Right Slope - RSLOPE), that expresses the slope or rate of change in the PPI vegetation index values at the day when the season ends. The date and PPI value for the season end are available as well.#The data is natively produced in UTM projection, at 10m resolution, and then reprojected to ETRS89-LAEA (EPSG:3035) and resampled to 100m.
2aad7646-6f5d-4825-9443-463539131341|The Quality Flag of the PPI Seasonal Trajectories is one of the products of the pan-European High Resolution Vegetation Phenology and Productivity (HR-VPP) component of the Copernicus Land Monitoring Service (CLMS).##The Plant Phenology Index (PPI) is a physically based vegetation index for improved monitoring of plant phenology, that is developed from a simplified solution to the radiative transfer equation by Jin and Eklundh (2014) and that has a linear relationship with green leaf area index. The PPI Seasonal Trajectories (ST) product is derived from a TIMESAT-based function fitting of the time series of the PPI vegetation index and thus provides a filtered time series of Plant Phenology Index (PPI), with regular 10-day time step. The Quality Flag indicates the quality of the PPI seasonal trajectory computation, in the form of a confidence level.##The QFLAG dataset is made available as raster files with 10 x 10m and 100 x 100m resolutions, in ETRS89-LAEA projection corresponding to the HRL grid, for those tiles that cover the EEA38 countries and the United Kingdom and for two seasons in each year from 2017 onwards. It is updated in the first quarter of each year.|The PPI Seasonal Trajectories are computed from the raw, daily Plant Phenology Index data, by function fitting in the Timesat software. This Quality Flag indicates the quality of this computation.#The data is natively produced in UTM projection, at 10m resolution, and then reprojected to ETRS89-LAEA (EPSG:3035) and resampled to 100m.
e8412853-657d-42cf-a7bc-14b5d6fae61f|The Seasonal Productivity (SPROD), one of the Vegetation Phenology and Productivity (VPP) parameters, is a product of the pan-European High Resolution Vegetation Phenology and Productivity (HR-VPP) component of the Copernicus Land Monitoring Service (CLMS).##The Seasonal Productivity (SPROD), or small integral, is the growing season integral that is computed as the sum of all daily Plant Phenology Index (PPI) values between the dates of the season start (SOSD) and end (EOSD), minus their base level value.##The Plant Phenology Index (PPI) is a physically based vegetation index, developed for improving the monitoring of the vegetation growth cycle. The PPI index values, with 5-day satellite revisit cycle, are first used in a function fitting to derive the PPI Seasonal Trajectories, which is a filtered time series with regular 10-day time step. From these Seasonal Trajectories, a suite of 13 Vegetation Phenology and Productivity (VPP) parameters are then computed and provided, for up to two seasons each year. The Seasonal Productivity is one of the 13 parameters. The full list is available in the table 3 of the Product User Manual in the below link section.#A complementary quality indicator (QFLAG) provides a confidence level, that is described in table 4 of the same manual.##The SPROD dataset is made available as raster files with 10 x 10m and 100 x 100m resolutions, in ETRS89-LAEA projection corresponding to the HRL grid, for those tiles that cover the EEA38 countries and the United Kingdom and for two seasons in each year from 2017 onwards. It is updated in the first quarter of each year.|Vegetation Phenology and Productivity parameters (VPP) are based on Plant Phenology Index (PPI) seasonal trajectories and are yearly produced for two seasons using the Timesat software. One of the parameters is the Seasonal Productivity (SPROD): the growing season integral that is computed as the sum of all daily PPI values between the dates of the season start (SOSD) and end (EOSD), minus their base level value.#The data is natively produced in UTM projection, at 10m resolution, and then reprojected to ETRS89-LAEA (EPSG:3035) and resampled to 100m.
ab21fde6-c1e7-4b79-86cd-31de9692b4ea|The Minimum Value (MINV), one of the Vegetation Phenology and Productivity (VPP) parameters, is a product of the pan-European High Resolution Vegetation Phenology and Productivity (HR-VPP) component of the Copernicus Land Monitoring Service (CLMS).##The Minimum Value (MINV) is the average Plant Phenology Index (PPI) value of the minima before the growing season.##The Plant Phenology Index (PPI) is a physically based vegetation index, developed for improving the monitoring of the vegetation growth cycle. The PPI index values, with 5-day satellite revisit cycle, are first used in a function fitting to derive the PPI Seasonal Trajectories, which is a filtered time series with regular 10-day time step. From these Seasonal Trajectories, a suite of 13 Vegetation Phenology and Productivity (VPP) parameters are then computed and provided, for up to two seasons each year. The Minimum Value is one of the 13 parameters. The full list is available in the table 3 of the Product User Manual in the below link section.##A complementary quality indicator (QFLAG) provides a confidence level, that is described in table 4 of the same manual.##The MINV dataset is made available as raster files with 10 x 10m and 100 x 100m resolutions, in ETRS89-LAEA projection corresponding to the HRL grid, for those tiles that cover the EEA38 countries and the United Kingdom and for two seasons in each year from 2017 onwards. It is updated in the first quarter of each year.|Vegetation Phenology and Productivity parameters (VPP) are based on Plant Phenology Index (PPI) seasonal trajectories and are yearly produced for two seasons using the Timesat software. One of the parameters is the average PPI value of minima before the growing season (Minimum Value - MINV).#The data is natively produced in UTM projection, at 10m resolution, and then reprojected to ETRS89-LAEA (EPSG:3035) and resampled to 100m.
9590dbe9-cbd6-40ff-9974-6d84bbfe2880|The Season Maximum Value (MAXV), one of the Vegetation Phenology and Productivity (VPP) parameters, is a product of the pan-European High Resolution Vegetation Phenology and Productivity (HR-VPP) component of the Copernicus Land Monitoring Service (CLMS).##The Season Maximum Value (MAXV) provides the maximum (peak) value that the Plant Phenology Index (PPI) reaches during the vegetation growing season. ##The Plant Phenology Index (PPI) is a physically based vegetation index, developed for improving the monitoring of the vegetation growth cycle. The PPI index values, with 5-day satellite revisit cycle, are first used in a function fitting to derive the PPI Seasonal Trajectories, which is a filtered time series with regular 10-day time step. From these Seasonal Trajectories, a suite of 13 Vegetation Phenology and Productivity (VPP) parameters are then computed and provided, for up to two seasons each year. The Season Maximum Value is one of the 13 parameters. The full list is available in the table 3 of the Product User Manual in the below link section.##A complementary quality indicator (QFLAG) provides a confidence level, that is described in table 4 of the same manual.##The MAXV dataset is made available as raster files with 10 x 10m resolutionand 100 x 100m resolutions, in ETRS89-LAEA projection corresponding to the HRL grid, for those tiles that cover the EEA38 countries and the United Kingdom and for two seasons in each year from 2017 onwards. It is updated in the first quarter of each year.|Vegetation Phenology and Productivity parameters (VPP) are based on Plant Phenology Index (PPI) seasonal trajectories and are yearly produced for two seasons using the Timesat software. One of the parameters is the PPI value at the maximum (peak) of the vegetation growing season (Season Maximum Value - MAXV). The related date when the maximum is reached and the season minimum value are available as well.#The data is natively produced in UTM projection, at 10m resolution, and then reprojected to ETRS89-LAEA (EPSG:3035) and resampled to 100m.
31c27948-6196-4d92-81c8-4f1a733f7fa3|The Season Maximum Date (MAXD), one of the Vegetation Phenology and Productivity (VPP) parameters, is a product of the pan-European High Resolution Vegetation Phenology and Productivity (HR-VPP) component of the Copernicus Land Monitoring Service (CLMS).##The Season Maximum Date (MAXD) is the date in the vegetation growing season when the maximum Plant Phenology Index (PPI) value is reached.##The Plant Phenology Index (PPI) is a physically based vegetation index, developed for improving the monitoring of the vegetation growth cycle. The PPI index values, with 5-day satellite revisit cycle, are first used in a function fitting to derive the PPI Seasonal Trajectories, which is a filtered time series with regular 10-day time step. From these Seasonal Trajectories, a suite of 13 Vegetation Phenology and Productivity (VPP) parameters are then computed and provided, for up to two seasons each year. The Season Maximum Date is one of the 13 parameters. The full list is available in the table 3 of the Product User Manual in the below link section.#A complementary quality indicator (QFLAG) provides a confidence level, that is described in table 4 of the same manual.##The MAXD dataset is made available as raster files with 10 x 10m and 100 x 100m resolutions, in ETRS89-LAEA projection corresponding to the HRL grid, for those tiles that cover the EEA38 countries and the United Kingdom and for two seasons in each year from 2017 onwards. It is updated in the first quarter of each year.|Vegetation Phenology and Productivity parameters (VPP) are based on Plant Phenology Index (PPI) seasonal trajectories and are yearly produced for two seasons using the Timesat software. One of the parameters is the date in the vegetation growing season when the maximum PPI value is reached (Season Maximum Date - MAXD). The related PPI value for this date and season minimum value are available as well.#The data is natively produced in UTM projection, at 10m resolution, and then reprojected to ETRS89-LAEA (EPSG:3035) and resampled to 100m.
1fadf75b-d3dd-40eb-a87d-59244f72d318|The Season Length (LENGTH), one of the Vegetation Phenology and Productivity (VPP) parameters, is a product of the pan-European High Resolution Vegetation Phenology and Productivity (HR-VPP) component of the Copernicus Land Monitoring Service (CLMS).##The Season Length is the number of days between the start and end dates of the vegetation growing season in the time profile of the Plant Phenology Index (PPI).##The Plant Phenology Index (PPI) is a physically based vegetation index, developed for improving the monitoring of the vegetation growth cycle. The PPI index values, with 5-day satellite revisit cycle, are first used in a function fitting to derive the PPI Seasonal Trajectories, which is a filtered time series with regular 10-day time step. From these Seasonal Trajectories, a suite of 13 Vegetation Phenology and Productivity (VPP) parameters are then computed and provided, for up to two seasons each year. The Season Length is one of the 13 parameters. The full list is available in the table 3 of the Product User Manual in the below link section.##A complementary quality indicator (QFLAG) provides a confidence level, that is described in table 4 of the same manual.##The LENGTH dataset is made available as raster files with 10 x 10m and 100 x 100m resolutions, in ETRS89-LAEA projection corresponding to the HRL grid, for those tiles that cover the EEA38 countries and the United Kingdom and for two seasons in each year from 2017 onwards. It is updated in the first quarter of each year.|Vegetation Phenology and Productivity parameters (VPP) are based on Plant Phenology Index (PPI) seasonal trajectories and are yearly produced for two seasons using the Timesat software. One of the parameters is the the number of days between the start and end dates of the vegetation growing season (season length - LENGTH). The related start and end dates and the PPI values for those dates are available as well.#The data is natively produced in UTM projection, at 10m resolution, and then reprojected to ETRS89-LAEA (EPSG:3035) and resampled to 100m.
ccda6ecb-9379-48a5-8f80-05cc400cae81|The Season Amplitude (AMPL), one of the Vegetation Phenology and Productivity (VPP) parameters, is a product of the pan-European High Resolution Vegetation Phenology and Productivity (HR-VPP) component of the Copernicus Land Monitoring Service (CLMS).##The Season Amplitude (AMPL) is the difference between the maximum and minimum Plant Phenology Index (PPI) values reached during the season. ##The Plant Phenology Index (PPI) is a physically based vegetation index, developed for improving the monitoring of the vegetation growth cycle. The PPI index values, with 5-day satellite revisit cycle, are first used in a function fitting to derive the PPI Seasonal Trajectories, which is a filtered time series with regular 10-day time step. From these Seasonal Trajectories, a suite of 13 Vegetation Phenology and Productivity (VPP) parameters are then computed and provided, for up to two seasons each year. The Amplitude is one of the 13 parameters. The full list is available in the table 3 of the Product User Manual in the below link section.##A complementary quality indicator (QFLAG) provides a confidence level, that is described in table 4 of the same manual. ##The AMPL dataset is made available as raster files with 10 x 10m and 100 x 100m resolutions, in ETRS89-LAEA projection corresponding to the HRL grid, for those tiles that cover the EEA38 countries and the United Kingdom and for two seasons in each year from 2017 onwards. It is updated in the first quarter of each year.|Vegetation Phenology and Productivity parameters (VPP) are based on Plant Phenology Index (PPI) seasonal trajectories and are yearly produced for two seasons using the Timesat software. One of the parameters is the Seasonal Amplitude (AMPL), the difference between the maximum PPI value of the season (MAXV, also referred to as peak value) and the minimum PPI value of the season (MINV, aka base Value). Both MINV and MAXV values are provided as well.#The data is natively produced in UTM projection, at 10m resolution, and then reprojected to ETRS89-LAEA (EPSG:3035) and resampled to 100m.
2d8ef180-584b-4283-929b-4e3af40c1847|This metadata refers to the Plant Phenology Index (PPI) Seasonal Trajectories, is one of the products of the pan-European High Resolution Vegetation Phenology and Productivity (HR-VPP) component of the Copernicus Land Monitoring Service (CLMS).##The Plant Phenology Index (PPI) is a physically based vegetation index for improved monitoring of plant phenology, that is developed from a simplified solution to the radiative transfer equation by Jin and Eklundh (2014) and that has a linear relationship with green leaf area index. The PPI Seasonal Trajectories (ST) product is derived from a TIMESAT-based function fitting of the time series of the PPI vegetation index and thus provides a filtered time series of Plant Phenology Index (PPI), with regular 10-day time step. ##The PPI dataset is made available as raster files with 10 x 10m resolution and 100 x 100m resolutions, in ETRS89-LAEA projection corresponding to the HRL grid, for those tiles that cover the EEA38 countries and the United Kingdom and for two seasons in each year from 2017 onwards. It is updated in the first quarter of each year.##Each file has an associated quality indicator (QFLAG) that provides a confidence level.|The PPI Seasonal Trajectories are computed from the raw, daily Plant Phenology Index data, by function fitting in the Timesat software.#The data is natively produced in UTM projection, at 10m resolution, and then reprojected to ETRS89-LAEA (EPSG:3035) and resampled to 100m.
370c65e6-99fd-4b10-acf2-a8342aec39c7|The End-of-Season Value (EOSV), one of the Vegetation Phenology and Productivity (VPP) parameters, is a product of the pan-European High Resolution Vegetation Phenology and Productivity (HR-VPP) component of the Copernicus Land Monitoring Service (CLMS).##The End-of-Season Value (EOSV) provides the value of the Plant Phenology Index (PPI) at the end of the vegetation growing season.##The Plant Phenology Index (PPI) is a physically based vegetation index, developed for improving the monitoring of the vegetation growth cycle. The PPI index values, with 5-day satellite revisit cycle, are first used in a function fitting to derive the PPI Seasonal Trajectories, which is a filtered time series with regular 10-day time step. From these Seasonal Trajectories, a suite of 13 Vegetation Phenology and Productivity (VPP) parameters are then computed and provided, for up to two seasons each year. The End-of-Season Value is one of the 13 parameters. The full list is available in the table 3 of the Product User Manual in the below link section.#A complementary quality indicator (QFLAG) provides a confidence level, that is described in table 4 of the same manual.##The EOSV dataset is made available as raster files with 10 x 10m and 100 x 100m resolutions, in ETRS89-LAEA projection corresponding to the HRL grid, for those tiles that cover the EEA38 countries and the United Kingdom and for two seasons in each year from 2017 onwards. It is updated in the first quarter of each year.|Vegetation Phenology and Productivity parameters (VPP) are based on Plant Phenology Index (PPI) seasonal trajectories and are yearly produced for two seasons using the Timesat software. One of the parameters is PPI value at the end date of the vegetation growing season (End-of-Season Value - EOSV). The related date and slope (rate of PPI value change) at end-of-season are available as well.#The data is natively produced in UTM projection, at 10m resolution, and then reprojected to ETRS89-LAEA (EPSG:3035) and resampled to 100m.
29d8f9a5-f7df-4da9-b9a6-c18e3d40adef|The End-of-Season Date (EOSD), one of the Vegetation Phenology and Productivity (VPP) parameters, is a product of the pan-European High Resolution Vegetation Phenology and Productivity (HR-VPP) component of the Copernicus Land Monitoring Service (CLMS).##The End-of-Season Date (EOSD) marks the date when the vegetation growing season ends in the time profile of the Plant Phenology Index (PPI). The end-of-season occurs, by definition, when the PPI value reaches 15% of the season amplitude during the green-down period.##The Plant Phenology Index (PPI) is a physically based vegetation index, developed for improving the monitoring of the vegetation growth cycle. The PPI index values, with 5-day satellite revisit cycle, are first used in a function fitting to derive the PPI Seasonal Trajectories, which is a filtered time series with regular 10-day time step. From these Seasonal Trajectories, a suite of 13 Vegetation Phenology and Productivity (VPP) parameters are then computed and provided, for up to two seasons each year. The End-of-Season Date is one of the 13 parameters. The full list is available in the table 3 of the Product User Manual in the below link section.##A complementary quality indicator (QFLAG) provides a confidence level, that is described in table 4 of the same manual.##The EOSD dataset is made available as raster files with 10 x 10m and 100 x 100m resolutions, in ETRS89-LAEA projection corresponding to the HRL grid, for those tiles that cover the EEA38 countries and the United Kingdom and for two seasons in each year from 2017 onwards. It is updated in the first quarter of each year.|Vegetation Phenology and Productivity parameters (VPP) are based on Plant Phenology Index (PPI) seasonal trajectories and are yearly produced for two seasons using the Timesat software. One of the parameters is the end date of the vegetation growing season (End-of-Season Date - EOSD). The related PPI value and slope (rate of PPI change) for this date are available as well.#The data is natively produced in UTM projection, at 10m resolution, and then reprojected to ETRS89-LAEA (EPSG:3035) and resampled to 100m.
